id_client,nb_transactions_mois,montant_moyen_fcfa,part_montant_recu,part_paiement_marchand,anciennete_mois,age,segment_reel
C50000,31.0,24700.0,0.193,0.392,22.0,35.0,salarie
C50001,20.0,30000.0,0.221,0.465,43.0,49.0,salarie
C50002,9.0,5400.0,0.089,0.083,19.0,38.0,petit_usage
C50003,1.0,10700.0,0.424,0.181,19.0,52.0,petit_usage
C50004,86.0,15000.0,0.448,0.593,36.0,33.0,commercant
C50005,7.0,2600.0,0.085,0.082,6.0,43.0,petit_usage
C50006,11.0,126400.0,0.847,0.019,23.0,58.0,diaspora
C50007,33.0,20900.0,0.17,0.516,11.0,31.0,salarie
C50008,9.0,133900.0,0.879,0.048,34.0,43.0,diaspora
C50009,33.0,19900.0,0.253,0.384,35.0,40.0,salarie
C50010,9.0,2600.0,0.515,0.063,5.0,26.0,petit_usage
C50011,10.0,88300.0,0.845,0.065,61.0,65.0,diaspora
C50012,30.0,17700.0,0.362,0.418,33.0,45.0,salarie
C50013,9.0,86100.0,0.846,0.0,31.0,60.0,diaspora
C50014,125.0,14300.0,0.44,0.606,39.0,25.0,commercant
C50015,65.0,20800.0,0.51,0.56,31.0,28.0,commercant
C50016,7.0,2000.0,0.433,0.038,10.0,33.0,petit_usage
C50017,8.0,69000.0,0.897,0.053,25.0,53.0,diaspora
C50018,2.0,4600.0,0.084,0.041,15.0,29.0,petit_usage
C50019,5.0,4800.0,0.284,0.048,6.0,35.0,petit_usage
C50020,4.0,3400.0,0.313,0.204,8.0,43.0,petit_usage
C50021,3.0,6000.0,0.514,0.138,15.0,19.0,petit_usage
C50022,110.0,19700.0,0.359,0.521,59.0,39.0,commercant
C50023,139.0,22500.0,0.654,0.555,47.0,26.0,commercant
C50024,1.0,1100.0,0.34,0.0,1.0,36.0,petit_usage
C50025,77.0,17600.0,0.598,0.701,43.0,37.0,commercant
C50026,96.0,36200.0,0.505,0.469,26.0,32.0,commercant
C50027,8.0,8500.0,0.201,0.014,10.0,43.0,petit_usage
C50028,6.0,2200.0,0.083,0.216,8.0,36.0,petit_usage
C50029,11.0,226200.0,0.996,0.068,16.0,33.0,diaspora
C50030,9.0,3600.0,0.438,0.119,19.0,37.0,petit_usage
C50031,9.0,2700.0,0.072,0.21,22.0,38.0,petit_usage
C50032,7.0,4600.0,0.334,0.106,2.0,35.0,petit_usage
C50033,6.0,8200.0,0.451,0.187,11.0,27.0,petit_usage
C50034,25.0,24400.0,0.291,0.225,2.0,29.0,salarie
C50035,105.0,12900.0,0.587,0.745,39.0,20.0,commercant
C50036,9.0,3400.0,0.328,0.0,7.0,33.0,petit_usage
C50037,36.0,32500.0,0.272,0.383,35.0,52.0,salarie
C50038,3.0,3500.0,0.344,0.221,19.0,52.0,petit_usage
C50039,47.0,18800.0,0.187,0.324,29.0,56.0,salarie
C50040,4.0,2500.0,0.383,0.097,9.0,33.0,petit_usage
C50041,11.0,174800.0,0.9,0.079,45.0,57.0,diaspora
C50042,79.0,29500.0,0.513,0.532,21.0,30.0,commercant
C50043,1.0,5400.0,0.372,0.168,19.0,35.0,petit_usage
C50044,2.0,2300.0,0.176,0.341,1.0,37.0,petit_usage
C50045,4.0,2500.0,0.286,0.163,9.0,31.0,petit_usage
C50046,8.0,1600.0,0.315,0.0,14.0,34.0,petit_usage
C50047,8.0,8000.0,0.145,0.083,5.0,24.0,petit_usage
C50048,5.0,106400.0,0.946,0.035,57.0,69.0,diaspora
C50049,10.0,121800.0,0.933,0.0,25.0,46.0,diaspora
C50050,108.0,8800.0,0.584,0.704,35.0,45.0,commercant
C50051,97.0,18900.0,0.497,0.525,15.0,29.0,commercant
C50052,1.0,500.0,0.415,0.185,23.0,37.0,petit_usage
C50053,5.0,4500.0,0.37,0.0,12.0,38.0,petit_usage
C50054,99.0,9700.0,0.49,0.475,25.0,44.0,commercant
C50055,6.0,3500.0,0.443,0.205,17.0,35.0,petit_usage
C50056,8.0,397700.0,0.959,0.049,54.0,72.0,diaspora
C50057,33.0,35900.0,0.291,0.299,28.0,23.0,salarie
C50058,38.0,40100.0,0.151,0.346,29.0,28.0,salarie
C50059,78.0,20100.0,0.51,0.539,41.0,30.0,commercant
C50060,83.0,15800.0,0.602,0.569,1.0,28.0,commercant
C50061,4.0,4800.0,0.438,0.133,10.0,42.0,petit_usage
C50062,22.0,25500.0,0.322,0.373,24.0,42.0,salarie
C50063,99.0,18600.0,0.604,0.674,28.0,36.0,commercant
C50064,4.0,126300.0,0.842,0.106,33.0,49.0,diaspora
C50065,4.0,3900.0,0.285,0.067,14.0,28.0,petit_usage
C50066,31.0,30000.0,0.219,0.398,35.0,35.0,salarie
C50067,43.0,23000.0,0.218,0.365,34.0,28.0,salarie
C50068,66.0,28100.0,0.639,0.733,33.0,47.0,commercant
C50069,13.0,2800.0,0.213,0.104,2.0,32.0,petit_usage
C50070,5.0,2600.0,0.401,0.06,1.0,32.0,petit_usage
C50071,48.0,22900.0,0.203,0.385,13.0,35.0,salarie
C50072,6.0,11700.0,0.407,0.22,9.0,31.0,petit_usage
C50073,1.0,2300.0,0.435,0.096,9.0,38.0,petit_usage
C50074,11.0,6400.0,0.297,0.053,1.0,40.0,petit_usage
C50075,4.0,8800.0,0.281,0.002,11.0,22.0,petit_usage
C50076,120.0,18200.0,0.533,0.537,69.0,20.0,commercant
C50077,56.0,23100.0,0.629,0.473,50.0,40.0,commercant
C50078,33.0,51000.0,0.233,0.468,27.0,19.0,salarie
C50079,7.0,69400.0,0.928,0.049,19.0,56.0,diaspora
C50080,6.0,3100.0,0.403,0.134,1.0,51.0,petit_usage
C50081,7.0,94400.0,0.903,0.0,51.0,47.0,diaspora
C50082,3.0,95200.0,0.83,0.068,35.0,65.0,diaspora
C50083,35.0,35400.0,0.322,0.439,23.0,53.0,salarie
C50084,11.0,101200.0,1.0,0.02,49.0,79.0,diaspora
C50085,70.0,22200.0,0.471,0.624,39.0,27.0,commercant
C50086,14.0,55600.0,0.097,0.245,24.0,46.0,salarie
C50087,31.0,15400.0,0.307,0.322,23.0,46.0,salarie
C50088,6.0,3100.0,0.222,0.192,13.0,29.0,petit_usage
C50089,34.0,10800.0,0.161,0.3,17.0,32.0,salarie
C50090,96.0,7300.0,0.498,0.515,34.0,48.0,commercant
C50091,31.0,13900.0,0.191,0.434,38.0,45.0,salarie
C50092,29.0,18300.0,0.245,0.42,31.0,23.0,salarie
C50093,1.0,3000.0,0.32,0.15,13.0,30.0,petit_usage
C50094,3.0,2700.0,0.159,0.162,14.0,45.0,petit_usage
C50095,65.0,13400.0,0.426,0.527,39.0,33.0,commercant
C50096,22.0,25800.0,0.313,0.334,26.0,28.0,salarie
C50097,14.0,15200.0,0.361,0.391,13.0,18.0,salarie
C50098,3.0,115200.0,0.913,0.028,42.0,39.0,diaspora
C50099,32.0,19100.0,0.232,0.2,43.0,39.0,salarie
C50100,16.0,111000.0,1.0,0.079,53.0,33.0,diaspora
C50101,10.0,81300.0,0.88,0.056,49.0,45.0,diaspora
C50102,57.0,18800.0,0.6,0.615,41.0,44.0,commercant
C50103,110.0,9300.0,0.6,0.668,56.0,46.0,commercant
C50104,29.0,16200.0,0.292,0.44,3.0,49.0,salarie
C50105,5.0,2800.0,0.204,0.142,1.0,35.0,petit_usage
C50106,76.0,16500.0,0.572,0.619,20.0,28.0,commercant
C50107,5.0,3900.0,0.248,0.162,20.0,44.0,petit_usage
C50108,9.0,5500.0,0.319,0.193,1.0,18.0,petit_usage
C50109,111.0,16500.0,0.404,0.6,34.0,53.0,commercant
C50110,22.0,23300.0,0.294,0.293,42.0,20.0,salarie
C50111,8.0,101700.0,0.92,0.072,20.0,47.0,diaspora
C50112,13.0,203600.0,0.946,0.074,32.0,37.0,diaspora
C50113,14.0,10200.0,0.269,0.381,34.0,41.0,salarie
C50114,29.0,36000.0,0.14,0.326,25.0,25.0,salarie
C50115,39.0,29100.0,0.343,0.401,29.0,28.0,salarie
C50116,10.0,215100.0,0.929,0.081,18.0,61.0,diaspora
C50117,13.0,4000.0,0.421,0.108,1.0,34.0,petit_usage
C50118,5.0,109700.0,0.973,0.05,39.0,64.0,diaspora
C50119,8.0,4600.0,0.335,0.099,10.0,41.0,petit_usage
C50120,93.0,13100.0,0.682,0.482,40.0,29.0,commercant
C50121,5.0,82100.0,0.917,0.064,34.0,46.0,diaspora
C50122,71.0,22000.0,0.486,0.514,55.0,30.0,commercant
C50123,68.0,12700.0,0.738,0.755,45.0,43.0,commercant
C50124,5.0,4300.0,0.457,0.145,9.0,43.0,petit_usage
C50125,84.0,19800.0,0.612,0.668,27.0,32.0,commercant
C50126,7.0,67300.0,0.936,0.016,41.0,53.0,diaspora
C50127,68.0,24200.0,0.714,0.434,33.0,45.0,commercant
C50128,29.0,20500.0,0.234,0.316,26.0,46.0,salarie
C50129,9.0,1600.0,0.294,0.196,17.0,28.0,petit_usage
C50130,77.0,24000.0,0.783,0.685,25.0,23.0,commercant
C50131,2.0,3100.0,0.267,0.067,11.0,42.0,petit_usage
C50132,5.0,2500.0,0.333,0.1,12.0,30.0,petit_usage
C50133,72.0,8300.0,0.567,0.594,38.0,27.0,commercant
C50134,3.0,95900.0,0.977,0.022,21.0,52.0,diaspora
C50135,79.0,18100.0,0.603,0.72,56.0,31.0,commercant
C50136,39.0,14800.0,0.177,0.448,52.0,44.0,salarie
C50137,9.0,2800.0,0.182,0.039,25.0,33.0,petit_usage
C50138,104.0,14500.0,0.53,0.647,45.0,32.0,commercant
C50139,5.0,3100.0,0.224,0.015,10.0,43.0,petit_usage
C50140,7.0,56500.0,0.932,0.115,66.0,58.0,diaspora
C50141,6.0,4200.0,0.221,0.007,11.0,27.0,petit_usage
C50142,5.0,69800.0,0.994,0.0,13.0,39.0,diaspora
C50143,6.0,84100.0,0.924,0.045,67.0,55.0,diaspora
C50144,6.0,1100.0,0.308,0.107,5.0,28.0,petit_usage
C50145,34.0,23000.0,0.175,0.331,17.0,35.0,salarie
C50146,4.0,4000.0,0.327,0.06,12.0,39.0,petit_usage
C50147,3.0,6600.0,0.387,0.1,11.0,18.0,petit_usage
C50148,17.0,7600.0,0.16,0.344,40.0,31.0,salarie
C50149,7.0,63800.0,0.847,0.057,15.0,27.0,diaspora
C50150,8.0,8300.0,0.205,0.035,14.0,35.0,petit_usage
C50151,4.0,4100.0,0.231,0.161,10.0,33.0,petit_usage
C50152,10.0,5500.0,0.366,0.0,15.0,30.0,petit_usage
C50153,2.0,63600.0,0.934,0.112,52.0,50.0,diaspora
C50154,29.0,15500.0,0.274,0.416,19.0,23.0,salarie
C50155,3.0,3300.0,0.242,0.036,1.0,18.0,petit_usage
C50156,20.0,11000.0,0.251,0.337,32.0,32.0,salarie
C50157,4.0,1700.0,0.386,0.122,17.0,29.0,petit_usage
C50158,42.0,10200.0,0.23,0.345,30.0,20.0,salarie
C50159,4.0,66700.0,1.0,0.047,57.0,52.0,diaspora
C50160,1.0,4000.0,0.276,0.035,10.0,41.0,petit_usage
C50161,26.0,34000.0,0.243,0.474,35.0,31.0,salarie
C50162,10.0,3500.0,0.099,0.082,10.0,32.0,petit_usage
C50163,7.0,5100.0,0.309,0.073,20.0,30.0,petit_usage
C50164,71.0,10500.0,0.589,0.536,61.0,45.0,commercant
C50165,31.0,34000.0,0.382,0.421,46.0,42.0,salarie
C50166,65.0,49400.0,0.49,0.711,43.0,36.0,commercant
C50167,2.0,14100.0,0.132,0.147,25.0,26.0,petit_usage
C50168,5.0,1300.0,0.074,0.048,15.0,20.0,petit_usage
C50169,36.0,25100.0,0.312,0.43,35.0,41.0,salarie
C50170,54.0,15700.0,0.458,0.735,40.0,28.0,commercant
C50171,10.0,4300.0,0.136,0.187,8.0,29.0,petit_usage
C50172,9.0,12600.0,0.439,0.183,13.0,42.0,petit_usage
C50173,95.0,25800.0,0.669,0.695,30.0,27.0,commercant
C50174,8.0,2900.0,0.451,0.126,2.0,39.0,petit_usage
C50175,7.0,4500.0,0.375,0.014,1.0,31.0,petit_usage
C50176,2.0,71200.0,0.946,0.004,19.0,53.0,diaspora
C50177,31.0,28000.0,0.072,0.291,40.0,47.0,salarie
C50178,7.0,4700.0,0.4,0.142,16.0,37.0,petit_usage
C50179,82.0,46400.0,0.494,0.657,35.0,30.0,commercant
C50180,7.0,2400.0,0.263,0.068,11.0,33.0,petit_usage
C50181,4.0,1800.0,0.358,0.052,23.0,25.0,petit_usage
C50182,29.0,14400.0,0.38,0.631,12.0,34.0,salarie
C50183,80.0,33600.0,0.71,0.66,39.0,23.0,commercant
C50184,3.0,2400.0,0.255,0.096,7.0,39.0,petit_usage
C50185,16.0,21000.0,0.274,0.444,29.0,41.0,salarie
C50186,3.0,8600.0,0.287,0.051,6.0,20.0,petit_usage
C50187,2.0,2500.0,0.278,0.129,6.0,39.0,petit_usage
C50188,92.0,28200.0,0.459,0.763,42.0,20.0,commercant
C50189,81.0,12500.0,0.587,0.751,30.0,24.0,commercant
C50190,49.0,16800.0,0.506,0.558,41.0,35.0,commercant
C50191,4.0,1900.0,0.148,0.119,5.0,40.0,petit_usage
C50192,7.0,6000.0,0.08,0.027,17.0,38.0,petit_usage
C50193,6.0,2600.0,0.454,0.134,6.0,35.0,petit_usage
C50194,3.0,4800.0,0.164,0.157,8.0,29.0,petit_usage
C50195,1.0,2700.0,0.254,0.192,4.0,18.0,petit_usage
C50196,11.0,60400.0,0.92,0.0,34.0,53.0,diaspora
C50197,29.0,26300.0,0.225,0.43,42.0,18.0,salarie
C50198,2.0,3700.0,0.166,0.087,13.0,28.0,petit_usage
C50199,6.0,119200.0,0.966,0.056,26.0,62.0,diaspora
C50200,84.0,27800.0,0.634,0.659,37.0,40.0,commercant
C50201,11.0,4300.0,0.533,0.011,13.0,24.0,petit_usage
C50202,34.0,29300.0,0.356,0.492,39.0,37.0,salarie
C50203,8.0,9800.0,0.262,0.167,17.0,26.0,petit_usage
C50204,66.0,37400.0,0.536,0.72,27.0,46.0,commercant
C50205,7.0,2500.0,0.433,0.084,12.0,18.0,petit_usage
C50206,6.0,3100.0,0.495,0.07,26.0,18.0,petit_usage
C50207,6.0,3400.0,0.235,0.143,13.0,47.0,petit_usage
C50208,9.0,4100.0,0.297,0.0,3.0,30.0,petit_usage
C50209,37.0,19100.0,0.373,0.461,15.0,51.0,salarie
C50210,7.0,4400.0,0.399,0.043,7.0,38.0,petit_usage
C50211,14.0,111500.0,0.87,0.071,29.0,54.0,diaspora
C50212,4.0,7600.0,0.324,0.109,13.0,23.0,petit_usage
C50213,32.0,19500.0,0.026,0.344,41.0,18.0,salarie
C50214,5.0,5900.0,0.529,0.152,8.0,20.0,petit_usage
C50215,119.0,16100.0,0.695,0.684,37.0,34.0,commercant
C50216,10.0,66600.0,0.905,0.024,45.0,58.0,diaspora
C50217,4.0,3800.0,0.348,0.193,7.0,27.0,petit_usage
C50218,8.0,3500.0,0.368,0.115,1.0,20.0,petit_usage
C50219,36.0,29100.0,0.216,0.388,20.0,34.0,salarie
C50220,40.0,29600.0,0.258,0.387,1.0,38.0,salarie
C50221,34.0,17300.0,0.308,0.382,12.0,26.0,salarie
C50222,8.0,4200.0,0.452,0.158,9.0,34.0,petit_usage
C50223,35.0,53700.0,0.286,0.432,55.0,50.0,salarie
C50224,20.0,47900.0,0.298,0.437,27.0,37.0,salarie
C50225,115.0,35100.0,0.372,0.588,26.0,41.0,commercant
C50226,10.0,78300.0,0.869,0.061,59.0,46.0,diaspora
C50227,75.0,12800.0,0.559,0.398,31.0,28.0,commercant
C50228,38.0,12700.0,0.257,0.446,44.0,38.0,salarie
C50229,36.0,41300.0,0.246,0.412,40.0,39.0,salarie
C50230,5.0,5700.0,0.17,0.063,9.0,25.0,petit_usage
C50231,6.0,2900.0,0.215,0.049,6.0,43.0,petit_usage
C50232,44.0,19300.0,0.289,0.304,51.0,18.0,salarie
C50233,22.0,13900.0,0.213,0.478,34.0,35.0,salarie
C50234,4.0,9000.0,0.343,0.12,5.0,32.0,petit_usage
C50235,1.0,4400.0,0.436,0.161,13.0,39.0,petit_usage
C50236,26.0,39800.0,0.342,0.409,10.0,40.0,salarie
C50237,9.0,84800.0,0.891,0.062,45.0,42.0,diaspora
C50238,3.0,3600.0,0.298,0.039,5.0,31.0,petit_usage
C50239,28.0,19900.0,0.16,0.461,20.0,18.0,salarie
C50240,30.0,22200.0,0.216,0.335,42.0,42.0,salarie
C50241,4.0,3800.0,0.096,0.232,8.0,32.0,petit_usage
C50242,4.0,2000.0,0.369,0.12,18.0,32.0,petit_usage
C50243,31.0,46900.0,0.227,0.354,39.0,35.0,salarie
C50244,5.0,1500.0,0.354,0.001,7.0,35.0,petit_usage
C50245,25.0,23500.0,0.125,0.292,27.0,28.0,salarie
C50246,11.0,7300.0,0.171,0.0,11.0,21.0,petit_usage
C50247,49.0,31400.0,0.45,0.58,45.0,42.0,commercant
C50248,44.0,15800.0,0.282,0.337,26.0,40.0,salarie
C50249,23.0,71300.0,0.234,0.471,31.0,44.0,salarie
C50250,26.0,17500.0,0.322,0.395,24.0,46.0,salarie
C50251,20.0,19200.0,0.12,0.416,3.0,37.0,salarie
C50252,25.0,7400.0,0.254,0.328,20.0,35.0,salarie
C50253,50.0,23300.0,0.202,0.329,36.0,32.0,salarie
C50254,6.0,6100.0,0.524,0.0,14.0,30.0,petit_usage
C50255,74.0,13900.0,0.505,0.539,67.0,52.0,commercant
C50256,17.0,111500.0,0.914,0.033,34.0,49.0,diaspora
C50257,6.0,3500.0,0.409,0.15,15.0,30.0,petit_usage
C50258,7.0,1800.0,0.177,0.0,25.0,59.0,petit_usage
C50259,132.0,14800.0,0.777,0.592,70.0,29.0,commercant
C50260,88.0,9500.0,0.454,0.647,56.0,39.0,commercant
C50261,2.0,2700.0,0.213,0.053,9.0,37.0,petit_usage
C50262,41.0,33900.0,0.093,0.516,11.0,45.0,salarie
C50263,32.0,19100.0,0.309,0.392,29.0,47.0,salarie
C50264,96.0,12300.0,0.525,0.583,26.0,30.0,commercant
C50265,77.0,24200.0,0.651,0.686,61.0,40.0,commercant
C50266,9.0,61500.0,0.976,0.067,31.0,60.0,diaspora
C50267,16.0,19000.0,0.288,0.29,14.0,18.0,salarie
C50268,73.0,13500.0,0.428,0.716,47.0,37.0,commercant
C50269,9.0,162700.0,0.917,0.047,64.0,70.0,diaspora
C50270,26.0,20100.0,0.308,0.34,37.0,23.0,salarie
C50271,5.0,3200.0,0.49,0.15,3.0,28.0,petit_usage
C50272,9.0,3200.0,0.206,0.146,10.0,40.0,petit_usage
C50273,23.0,18500.0,0.358,0.417,2.0,38.0,salarie
C50274,41.0,14400.0,0.209,0.333,19.0,40.0,salarie
C50275,7.0,3000.0,0.25,0.058,15.0,18.0,petit_usage
C50276,5.0,6900.0,0.2,0.059,5.0,26.0,petit_usage
C50277,44.0,39800.0,0.296,0.345,39.0,26.0,salarie
C50278,9.0,7600.0,0.211,0.069,17.0,31.0,petit_usage
C50279,17.0,18900.0,0.301,0.168,22.0,32.0,salarie
C50280,8.0,156200.0,0.907,0.03,13.0,45.0,diaspora
C50281,8.0,4600.0,0.27,0.02,15.0,18.0,petit_usage
C50282,85.0,14400.0,0.502,0.495,72.0,31.0,commercant
C50283,27.0,42300.0,0.186,0.377,31.0,18.0,salarie
C50284,71.0,16000.0,0.702,0.833,49.0,33.0,commercant
C50285,16.0,155800.0,0.978,0.096,84.0,62.0,diaspora
C50286,32.0,22000.0,0.293,0.208,56.0,31.0,salarie
C50287,8.0,1600.0,0.409,0.056,21.0,37.0,petit_usage
C50288,5.0,5600.0,0.196,0.095,19.0,30.0,petit_usage
C50289,1.0,1400.0,0.157,0.019,12.0,29.0,petit_usage
C50290,8.0,2000.0,0.387,0.0,1.0,38.0,petit_usage
C50291,82.0,28000.0,0.391,0.498,31.0,35.0,commercant
C50292,3.0,3000.0,0.209,0.129,10.0,46.0,petit_usage
C50293,8.0,800.0,0.316,0.173,10.0,33.0,petit_usage
C50294,31.0,28100.0,0.138,0.383,71.0,21.0,salarie
C50295,11.0,4800.0,0.226,0.054,9.0,26.0,petit_usage
C50296,7.0,182200.0,0.93,0.054,28.0,64.0,diaspora
C50297,89.0,14500.0,0.679,0.597,34.0,41.0,commercant
C50298,9.0,3300.0,0.357,0.0,11.0,54.0,petit_usage
C50299,1.0,8000.0,0.377,0.106,21.0,32.0,petit_usage
C50300,30.0,20400.0,0.135,0.369,39.0,59.0,salarie
C50301,33.0,100900.0,0.267,0.246,1.0,34.0,salarie
C50302,33.0,9200.0,0.154,0.324,30.0,48.0,salarie
C50303,90.0,17300.0,0.677,0.744,32.0,34.0,commercant
C50304,102.0,34800.0,0.545,0.484,57.0,38.0,commercant
C50305,25.0,15300.0,0.182,0.327,33.0,29.0,salarie
C50306,93.0,28400.0,0.558,0.631,37.0,34.0,commercant
C50307,8.0,12600.0,0.447,0.023,15.0,36.0,petit_usage
C50308,10.0,1900.0,0.271,0.054,4.0,25.0,petit_usage
C50309,90.0,16200.0,0.461,0.618,34.0,18.0,commercant
C50310,7.0,60500.0,0.942,0.067,40.0,38.0,diaspora
C50311,6.0,6800.0,0.268,0.046,1.0,37.0,petit_usage
C50312,107.0,19400.0,0.784,0.569,36.0,39.0,commercant
C50313,10.0,111800.0,0.896,0.084,40.0,44.0,diaspora
C50314,7.0,4300.0,0.311,0.093,2.0,29.0,petit_usage
C50315,27.0,20000.0,0.133,0.314,42.0,41.0,salarie
C50316,10.0,106500.0,0.868,0.0,58.0,57.0,diaspora
C50317,8.0,6100.0,0.186,0.078,13.0,54.0,petit_usage
C50318,9.0,73800.0,0.94,0.07,47.0,40.0,diaspora
C50319,8.0,2400.0,0.158,0.066,4.0,29.0,petit_usage
C50320,9.0,2500.0,0.4,0.116,9.0,30.0,petit_usage
C50321,83.0,23900.0,0.488,0.615,36.0,25.0,commercant
C50322,5.0,2100.0,0.352,0.104,10.0,18.0,petit_usage
C50323,5.0,10600.0,0.167,0.114,14.0,31.0,petit_usage
C50324,8.0,158200.0,0.95,0.037,30.0,52.0,diaspora
C50325,90.0,16500.0,0.627,0.529,45.0,34.0,commercant
C50326,5.0,4900.0,0.337,0.06,10.0,46.0,petit_usage
C50327,5.0,1500.0,0.346,0.156,10.0,28.0,petit_usage
C50328,4.0,10500.0,0.147,0.024,22.0,38.0,petit_usage
C50329,11.0,14600.0,0.308,0.293,16.0,45.0,petit_usage
C50330,19.0,17900.0,0.203,0.413,23.0,53.0,salarie
C50331,27.0,16100.0,0.282,0.334,36.0,43.0,salarie
C50332,1.0,5000.0,0.348,0.065,13.0,28.0,petit_usage
C50333,86.0,18700.0,0.554,0.561,37.0,30.0,commercant
C50334,40.0,18400.0,0.411,0.354,32.0,52.0,salarie
C50335,97.0,32900.0,0.427,0.377,21.0,37.0,commercant
C50336,15.0,102600.0,0.922,0.022,38.0,65.0,diaspora
C50337,41.0,11900.0,0.22,0.441,41.0,55.0,salarie
C50338,5.0,6500.0,0.377,0.195,12.0,27.0,petit_usage
C50339,75.0,35400.0,0.558,0.659,19.0,31.0,commercant
C50340,13.0,3400.0,0.401,0.136,3.0,39.0,petit_usage
C50341,12.0,49600.0,0.919,0.07,25.0,32.0,diaspora
C50342,76.0,39200.0,0.706,0.516,30.0,25.0,commercant
C50343,3.0,1500.0,0.234,0.116,12.0,18.0,petit_usage
C50344,12.0,117000.0,0.986,0.073,31.0,57.0,diaspora
C50345,8.0,4400.0,0.245,0.065,15.0,25.0,petit_usage
C50346,34.0,31200.0,0.193,0.339,15.0,57.0,salarie
C50347,9.0,3800.0,0.214,0.334,5.0,37.0,petit_usage
C50348,9.0,123300.0,0.991,0.063,40.0,51.0,diaspora
C50349,105.0,17500.0,0.488,0.476,42.0,24.0,commercant
C50350,8.0,2500.0,0.114,0.0,18.0,30.0,petit_usage
C50351,8.0,3200.0,0.182,0.075,2.0,18.0,petit_usage
C50352,18.0,45200.0,0.161,0.429,14.0,45.0,salarie
C50353,6.0,68500.0,0.91,0.06,18.0,64.0,diaspora
C50354,97.0,13000.0,0.542,0.62,30.0,30.0,commercant
C50355,80.0,10200.0,0.847,0.586,20.0,28.0,commercant
C50356,9.0,39100.0,0.888,0.034,35.0,52.0,diaspora
C50357,23.0,69100.0,0.411,0.56,19.0,49.0,salarie
C50358,104.0,24700.0,0.6,0.73,18.0,32.0,commercant
C50359,7.0,138100.0,0.927,0.068,49.0,67.0,diaspora
C50360,6.0,2200.0,0.433,0.21,10.0,41.0,petit_usage
C50361,33.0,81100.0,0.25,0.385,33.0,42.0,salarie
C50362,52.0,21300.0,0.273,0.525,36.0,43.0,salarie
C50363,5.0,5700.0,0.225,0.239,14.0,39.0,petit_usage
C50364,4.0,3800.0,0.316,0.0,15.0,30.0,petit_usage
C50365,73.0,9100.0,0.524,0.544,36.0,41.0,commercant
C50366,2.0,7200.0,0.321,0.063,7.0,35.0,petit_usage
C50367,4.0,2300.0,0.381,0.024,8.0,23.0,petit_usage
C50368,60.0,9800.0,0.492,0.514,35.0,43.0,commercant
C50369,32.0,25900.0,0.312,0.232,27.0,41.0,salarie
C50370,5.0,3200.0,0.345,0.217,5.0,31.0,petit_usage
C50371,27.0,8800.0,0.293,0.485,49.0,20.0,salarie
C50372,8.0,96500.0,0.925,0.011,35.0,53.0,diaspora
C50373,7.0,3400.0,0.267,0.021,3.0,33.0,petit_usage
C50374,76.0,16000.0,0.761,0.474,13.0,18.0,commercant
C50375,38.0,24400.0,0.243,0.26,26.0,34.0,salarie
C50376,36.0,38800.0,0.268,0.332,26.0,47.0,salarie
C50377,27.0,15800.0,0.291,0.407,35.0,23.0,salarie
C50378,4.0,5000.0,0.209,0.0,3.0,40.0,petit_usage
C50379,34.0,7200.0,0.219,0.499,23.0,40.0,salarie
C50380,4.0,1200.0,0.168,0.143,14.0,51.0,petit_usage
C50381,42.0,16200.0,0.386,0.414,32.0,30.0,commercant
C50382,94.0,14300.0,0.424,0.625,42.0,33.0,commercant
C50383,6.0,4900.0,0.12,0.094,6.0,22.0,petit_usage
C50384,11.0,3200.0,0.387,0.133,5.0,36.0,petit_usage
C50385,6.0,2900.0,0.338,0.183,14.0,35.0,petit_usage
C50386,5.0,4300.0,0.205,0.089,12.0,40.0,petit_usage
C50387,98.0,38100.0,0.701,0.633,70.0,45.0,commercant
C50388,8.0,3900.0,0.085,0.086,1.0,34.0,petit_usage
C50389,8.0,6700.0,0.268,0.123,4.0,30.0,petit_usage
C50390,27.0,19800.0,0.321,0.276,10.0,28.0,salarie
C50391,28.0,12400.0,0.543,0.468,25.0,22.0,commercant
C50392,32.0,20200.0,0.1,0.383,29.0,30.0,salarie
C50393,27.0,21600.0,0.29,0.395,31.0,18.0,salarie
C50394,38.0,16700.0,0.13,0.286,17.0,18.0,salarie
C50395,58.0,9900.0,0.629,0.784,18.0,42.0,commercant
C50396,5.0,102400.0,0.944,0.039,52.0,44.0,diaspora
C50397,87.0,14300.0,0.622,0.551,59.0,29.0,commercant
C50398,24.0,14400.0,0.217,0.414,25.0,44.0,salarie
C50399,86.0,36300.0,0.646,0.467,45.0,57.0,commercant
C50400,4.0,2200.0,0.243,0.073,8.0,23.0,petit_usage
C50401,3.0,4100.0,0.468,0.104,12.0,35.0,petit_usage
C50402,98.0,8000.0,0.57,0.725,21.0,20.0,commercant
C50403,3.0,4400.0,0.404,0.096,8.0,40.0,petit_usage
C50404,42.0,56700.0,0.209,0.426,33.0,52.0,salarie
C50405,96.0,26900.0,0.556,0.497,44.0,54.0,commercant
C50406,93.0,15000.0,0.444,0.54,67.0,18.0,commercant
C50407,2.0,103600.0,0.88,0.067,37.0,45.0,diaspora
C50408,88.0,11500.0,0.67,0.834,40.0,46.0,commercant
C50409,10.0,133900.0,0.993,0.049,9.0,42.0,diaspora
C50410,7.0,182700.0,0.829,0.115,36.0,58.0,diaspora
C50411,11.0,2600.0,0.36,0.146,1.0,29.0,petit_usage
C50412,90.0,21600.0,0.757,0.595,36.0,46.0,commercant
C50413,4.0,2500.0,0.347,0.047,6.0,34.0,petit_usage
C50414,8.0,3300.0,0.368,0.037,23.0,32.0,petit_usage
C50415,31.0,28100.0,0.387,0.295,41.0,26.0,salarie
C50416,53.0,10900.0,0.469,0.532,36.0,32.0,commercant
C50417,7.0,6300.0,0.321,0.034,9.0,37.0,petit_usage
C50418,10.0,5700.0,0.258,0.13,16.0,26.0,petit_usage
C50419,1.0,85000.0,0.886,0.01,58.0,68.0,diaspora
C50420,7.0,86300.0,0.902,0.113,47.0,53.0,diaspora
C50421,7.0,99400.0,0.935,0.084,38.0,56.0,diaspora
C50422,30.0,58900.0,0.24,0.259,34.0,54.0,salarie
C50423,86.0,40000.0,0.576,0.615,51.0,34.0,commercant
C50424,57.0,24400.0,0.491,0.642,71.0,49.0,commercant
C50425,25.0,12700.0,0.22,0.306,28.0,43.0,salarie
C50426,9.0,96200.0,0.91,0.058,23.0,58.0,diaspora
C50427,9.0,112100.0,0.924,0.062,36.0,55.0,diaspora
C50428,36.0,23300.0,0.315,0.293,23.0,38.0,salarie
C50429,29.0,16600.0,0.33,0.164,13.0,46.0,salarie
C50430,88.0,25100.0,0.583,0.596,43.0,48.0,commercant
C50431,89.0,12000.0,0.541,0.627,45.0,44.0,commercant
C50432,7.0,61000.0,0.316,0.47,21.0,37.0,salarie
C50433,6.0,4400.0,0.328,0.104,1.0,53.0,petit_usage
C50434,37.0,24100.0,0.353,0.491,13.0,34.0,salarie
C50435,3.0,7400.0,0.257,0.14,11.0,39.0,petit_usage
C50436,27.0,14100.0,0.312,0.361,50.0,38.0,salarie
C50437,44.0,14400.0,0.242,0.433,41.0,38.0,salarie
C50438,6.0,79900.0,0.895,0.101,35.0,57.0,diaspora
C50439,88.0,53200.0,0.453,0.759,34.0,46.0,commercant
C50440,6.0,2700.0,0.37,0.148,12.0,23.0,petit_usage
C50441,45.0,35400.0,0.364,0.372,26.0,43.0,salarie
C50442,24.0,16900.0,0.268,0.33,16.0,43.0,salarie
C50443,26.0,45600.0,0.246,0.189,25.0,34.0,salarie
C50444,37.0,19600.0,0.264,0.369,43.0,49.0,salarie
C50445,82.0,15600.0,0.438,0.704,34.0,19.0,commercant
C50446,106.0,10300.0,0.31,0.605,26.0,40.0,commercant
C50447,75.0,34800.0,0.494,0.563,52.0,42.0,commercant
C50448,51.0,26900.0,0.667,0.57,32.0,46.0,commercant
C50449,11.0,1600.0,0.24,0.14,6.0,38.0,petit_usage
C50450,37.0,23700.0,0.266,0.394,24.0,32.0,salarie
C50451,38.0,19500.0,0.373,0.453,20.0,20.0,salarie
C50452,9.0,6600.0,0.222,0.072,4.0,18.0,petit_usage
C50453,27.0,20700.0,0.382,0.39,17.0,44.0,salarie
C50454,4.0,122000.0,0.881,0.135,35.0,55.0,diaspora
C50455,37.0,26000.0,0.079,0.212,32.0,38.0,salarie
C50456,6.0,1900.0,0.181,0.053,19.0,31.0,petit_usage
C50457,4.0,2000.0,0.52,0.061,9.0,44.0,petit_usage
C50458,8.0,2300.0,0.481,0.021,1.0,43.0,petit_usage
C50459,65.0,39500.0,0.588,0.543,27.0,27.0,commercant
C50460,8.0,3700.0,0.251,0.085,2.0,33.0,petit_usage
C50461,3.0,5900.0,0.341,0.0,17.0,34.0,petit_usage
C50462,6.0,81300.0,0.92,0.1,32.0,66.0,diaspora
C50463,8.0,93200.0,0.957,0.01,35.0,72.0,diaspora
C50464,23.0,15600.0,0.176,0.445,38.0,29.0,salarie
C50465,2.0,4300.0,0.405,0.093,12.0,38.0,petit_usage
C50466,4.0,6900.0,0.305,0.098,5.0,18.0,petit_usage
C50467,8.0,2500.0,0.294,0.028,10.0,34.0,petit_usage
C50468,11.0,2700.0,0.393,0.106,1.0,45.0,petit_usage
C50469,9.0,51800.0,0.931,0.026,44.0,58.0,diaspora
C50470,27.0,17900.0,0.198,0.264,32.0,34.0,salarie
C50471,11.0,1600.0,0.492,0.172,11.0,39.0,petit_usage
C50472,31.0,39700.0,0.285,0.516,42.0,41.0,salarie
C50473,11.0,4900.0,0.106,0.002,13.0,46.0,petit_usage
C50474,3.0,1600.0,0.104,0.091,8.0,19.0,petit_usage
C50475,33.0,40900.0,0.207,0.44,38.0,31.0,salarie
C50476,76.0,17000.0,0.562,0.608,22.0,30.0,commercant
C50477,8.0,900.0,0.276,0.079,5.0,38.0,petit_usage
C50478,43.0,34300.0,0.324,0.516,27.0,30.0,salarie
C50479,4.0,3600.0,0.349,0.109,5.0,27.0,petit_usage
C50480,103.0,30400.0,0.736,0.68,32.0,36.0,commercant
C50481,28.0,49800.0,0.408,0.472,20.0,54.0,salarie
C50482,39.0,22900.0,0.328,0.214,30.0,23.0,salarie
C50483,96.0,33000.0,0.666,0.6,63.0,27.0,commercant
C50484,34.0,48500.0,0.178,0.425,22.0,45.0,salarie
C50485,11.0,143400.0,0.922,0.0,40.0,51.0,diaspora
C50486,5.0,3200.0,0.502,0.172,9.0,41.0,petit_usage
C50487,105.0,12600.0,0.562,0.714,54.0,32.0,commercant
C50488,6.0,4600.0,0.353,0.161,19.0,36.0,petit_usage
C50489,5.0,1300.0,0.147,0.237,4.0,33.0,petit_usage
C50490,37.0,13600.0,0.326,0.288,29.0,41.0,salarie
C50491,37.0,20400.0,0.195,0.402,32.0,21.0,salarie
C50492,84.0,28200.0,0.313,0.64,11.0,33.0,commercant
C50493,8.0,1300.0,0.388,0.04,6.0,32.0,petit_usage
C50494,2.0,328600.0,0.972,0.011,21.0,32.0,diaspora
C50495,8.0,1600.0,0.368,0.062,8.0,27.0,petit_usage
C50496,3.0,7300.0,0.095,0.101,9.0,36.0,petit_usage
C50497,5.0,2000.0,0.257,0.114,2.0,24.0,petit_usage
C50498,14.0,6000.0,0.445,0.138,6.0,40.0,petit_usage
C50499,117.0,29500.0,0.71,0.36,10.0,47.0,commercant
C50500,94.0,16000.0,0.531,0.572,45.0,51.0,commercant
C50501,11.0,3800.0,0.301,0.12,4.0,37.0,petit_usage
C50502,89.0,18000.0,0.382,0.823,23.0,33.0,commercant
C50503,6.0,4600.0,0.342,0.194,11.0,37.0,petit_usage
C50504,38.0,15100.0,0.17,0.17,33.0,32.0,salarie
C50505,47.0,16200.0,0.208,0.222,15.0,31.0,salarie
C50506,3.0,1400.0,0.372,0.039,1.0,46.0,petit_usage
C50507,10.0,87600.0,0.871,0.061,23.0,58.0,diaspora
C50508,115.0,26500.0,0.658,0.703,39.0,44.0,commercant
C50509,28.0,17300.0,0.31,0.481,31.0,33.0,salarie
C50510,76.0,27700.0,0.636,0.623,38.0,24.0,commercant
C50511,9.0,220700.0,0.97,0.066,62.0,66.0,diaspora
C50512,39.0,17400.0,0.107,0.32,47.0,25.0,salarie
C50513,1.0,9100.0,0.398,0.217,10.0,23.0,petit_usage
C50514,2.0,1900.0,0.311,0.17,12.0,34.0,petit_usage
C50515,30.0,31000.0,0.376,0.372,34.0,26.0,salarie
C50516,39.0,44500.0,0.441,0.423,22.0,42.0,salarie
C50517,3.0,164500.0,0.876,0.141,35.0,56.0,diaspora
C50518,1.0,159000.0,0.995,0.041,73.0,45.0,diaspora
C50519,6.0,1800.0,0.268,0.099,3.0,45.0,petit_usage
C50520,8.0,5500.0,0.285,0.16,13.0,46.0,petit_usage
C50521,94.0,16500.0,0.434,0.791,49.0,30.0,commercant
C50522,28.0,41900.0,0.238,0.282,28.0,35.0,salarie
C50523,10.0,1600.0,0.21,0.0,14.0,50.0,petit_usage
C50524,5.0,3700.0,0.28,0.155,27.0,34.0,petit_usage
C50525,66.0,30400.0,0.751,0.625,25.0,45.0,commercant
C50526,8.0,5300.0,0.267,0.083,3.0,31.0,petit_usage
C50527,89.0,17000.0,0.682,0.573,22.0,38.0,commercant
C50528,95.0,20300.0,0.52,0.715,47.0,26.0,commercant
C50529,1.0,2500.0,0.375,0.126,16.0,26.0,petit_usage
C50530,41.0,60100.0,0.161,0.415,40.0,36.0,salarie
C50531,28.0,19400.0,0.332,0.469,28.0,33.0,salarie
C50532,2.0,7900.0,0.188,0.153,11.0,33.0,petit_usage
C50533,5.0,2700.0,0.321,0.037,12.0,37.0,petit_usage
C50534,7.0,1100.0,0.222,0.0,9.0,38.0,petit_usage
C50535,3.0,3400.0,0.261,0.085,19.0,28.0,petit_usage
C50536,27.0,31100.0,0.18,0.376,19.0,31.0,salarie
C50537,4.0,5300.0,0.364,0.24,11.0,18.0,petit_usage
C50538,50.0,28000.0,0.447,0.603,53.0,40.0,commercant
C50539,94.0,22900.0,0.645,0.51,33.0,23.0,commercant
C50540,2.0,5100.0,0.354,0.228,9.0,49.0,petit_usage
C50541,20.0,23600.0,0.263,0.264,32.0,24.0,salarie
C50542,8.0,2700.0,0.146,0.15,1.0,34.0,petit_usage
C50543,14.0,116200.0,0.907,0.052,42.0,36.0,diaspora
C50544,14.0,96200.0,0.884,0.034,64.0,39.0,diaspora
C50545,25.0,47000.0,0.285,0.374,22.0,35.0,salarie
C50546,30.0,16000.0,0.301,0.494,1.0,48.0,salarie
C50547,59.0,16900.0,0.54,0.331,67.0,39.0,commercant
C50548,116.0,13800.0,0.412,0.283,43.0,50.0,commercant
C50549,3.0,2600.0,0.292,0.199,18.0,38.0,petit_usage
C50550,3.0,3900.0,0.318,0.109,21.0,46.0,petit_usage
C50551,29.0,19800.0,0.242,0.339,20.0,34.0,salarie
C50552,3.0,6500.0,0.36,0.088,2.0,54.0,petit_usage
C50553,37.0,21900.0,0.249,0.187,27.0,29.0,salarie
C50554,22.0,17400.0,0.209,0.526,25.0,35.0,salarie
C50555,37.0,17400.0,0.192,0.265,26.0,30.0,salarie
C50556,8.0,3800.0,0.332,0.231,8.0,35.0,petit_usage
C50557,1.0,700.0,0.349,0.0,6.0,38.0,petit_usage
C50558,85.0,8200.0,0.442,0.565,32.0,37.0,commercant
C50559,38.0,25300.0,0.165,0.14,39.0,42.0,salarie
C50560,1.0,4900.0,0.245,0.057,16.0,44.0,petit_usage
C50561,31.0,23500.0,0.133,0.527,50.0,40.0,salarie
C50562,38.0,9600.0,0.233,0.477,6.0,22.0,salarie
C50563,7.0,74000.0,0.925,0.061,27.0,53.0,diaspora
C50564,87.0,16800.0,0.575,0.557,51.0,18.0,commercant
C50565,95.0,15000.0,0.579,0.783,72.0,40.0,commercant
C50566,46.0,23400.0,0.19,0.172,55.0,48.0,salarie
C50567,6.0,2800.0,0.459,0.12,19.0,52.0,petit_usage
C50568,11.0,47700.0,0.917,0.075,52.0,38.0,diaspora
C50569,19.0,29700.0,0.289,0.323,27.0,22.0,salarie
C50570,7.0,3200.0,0.201,0.073,20.0,35.0,petit_usage
C50571,37.0,59100.0,0.132,0.269,35.0,18.0,salarie
C50572,24.0,17100.0,0.217,0.306,12.0,38.0,salarie
C50573,6.0,5200.0,0.268,0.19,16.0,41.0,petit_usage
C50574,2.0,3900.0,0.287,0.155,1.0,37.0,petit_usage
C50575,28.0,10200.0,0.311,0.433,27.0,37.0,salarie
C50576,28.0,17300.0,0.227,0.399,32.0,18.0,salarie
C50577,100.0,34000.0,0.542,0.497,45.0,32.0,commercant
C50578,26.0,29100.0,0.267,0.122,26.0,34.0,salarie
C50579,36.0,25500.0,0.209,0.483,20.0,35.0,salarie
C50580,3.0,5100.0,0.329,0.248,4.0,22.0,petit_usage
C50581,26.0,26500.0,0.228,0.282,27.0,35.0,salarie
C50582,7.0,3000.0,0.228,0.061,1.0,50.0,petit_usage
C50583,40.0,40900.0,0.246,0.538,45.0,26.0,salarie
C50584,4.0,5500.0,0.47,0.058,23.0,37.0,petit_usage
C50585,20.0,26700.0,0.257,0.392,27.0,41.0,salarie
C50586,72.0,19600.0,0.558,0.493,33.0,24.0,commercant
C50587,5.0,5200.0,0.309,0.181,11.0,36.0,petit_usage
C50588,5.0,7400.0,0.316,0.109,19.0,50.0,petit_usage
C50589,9.0,31400.0,0.906,0.0,63.0,65.0,diaspora
C50590,2.0,1900.0,0.182,0.008,13.0,39.0,petit_usage
C50591,63.0,19600.0,0.706,0.609,52.0,30.0,commercant
C50592,8.0,152600.0,0.929,0.042,52.0,65.0,diaspora
C50593,4.0,3300.0,0.271,0.001,5.0,33.0,petit_usage
C50594,8.0,105900.0,0.914,0.077,20.0,65.0,diaspora
C50595,132.0,18200.0,0.325,0.733,44.0,38.0,commercant
C50596,10.0,112000.0,0.937,0.029,31.0,44.0,diaspora
C50597,66.0,26600.0,0.491,0.622,16.0,41.0,commercant
C50598,1.0,3100.0,0.206,0.0,6.0,36.0,petit_usage
C50599,88.0,28900.0,0.301,0.63,41.0,18.0,commercant
C50600,90.0,14900.0,0.558,0.591,32.0,42.0,commercant
C50601,9.0,93600.0,1.0,0.0,46.0,63.0,diaspora
C50602,59.0,34800.0,0.411,0.629,20.0,36.0,commercant
C50603,8.0,94100.0,0.903,0.041,32.0,61.0,diaspora
C50604,60.0,20900.0,0.568,0.779,24.0,31.0,commercant
C50605,8.0,2000.0,0.228,0.0,16.0,55.0,petit_usage
C50606,10.0,1900.0,0.262,0.154,11.0,18.0,petit_usage
C50607,112.0,37200.0,0.606,0.56,28.0,42.0,commercant
C50608,38.0,25200.0,0.286,0.389,58.0,37.0,salarie
C50609,2.0,3100.0,0.355,0.178,2.0,46.0,petit_usage
C50610,94.0,13900.0,0.546,0.689,30.0,46.0,commercant
C50611,101.0,15300.0,0.672,0.7,21.0,28.0,commercant
C50612,9.0,3700.0,0.339,0.093,8.0,18.0,petit_usage
C50613,89.0,16200.0,0.422,0.592,48.0,24.0,commercant
C50614,8.0,1600.0,0.391,0.09,12.0,22.0,petit_usage
C50615,10.0,79000.0,0.968,0.1,29.0,48.0,diaspora
C50616,32.0,16900.0,0.262,0.33,29.0,47.0,salarie
C50617,7.0,3100.0,0.129,0.069,21.0,20.0,petit_usage
C50618,3.0,2000.0,0.344,0.212,6.0,37.0,petit_usage
C50619,10.0,2300.0,0.292,0.0,8.0,34.0,petit_usage
C50620,62.0,12900.0,0.43,0.606,47.0,45.0,commercant
C50621,68.0,18900.0,0.606,0.472,45.0,28.0,commercant
C50622,86.0,8100.0,0.643,0.632,29.0,18.0,commercant
C50623,24.0,36900.0,0.097,0.401,27.0,25.0,salarie
C50624,22.0,71900.0,0.371,0.407,17.0,37.0,salarie
C50625,9.0,1400.0,0.29,0.096,10.0,34.0,petit_usage
C50626,115.0,11900.0,0.495,0.605,40.0,51.0,commercant
C50627,6.0,66400.0,0.973,0.082,46.0,53.0,diaspora
C50628,9.0,107300.0,0.874,0.05,47.0,60.0,diaspora
C50629,3.0,3700.0,0.221,0.201,1.0,28.0,petit_usage
C50630,7.0,90400.0,0.948,0.069,37.0,42.0,diaspora
C50631,20.0,13500.0,0.237,0.458,43.0,29.0,salarie
C50632,12.0,2600.0,0.0,0.102,15.0,18.0,petit_usage
C50633,6.0,5400.0,0.284,0.179,2.0,29.0,petit_usage
C50634,40.0,19300.0,0.159,0.39,13.0,18.0,salarie
C50635,4.0,7400.0,0.287,0.051,5.0,37.0,petit_usage
C50636,10.0,80500.0,0.911,0.026,32.0,51.0,diaspora
C50637,7.0,185300.0,0.983,0.013,45.0,43.0,diaspora
C50638,40.0,45000.0,0.021,0.245,35.0,31.0,salarie
C50639,37.0,25400.0,0.22,0.23,27.0,35.0,salarie
C50640,21.0,23600.0,0.313,0.32,9.0,32.0,salarie
C50641,58.0,14300.0,0.266,0.5,36.0,38.0,commercant
C50642,1.0,3600.0,0.283,0.0,15.0,41.0,petit_usage
C50643,5.0,4800.0,0.196,0.241,10.0,43.0,petit_usage
C50644,89.0,15100.0,0.727,0.593,17.0,25.0,commercant
C50645,90.0,18800.0,0.579,0.431,21.0,46.0,commercant
C50646,33.0,36300.0,0.339,0.409,32.0,18.0,salarie
C50647,8.0,10100.0,0.321,0.14,9.0,36.0,petit_usage
C50648,11.0,123600.0,0.967,0.0,44.0,56.0,diaspora
C50649,5.0,3600.0,0.221,0.003,6.0,25.0,petit_usage
C50650,3.0,7300.0,0.282,0.0,10.0,37.0,petit_usage
C50651,1.0,2600.0,0.407,0.108,18.0,40.0,petit_usage
C50652,6.0,87700.0,0.945,0.002,50.0,56.0,diaspora
C50653,91.0,30900.0,0.503,0.589,46.0,38.0,commercant
C50654,4.0,50700.0,0.978,0.0,37.0,64.0,diaspora
C50655,7.0,4900.0,0.212,0.142,5.0,35.0,petit_usage
C50656,9.0,4000.0,0.193,0.02,10.0,32.0,petit_usage
C50657,7.0,49200.0,0.818,0.086,57.0,57.0,diaspora
C50658,10.0,102700.0,0.83,0.082,23.0,41.0,diaspora
C50659,3.0,5700.0,0.196,0.015,6.0,18.0,petit_usage
C50660,33.0,21500.0,0.24,0.328,18.0,33.0,salarie
C50661,25.0,30300.0,0.389,0.236,23.0,45.0,salarie
C50662,10.0,4700.0,0.249,0.18,1.0,18.0,petit_usage
C50663,7.0,135400.0,0.961,0.03,46.0,49.0,diaspora
C50664,41.0,19400.0,0.297,0.214,26.0,31.0,salarie
C50665,6.0,172200.0,0.891,0.016,46.0,56.0,diaspora
C50666,11.0,127400.0,0.924,0.012,56.0,56.0,diaspora
C50667,94.0,14800.0,0.617,0.826,52.0,23.0,commercant
C50668,95.0,8800.0,0.539,0.736,21.0,46.0,commercant
C50669,65.0,11000.0,0.62,0.601,45.0,39.0,commercant
C50670,73.0,30300.0,0.509,0.61,50.0,26.0,commercant
C50671,108.0,51600.0,0.602,0.51,16.0,40.0,commercant
C50672,38.0,41500.0,0.171,0.346,21.0,68.0,salarie
C50673,7.0,1500.0,0.306,0.114,1.0,46.0,petit_usage
C50674,40.0,51700.0,0.181,0.246,36.0,45.0,salarie
C50675,7.0,6300.0,0.393,0.023,18.0,30.0,petit_usage
C50676,28.0,21800.0,0.349,0.427,40.0,34.0,salarie
C50677,7.0,4500.0,0.232,0.152,15.0,49.0,petit_usage
C50678,64.0,15300.0,0.471,0.759,32.0,37.0,commercant
C50679,6.0,11300.0,0.38,0.034,2.0,38.0,petit_usage
C50680,4.0,102800.0,0.906,0.063,32.0,59.0,diaspora
C50681,9.0,5500.0,0.428,0.089,6.0,20.0,petit_usage
C50682,67.0,21000.0,0.509,0.805,50.0,48.0,commercant
C50683,5.0,2000.0,0.248,0.145,9.0,44.0,petit_usage
C50684,28.0,35700.0,0.247,0.248,59.0,40.0,salarie
C50685,76.0,13900.0,0.482,0.575,50.0,33.0,commercant
C50686,13.0,364800.0,0.962,0.08,52.0,42.0,diaspora
C50687,6.0,76200.0,0.906,0.065,30.0,61.0,diaspora
C50688,7.0,1300.0,0.354,0.076,17.0,45.0,petit_usage
C50689,4.0,2300.0,0.399,0.301,12.0,18.0,petit_usage
C50690,7.0,1400.0,0.202,0.127,1.0,38.0,petit_usage
C50691,1.0,2500.0,0.243,0.028,8.0,36.0,petit_usage
C50692,85.0,6200.0,0.61,0.468,55.0,42.0,commercant
C50693,7.0,2900.0,0.392,0.087,7.0,30.0,petit_usage
C50694,24.0,35600.0,0.197,0.403,22.0,19.0,salarie
C50695,3.0,900.0,0.201,0.09,18.0,42.0,petit_usage
C50696,9.0,22600.0,0.384,0.163,2.0,40.0,petit_usage
C50697,85.0,10400.0,0.729,0.55,5.0,52.0,commercant
C50698,95.0,30000.0,0.443,0.41,34.0,34.0,commercant
C50699,1.0,4100.0,0.398,0.095,10.0,36.0,petit_usage
C50700,7.0,3300.0,0.397,0.214,19.0,37.0,petit_usage
C50701,6.0,2100.0,0.52,0.098,1.0,18.0,petit_usage
C50702,8.0,1600.0,0.347,0.159,1.0,59.0,petit_usage
C50703,59.0,17100.0,0.653,0.629,24.0,39.0,commercant
C50704,35.0,15400.0,0.355,0.347,25.0,33.0,salarie
C50705,29.0,13800.0,0.384,0.244,34.0,27.0,salarie
C50706,3.0,2200.0,0.408,0.115,12.0,22.0,petit_usage
C50707,58.0,12800.0,0.516,0.544,53.0,31.0,commercant
C50708,91.0,30100.0,0.336,0.879,59.0,18.0,commercant
C50709,69.0,17900.0,0.651,0.512,44.0,37.0,commercant
C50710,40.0,62600.0,0.103,0.359,10.0,27.0,salarie
C50711,36.0,15100.0,0.52,0.614,34.0,22.0,commercant
C50712,17.0,22700.0,0.266,0.333,29.0,55.0,salarie
C50713,40.0,15200.0,0.758,0.468,44.0,43.0,commercant
C50714,21.0,20000.0,0.432,0.331,1.0,49.0,salarie
C50715,10.0,6300.0,0.408,0.0,14.0,36.0,petit_usage
C50716,7.0,8600.0,0.41,0.076,1.0,21.0,petit_usage
C50717,7.0,1800.0,0.392,0.117,17.0,29.0,petit_usage
C50718,11.0,4600.0,0.328,0.173,9.0,28.0,petit_usage
C50719,6.0,106400.0,0.938,0.066,52.0,43.0,diaspora
C50720,64.0,35600.0,0.594,0.704,34.0,28.0,commercant
C50721,3.0,5000.0,0.32,0.127,6.0,24.0,petit_usage
C50722,8.0,4200.0,0.21,0.125,14.0,48.0,petit_usage
C50723,8.0,4000.0,0.307,0.034,11.0,41.0,petit_usage
C50724,28.0,16600.0,0.259,0.318,31.0,40.0,salarie
C50725,12.0,90000.0,0.959,0.052,50.0,75.0,diaspora
C50726,90.0,20100.0,0.432,0.422,59.0,18.0,commercant
C50727,11.0,3000.0,0.209,0.047,2.0,43.0,petit_usage
C50728,41.0,16500.0,0.222,0.235,38.0,30.0,salarie
C50729,41.0,13400.0,0.274,0.482,51.0,41.0,salarie
C50730,5.0,3900.0,0.226,0.209,22.0,18.0,petit_usage
C50731,29.0,31600.0,0.184,0.162,49.0,26.0,salarie
C50732,44.0,34600.0,0.28,0.355,34.0,29.0,salarie
C50733,42.0,10800.0,0.307,0.434,43.0,41.0,salarie
C50734,10.0,53900.0,0.888,0.097,38.0,55.0,diaspora
C50735,3.0,1600.0,0.345,0.022,6.0,18.0,petit_usage
C50736,119.0,20900.0,0.617,0.661,31.0,29.0,commercant
C50737,46.0,17200.0,0.502,0.27,30.0,33.0,salarie
C50738,21.0,22400.0,0.395,0.393,33.0,31.0,salarie
C50739,8.0,4100.0,0.138,0.07,10.0,59.0,petit_usage
C50740,3.0,2600.0,0.433,0.001,11.0,20.0,petit_usage
C50741,96.0,10100.0,0.682,0.525,37.0,26.0,commercant
C50742,7.0,3900.0,0.401,0.131,9.0,60.0,petit_usage
C50743,11.0,12900.0,0.233,0.126,19.0,42.0,petit_usage
C50744,73.0,22200.0,0.748,0.574,31.0,33.0,commercant
C50745,9.0,1900.0,0.348,0.098,1.0,41.0,petit_usage
C50746,10.0,3300.0,0.236,0.046,9.0,30.0,petit_usage
C50747,1.0,9500.0,0.305,0.249,12.0,32.0,petit_usage
C50748,74.0,32700.0,0.472,0.444,44.0,58.0,commercant
C50749,5.0,5800.0,0.19,0.038,11.0,23.0,petit_usage
C50750,27.0,25600.0,0.213,0.29,33.0,33.0,salarie
C50751,7.0,165200.0,0.945,0.083,42.0,27.0,diaspora
C50752,55.0,16400.0,0.584,0.623,3.0,24.0,commercant
C50753,26.0,28500.0,0.231,0.356,23.0,37.0,salarie
C50754,109.0,9400.0,0.708,0.357,46.0,32.0,commercant
C50755,29.0,14800.0,0.198,0.373,30.0,46.0,salarie
C50756,67.0,21700.0,0.562,0.537,31.0,43.0,commercant
C50757,22.0,18900.0,0.251,0.374,41.0,45.0,salarie
C50758,1.0,6800.0,0.123,0.135,1.0,21.0,petit_usage
C50759,4.0,6800.0,0.152,0.043,1.0,37.0,petit_usage
C50760,87.0,45800.0,0.507,0.65,46.0,24.0,commercant
C50761,29.0,51200.0,0.273,0.464,16.0,60.0,salarie
C50762,1.0,3700.0,0.171,0.174,4.0,21.0,petit_usage
C50763,82.0,16600.0,0.495,0.634,65.0,39.0,commercant
C50764,7.0,1400.0,0.448,0.053,16.0,33.0,petit_usage
C50765,8.0,2400.0,0.229,0.152,10.0,20.0,petit_usage
C50766,8.0,6100.0,0.411,0.109,23.0,46.0,petit_usage
C50767,36.0,29200.0,0.228,0.272,8.0,41.0,salarie
C50768,5.0,7200.0,0.413,0.168,8.0,31.0,petit_usage
C50769,10.0,13700.0,0.35,0.093,12.0,27.0,petit_usage
C50770,6.0,1500.0,0.283,0.063,5.0,35.0,petit_usage
C50771,60.0,34600.0,0.439,0.532,47.0,41.0,commercant
C50772,29.0,20400.0,0.168,0.489,28.0,44.0,salarie
C50773,91.0,13700.0,0.768,0.481,49.0,44.0,commercant
C50774,4.0,1700.0,0.228,0.249,1.0,35.0,petit_usage
C50775,2.0,11900.0,0.249,0.11,16.0,19.0,petit_usage
C50776,34.0,12500.0,0.18,0.312,51.0,24.0,salarie
C50777,9.0,3900.0,0.24,0.009,6.0,35.0,petit_usage
C50778,5.0,4900.0,0.274,0.184,9.0,18.0,petit_usage
C50779,72.0,4700.0,0.433,0.56,41.0,22.0,commercant
C50780,9.0,50600.0,0.97,0.007,39.0,64.0,diaspora
C50781,78.0,16400.0,0.601,0.515,19.0,41.0,commercant
C50782,47.0,16600.0,0.228,0.279,16.0,28.0,salarie
C50783,36.0,29600.0,0.05,0.358,19.0,32.0,salarie
C50784,97.0,14100.0,0.449,0.586,20.0,46.0,commercant
C50785,39.0,26000.0,0.556,0.494,31.0,24.0,commercant
C50786,28.0,32300.0,0.208,0.254,53.0,44.0,salarie
C50787,22.0,30100.0,0.238,0.188,24.0,26.0,salarie
C50788,32.0,38500.0,0.358,0.309,30.0,37.0,salarie
C50789,16.0,127200.0,0.882,0.163,56.0,53.0,diaspora
C50790,3.0,11000.0,0.208,0.034,1.0,29.0,petit_usage
C50791,75.0,24700.0,0.61,0.635,50.0,18.0,commercant
C50792,23.0,52900.0,0.052,0.291,43.0,39.0,salarie
C50793,3.0,7200.0,0.177,0.022,16.0,34.0,petit_usage
C50794,4.0,2600.0,0.248,0.119,14.0,33.0,petit_usage
C50795,2.0,4400.0,0.161,0.143,7.0,42.0,petit_usage
C50796,9.0,3400.0,0.316,0.103,14.0,48.0,petit_usage
C50797,35.0,23600.0,0.223,0.488,23.0,23.0,salarie
C50798,20.0,18500.0,0.148,0.414,24.0,38.0,salarie
C50799,9.0,7900.0,0.145,0.126,1.0,40.0,petit_usage
C50800,4.0,3200.0,0.165,0.0,7.0,38.0,petit_usage
C50801,53.0,21000.0,0.542,0.814,52.0,47.0,commercant
C50802,35.0,8800.0,0.403,0.442,28.0,18.0,salarie
C50803,34.0,29000.0,0.319,0.346,28.0,40.0,salarie
C50804,9.0,4700.0,0.382,0.034,16.0,40.0,petit_usage
C50805,54.0,7400.0,0.478,0.552,22.0,34.0,commercant
C50806,11.0,47600.0,0.884,0.021,26.0,67.0,diaspora
C50807,1.0,2900.0,0.19,0.0,13.0,54.0,petit_usage
C50808,11.0,68200.0,0.877,0.015,70.0,47.0,diaspora
C50809,8.0,4000.0,0.176,0.147,2.0,52.0,petit_usage
C50810,87.0,12100.0,0.658,0.483,43.0,41.0,commercant
C50811,74.0,29900.0,0.621,0.695,78.0,35.0,commercant
C50812,11.0,97400.0,0.913,0.062,46.0,51.0,diaspora
C50813,37.0,13000.0,0.362,0.244,36.0,34.0,salarie
C50814,9.0,74300.0,0.831,0.048,37.0,49.0,diaspora
C50815,99.0,8700.0,0.352,0.44,15.0,42.0,commercant
C50816,93.0,15300.0,0.606,0.592,39.0,44.0,commercant
C50817,8.0,700.0,0.189,0.064,9.0,38.0,petit_usage
C50818,8.0,23100.0,0.298,0.345,30.0,51.0,salarie
C50819,80.0,16500.0,0.592,0.593,54.0,39.0,commercant
C50820,29.0,167100.0,0.306,0.483,28.0,38.0,salarie
C50821,25.0,15400.0,0.241,0.258,20.0,27.0,salarie
C50822,6.0,58100.0,0.931,0.038,41.0,59.0,diaspora
C50823,11.0,1600.0,0.257,0.043,1.0,39.0,petit_usage
C50824,8.0,8600.0,0.273,0.089,16.0,26.0,petit_usage
C50825,8.0,88700.0,0.904,0.077,46.0,69.0,diaspora
C50826,8.0,4200.0,0.411,0.118,10.0,30.0,petit_usage
C50827,96.0,36400.0,0.687,0.837,40.0,28.0,commercant
C50828,74.0,20700.0,0.508,0.462,27.0,18.0,commercant
C50829,55.0,9200.0,0.647,0.575,28.0,37.0,commercant
C50830,38.0,22900.0,0.286,0.278,36.0,30.0,salarie
C50831,93.0,13200.0,0.6,0.575,53.0,32.0,commercant
C50832,1.0,2300.0,0.573,0.011,1.0,31.0,petit_usage
C50833,1.0,5400.0,0.344,0.176,12.0,35.0,petit_usage
C50834,67.0,34500.0,0.501,0.512,27.0,50.0,commercant
C50835,7.0,3400.0,0.356,0.224,2.0,47.0,petit_usage
C50836,88.0,12400.0,0.627,0.502,53.0,24.0,commercant
C50837,25.0,27000.0,0.154,0.36,61.0,29.0,salarie
C50838,100.0,17300.0,0.553,0.556,54.0,25.0,commercant
C50839,2.0,5200.0,0.184,0.0,11.0,46.0,petit_usage
C50840,29.0,31200.0,0.243,0.458,34.0,23.0,salarie
C50841,11.0,82700.0,0.96,0.03,40.0,43.0,diaspora
C50842,42.0,48200.0,0.634,0.693,31.0,22.0,commercant
C50843,11.0,69300.0,0.948,0.006,45.0,51.0,diaspora
C50844,1.0,3100.0,0.352,0.091,3.0,39.0,petit_usage
C50845,99.0,27500.0,0.603,0.766,44.0,37.0,commercant
C50846,11.0,126000.0,0.99,0.026,32.0,47.0,diaspora
C50847,31.0,8800.0,0.426,0.322,33.0,44.0,salarie
C50848,62.0,8100.0,0.469,0.634,24.0,18.0,commercant
C50849,39.0,28900.0,0.255,0.419,37.0,43.0,salarie
C50850,97.0,6900.0,0.777,0.636,50.0,34.0,commercant
C50851,9.0,71900.0,0.943,0.032,39.0,40.0,diaspora
C50852,17.0,72900.0,0.257,0.263,36.0,29.0,salarie
C50853,102.0,19500.0,0.589,0.647,36.0,21.0,commercant
C50854,31.0,19700.0,0.192,0.233,15.0,23.0,salarie
C50855,22.0,46900.0,0.177,0.316,45.0,35.0,salarie
C50856,7.0,1100.0,0.333,0.098,14.0,37.0,petit_usage
C50857,8.0,220500.0,0.936,0.025,18.0,47.0,diaspora
C50858,6.0,5400.0,0.46,0.051,8.0,19.0,petit_usage
C50859,26.0,18900.0,0.364,0.284,20.0,40.0,salarie
C50860,73.0,25500.0,0.51,0.438,47.0,29.0,commercant
C50861,5.0,2900.0,0.502,0.0,13.0,59.0,petit_usage
C50862,2.0,2100.0,0.333,0.117,4.0,34.0,petit_usage
C50863,2.0,4700.0,0.319,0.151,7.0,49.0,petit_usage
C50864,4.0,81400.0,0.831,0.078,42.0,42.0,diaspora
C50865,89.0,74900.0,0.575,0.69,41.0,36.0,commercant
C50866,1.0,600.0,0.229,0.104,12.0,35.0,petit_usage
C50867,7.0,2900.0,0.285,0.204,3.0,26.0,petit_usage
C50868,103.0,28000.0,0.471,0.537,53.0,28.0,commercant
C50869,4.0,2200.0,0.426,0.177,9.0,24.0,petit_usage
C50870,95.0,14000.0,0.377,0.555,28.0,28.0,commercant
C50871,13.0,3000.0,0.232,0.184,14.0,30.0,petit_usage
C50872,6.0,177600.0,0.98,0.049,38.0,55.0,diaspora
C50873,98.0,14100.0,0.683,0.725,44.0,37.0,commercant
C50874,117.0,15500.0,0.622,0.521,57.0,33.0,commercant
C50875,38.0,14800.0,0.286,0.446,24.0,33.0,salarie
C50876,5.0,3600.0,0.251,0.09,17.0,18.0,petit_usage
C50877,2.0,4900.0,0.44,0.124,12.0,42.0,petit_usage
C50878,4.0,23100.0,0.343,0.15,10.0,22.0,petit_usage
C50879,2.0,3100.0,0.224,0.0,10.0,20.0,petit_usage
C50880,7.0,4000.0,0.3,0.099,8.0,49.0,petit_usage
C50881,93.0,11300.0,0.558,0.446,23.0,26.0,commercant
C50882,3.0,4600.0,0.209,0.094,19.0,18.0,petit_usage
C50883,11.0,6500.0,0.363,0.077,15.0,33.0,petit_usage
C50884,41.0,17800.0,0.224,0.057,55.0,28.0,salarie
C50885,99.0,23800.0,0.608,0.794,46.0,21.0,commercant
C50886,1.0,3100.0,0.455,0.059,1.0,26.0,petit_usage
C50887,94.0,45400.0,0.569,0.489,15.0,50.0,commercant
C50888,7.0,3700.0,0.326,0.079,1.0,34.0,petit_usage
C50889,36.0,25700.0,0.249,0.297,33.0,40.0,salarie
C50890,6.0,1200.0,0.286,0.096,5.0,41.0,petit_usage
C50891,29.0,31100.0,0.462,0.419,10.0,41.0,salarie
C50892,12.0,97400.0,0.912,0.044,26.0,51.0,diaspora
C50893,9.0,65700.0,0.972,0.064,30.0,62.0,diaspora
C50894,7.0,5000.0,0.328,0.25,8.0,22.0,petit_usage
C50895,23.0,44100.0,0.23,0.436,51.0,37.0,salarie
C50896,39.0,31700.0,0.181,0.492,10.0,29.0,salarie
C50897,33.0,32300.0,0.365,0.294,43.0,36.0,salarie
C50898,4.0,3200.0,0.226,0.044,7.0,44.0,petit_usage
C50899,31.0,36800.0,0.227,0.291,32.0,43.0,salarie
C50900,82.0,16200.0,0.45,0.531,40.0,39.0,commercant
C50901,11.0,6400.0,0.351,0.143,1.0,18.0,petit_usage
C50902,6.0,11400.0,0.345,0.207,14.0,34.0,petit_usage
C50903,10.0,2400.0,0.319,0.166,8.0,44.0,petit_usage
C50904,5.0,1000.0,0.383,0.0,2.0,43.0,petit_usage
C50905,9.0,79000.0,0.89,0.027,43.0,56.0,diaspora
C50906,39.0,13200.0,0.801,0.666,52.0,32.0,commercant
C50907,8.0,4200.0,0.436,0.065,12.0,32.0,petit_usage
C50908,6.0,52100.0,0.745,0.049,21.0,62.0,diaspora
C50909,119.0,8700.0,0.688,0.483,16.0,43.0,commercant
C50910,6.0,1800.0,0.369,0.104,13.0,36.0,petit_usage
C50911,8.0,2400.0,0.163,0.143,14.0,27.0,petit_usage
C50912,6.0,3600.0,0.365,0.183,5.0,38.0,petit_usage
C50913,34.0,10900.0,0.32,0.355,44.0,29.0,salarie
C50914,10.0,27100.0,0.228,0.274,38.0,29.0,salarie
C50915,12.0,1800.0,0.412,0.086,7.0,42.0,petit_usage
C50916,1.0,3100.0,0.351,0.136,13.0,41.0,petit_usage
C50917,97.0,11300.0,0.814,0.696,42.0,22.0,commercant
C50918,87.0,20600.0,0.421,0.507,27.0,40.0,commercant
C50919,109.0,12800.0,0.691,0.737,25.0,30.0,commercant
C50920,93.0,10100.0,0.597,0.485,32.0,51.0,commercant
C50921,6.0,7400.0,0.177,0.123,14.0,43.0,petit_usage
C50922,62.0,13000.0,0.499,0.719,48.0,45.0,commercant
C50923,41.0,12400.0,0.411,0.399,33.0,45.0,salarie
C50924,10.0,58700.0,1.0,0.108,43.0,56.0,diaspora
C50925,83.0,19500.0,0.618,0.652,55.0,36.0,commercant
C50926,6.0,4000.0,0.461,0.117,21.0,34.0,petit_usage
C50927,72.0,25600.0,0.63,0.652,22.0,22.0,commercant
C50928,35.0,54100.0,0.264,0.456,31.0,32.0,salarie
C50929,42.0,11200.0,0.351,0.443,21.0,31.0,commercant
C50930,6.0,1300.0,0.204,0.101,8.0,37.0,petit_usage
C50931,5.0,151300.0,0.866,0.033,54.0,52.0,diaspora
C50932,28.0,30100.0,0.247,0.202,16.0,29.0,salarie
C50933,8.0,3400.0,0.335,0.0,20.0,28.0,petit_usage
C50934,4.0,3500.0,0.288,0.09,8.0,34.0,petit_usage
C50935,8.0,180300.0,0.929,0.0,40.0,30.0,diaspora
C50936,88.0,36700.0,0.493,0.526,34.0,29.0,commercant
C50937,8.0,204100.0,0.811,0.019,29.0,67.0,diaspora
C50938,11.0,3500.0,0.211,0.262,1.0,26.0,petit_usage
C50939,26.0,23200.0,0.21,0.34,45.0,41.0,salarie
C50940,23.0,28600.0,0.339,0.305,36.0,28.0,salarie
C50941,4.0,1500.0,0.277,0.133,15.0,23.0,petit_usage
C50942,7.0,4000.0,0.191,0.177,3.0,24.0,petit_usage
C50943,90.0,20600.0,0.528,0.443,44.0,36.0,commercant
C50944,8.0,14100.0,0.268,0.415,12.0,36.0,salarie
C50945,23.0,47200.0,0.237,0.212,11.0,31.0,salarie
C50946,21.0,20500.0,0.193,0.299,27.0,34.0,salarie
C50947,1.0,2700.0,0.311,0.023,13.0,29.0,petit_usage
C50948,6.0,10500.0,0.242,0.261,17.0,42.0,petit_usage
C50949,16.0,38400.0,0.279,0.399,10.0,27.0,salarie
C50950,89.0,4500.0,0.592,0.74,16.0,40.0,commercant
C50951,1.0,3400.0,0.304,0.072,17.0,41.0,petit_usage
C50952,7.0,2000.0,0.372,0.0,17.0,29.0,petit_usage
C50953,31.0,23900.0,0.286,0.316,31.0,54.0,salarie
C50954,6.0,2000.0,0.309,0.136,4.0,30.0,petit_usage
C50955,40.0,30800.0,0.176,0.386,41.0,33.0,salarie
C50956,95.0,34400.0,0.412,0.635,10.0,34.0,commercant
C50957,5.0,1700.0,0.366,0.084,11.0,39.0,petit_usage
C50958,11.0,3900.0,0.296,0.062,2.0,35.0,petit_usage
C50959,7.0,1100.0,0.234,0.178,6.0,35.0,petit_usage
C50960,110.0,20500.0,0.471,0.572,27.0,36.0,commercant
C50961,81.0,17500.0,0.57,0.726,36.0,40.0,commercant
C50962,12.0,4900.0,0.205,0.0,13.0,42.0,petit_usage
C50963,4.0,249300.0,0.941,0.084,41.0,59.0,diaspora
C50964,42.0,7800.0,0.418,0.683,39.0,34.0,commercant
C50965,8.0,4400.0,0.265,0.058,12.0,41.0,petit_usage
C50966,4.0,2900.0,0.122,0.173,13.0,44.0,petit_usage
C50967,4.0,5500.0,0.4,0.188,10.0,48.0,petit_usage
C50968,29.0,20100.0,0.272,0.169,15.0,38.0,salarie
C50969,22.0,58700.0,0.385,0.503,40.0,50.0,salarie
C50970,5.0,8700.0,0.328,0.187,5.0,38.0,petit_usage
C50971,77.0,22100.0,0.375,0.704,32.0,50.0,commercant
C50972,5.0,163500.0,0.935,0.077,26.0,36.0,diaspora
C50973,6.0,4800.0,0.23,0.0,12.0,26.0,petit_usage
C50974,4.0,2400.0,0.463,0.021,12.0,18.0,petit_usage
C50975,7.0,12900.0,0.211,0.042,16.0,26.0,petit_usage
C50976,7.0,4200.0,0.272,0.156,11.0,51.0,petit_usage
C50977,10.0,178900.0,0.963,0.129,34.0,59.0,diaspora
C50978,8.0,6400.0,0.633,0.094,4.0,37.0,petit_usage
C50979,3.0,2200.0,0.198,0.044,12.0,35.0,petit_usage
C50980,75.0,34900.0,0.398,0.865,60.0,27.0,commercant
C50981,89.0,21500.0,0.563,0.617,30.0,30.0,commercant
C50982,9.0,77700.0,0.988,0.034,34.0,74.0,diaspora
C50983,33.0,26100.0,0.316,0.478,44.0,18.0,salarie
C50984,32.0,37600.0,0.284,0.481,44.0,29.0,salarie
C50985,94.0,33900.0,0.587,0.507,9.0,50.0,commercant
C50986,7.0,12200.0,0.328,0.14,7.0,30.0,petit_usage
C50987,9.0,58900.0,0.864,0.077,33.0,41.0,diaspora
C50988,30.0,45100.0,0.097,0.292,31.0,25.0,salarie
C50989,2.0,2600.0,0.486,0.064,5.0,29.0,petit_usage
C50990,81.0,24900.0,0.343,0.717,34.0,34.0,commercant
C50991,9.0,4000.0,0.211,0.052,13.0,35.0,petit_usage
C50992,8.0,4500.0,0.343,0.13,5.0,39.0,petit_usage
C50993,1.0,80700.0,0.89,0.0,32.0,32.0,diaspora
C50994,10.0,4400.0,0.211,0.0,1.0,24.0,petit_usage
C50995,68.0,28200.0,0.436,0.516,24.0,41.0,commercant
C50996,3.0,12300.0,0.19,0.074,13.0,30.0,petit_usage
C50997,18.0,32600.0,0.398,0.283,29.0,38.0,salarie
C50998,11.0,1800.0,0.401,0.054,2.0,18.0,petit_usage
C50999,7.0,13500.0,0.231,0.093,10.0,38.0,petit_usage
C51000,7.0,47800.0,0.913,0.123,69.0,37.0,diaspora
C51001,96.0,11600.0,0.516,0.668,17.0,39.0,commercant
C51002,31.0,21700.0,0.26,0.272,40.0,29.0,salarie
C51003,7.0,3500.0,0.291,0.139,6.0,21.0,petit_usage
C51004,7.0,138000.0,0.977,0.073,19.0,45.0,diaspora
C51005,7.0,55600.0,0.905,0.049,24.0,37.0,diaspora
C51006,7.0,20400.0,0.346,0.179,17.0,36.0,petit_usage
C51007,60.0,10100.0,0.544,0.754,32.0,30.0,commercant
C51008,9.0,2400.0,0.244,0.1,1.0,43.0,petit_usage
C51009,4.0,82700.0,0.931,0.049,61.0,60.0,diaspora
C51010,26.0,60600.0,0.298,0.292,32.0,29.0,salarie
C51011,9.0,5800.0,0.323,0.157,4.0,33.0,petit_usage
C51012,6.0,3200.0,0.314,0.134,14.0,25.0,petit_usage
C51013,34.0,21100.0,0.241,0.261,19.0,33.0,salarie
C51014,14.0,72600.0,0.894,0.0,26.0,69.0,diaspora
C51015,7.0,900.0,0.229,0.111,14.0,26.0,petit_usage
C51016,29.0,35700.0,0.169,0.415,26.0,46.0,salarie
C51017,9.0,1700.0,0.238,0.142,7.0,19.0,petit_usage
C51018,89.0,8200.0,0.404,0.93,47.0,32.0,commercant
C51019,41.0,17700.0,0.152,0.546,3.0,31.0,salarie
C51020,36.0,20200.0,0.382,0.441,28.0,48.0,salarie
C51021,8.0,2700.0,0.291,0.14,11.0,37.0,petit_usage
C51022,10.0,47900.0,0.939,0.019,56.0,59.0,diaspora
C51023,45.0,57700.0,0.267,0.389,34.0,32.0,salarie
C51024,24.0,32600.0,0.232,0.21,24.0,49.0,salarie
C51025,10.0,4100.0,0.371,0.063,8.0,30.0,petit_usage
C51026,25.0,32500.0,0.275,0.26,38.0,20.0,salarie
C51027,36.0,31800.0,0.356,0.509,25.0,35.0,salarie
C51028,36.0,17000.0,0.263,0.366,36.0,22.0,salarie
C51029,8.0,1200.0,0.258,0.023,3.0,22.0,petit_usage
C51030,11.0,3500.0,0.495,0.0,1.0,42.0,petit_usage
C51031,30.0,19800.0,0.345,0.389,34.0,18.0,salarie
C51032,2.0,700.0,0.169,0.0,15.0,31.0,petit_usage
C51033,37.0,41400.0,0.355,0.385,38.0,24.0,salarie
C51034,1.0,500.0,0.265,0.068,5.0,27.0,petit_usage
C51035,4.0,1600.0,0.382,0.124,4.0,39.0,petit_usage
C51036,7.0,7000.0,0.32,0.272,8.0,27.0,petit_usage
C51037,5.0,1900.0,0.242,0.146,14.0,49.0,petit_usage
C51038,13.0,5300.0,0.386,0.219,1.0,33.0,petit_usage
C51039,33.0,28500.0,0.286,0.468,29.0,38.0,salarie
C51040,5.0,7800.0,0.318,0.121,21.0,32.0,petit_usage
C51041,30.0,8900.0,0.27,0.314,10.0,41.0,salarie
C51042,30.0,21100.0,0.362,0.394,32.0,32.0,salarie
C51043,1.0,4100.0,0.314,0.136,9.0,43.0,petit_usage
C51044,7.0,7500.0,0.292,0.212,13.0,46.0,petit_usage
C51045,9.0,12100.0,0.363,0.204,13.0,38.0,petit_usage
C51046,7.0,2100.0,0.36,0.0,32.0,36.0,petit_usage
C51047,8.0,4900.0,0.42,0.03,5.0,42.0,petit_usage
C51048,9.0,800.0,0.345,0.045,13.0,54.0,petit_usage
C51049,5.0,2800.0,0.332,0.117,13.0,44.0,petit_usage
C51050,3.0,79700.0,0.853,0.146,36.0,39.0,diaspora
C51051,4.0,4900.0,0.283,0.026,9.0,40.0,petit_usage
C51052,6.0,2900.0,0.335,0.146,13.0,27.0,petit_usage
C51053,2.0,3000.0,0.342,0.088,13.0,31.0,petit_usage
C51054,3.0,112300.0,0.858,0.0,32.0,43.0,diaspora
C51055,26.0,44900.0,0.168,0.532,26.0,19.0,salarie
C51056,10.0,16700.0,0.26,0.0,1.0,46.0,petit_usage
C51057,8.0,3200.0,0.182,0.0,12.0,36.0,petit_usage
C51058,29.0,33600.0,0.178,0.433,33.0,57.0,salarie
C51059,25.0,19400.0,0.369,0.375,39.0,33.0,salarie
C51060,37.0,12800.0,0.173,0.531,9.0,25.0,salarie
C51061,32.0,25100.0,0.264,0.305,33.0,43.0,salarie
C51062,3.0,258000.0,0.974,0.084,28.0,55.0,diaspora
C51063,8.0,4400.0,0.0,0.0,14.0,26.0,petit_usage
C51064,31.0,14300.0,0.212,0.236,31.0,32.0,salarie
C51065,8.0,700.0,0.423,0.055,20.0,18.0,petit_usage
C51066,95.0,21200.0,0.573,0.826,14.0,18.0,commercant
C51067,39.0,45200.0,0.167,0.424,25.0,49.0,salarie
C51068,93.0,24200.0,0.428,0.537,49.0,52.0,commercant
C51069,36.0,26200.0,0.63,0.698,25.0,31.0,commercant
C51070,10.0,3800.0,0.417,0.102,18.0,29.0,petit_usage
C51071,100.0,12400.0,0.646,0.558,19.0,25.0,commercant
C51072,12.0,2800.0,0.453,0.136,7.0,34.0,petit_usage
C51073,21.0,17400.0,0.199,0.397,21.0,45.0,salarie
C51074,6.0,1600.0,0.325,0.009,6.0,36.0,petit_usage
C51075,7.0,2000.0,0.341,0.153,8.0,33.0,petit_usage
C51076,1.0,3200.0,0.32,0.314,13.0,55.0,petit_usage
C51077,6.0,1700.0,0.258,0.06,11.0,24.0,petit_usage
C51078,38.0,20300.0,0.182,0.326,24.0,21.0,salarie
C51079,4.0,8100.0,0.307,0.191,9.0,27.0,petit_usage
C51080,60.0,16000.0,0.559,0.715,45.0,18.0,commercant
C51081,9.0,5400.0,0.4,0.017,12.0,38.0,petit_usage
C51082,8.0,1700.0,0.36,0.007,4.0,43.0,petit_usage
C51083,79.0,9900.0,0.592,0.555,39.0,28.0,commercant
C51084,30.0,45400.0,0.261,0.041,41.0,32.0,salarie
C51085,6.0,108300.0,0.941,0.076,19.0,63.0,diaspora
C51086,23.0,49300.0,0.39,0.29,24.0,43.0,salarie
C51087,16.0,22900.0,0.327,0.403,10.0,32.0,salarie
C51088,6.0,2000.0,0.131,0.077,2.0,32.0,petit_usage
C51089,10.0,2700.0,0.315,0.108,3.0,37.0,petit_usage
C51090,11.0,3200.0,0.333,0.051,23.0,26.0,petit_usage
C51091,8.0,4700.0,0.296,0.188,8.0,41.0,petit_usage
C51092,74.0,16400.0,0.549,0.477,45.0,18.0,commercant
C51093,85.0,36100.0,0.532,0.579,28.0,42.0,commercant
C51094,37.0,8800.0,0.082,0.38,3.0,22.0,salarie
C51095,58.0,12500.0,0.67,0.818,50.0,32.0,commercant
C51096,5.0,2200.0,0.348,0.168,14.0,36.0,petit_usage
C51097,5.0,4700.0,0.439,0.107,17.0,42.0,petit_usage
C51098,107.0,14300.0,0.552,0.685,28.0,35.0,commercant
C51099,20.0,35400.0,0.125,0.397,26.0,33.0,salarie
C51100,20.0,23500.0,0.162,0.445,19.0,36.0,salarie
C51101,37.0,18900.0,0.237,0.42,31.0,38.0,salarie
C51102,19.0,17700.0,0.151,0.52,20.0,28.0,salarie
C51103,7.0,212700.0,0.938,0.063,23.0,53.0,diaspora
C51104,2.0,1700.0,0.339,0.235,21.0,42.0,petit_usage
C51105,3.0,4700.0,0.396,0.038,20.0,56.0,petit_usage
C51106,10.0,36900.0,0.317,0.354,34.0,37.0,salarie
C51107,39.0,5700.0,0.086,0.295,6.0,52.0,salarie
C51108,4.0,3500.0,0.188,0.142,6.0,39.0,petit_usage
C51109,56.0,50200.0,0.738,0.753,53.0,29.0,commercant
C51110,23.0,20900.0,0.423,0.344,24.0,34.0,salarie
C51111,6.0,2100.0,0.249,0.011,15.0,56.0,petit_usage
C51112,10.0,127300.0,0.862,0.102,54.0,43.0,diaspora
C51113,90.0,13700.0,0.305,0.445,30.0,31.0,commercant
C51114,28.0,21700.0,0.174,0.228,37.0,49.0,salarie
C51115,12.0,4500.0,0.25,0.091,6.0,32.0,petit_usage
C51116,3.0,8400.0,0.271,0.124,8.0,41.0,petit_usage
C51117,7.0,2400.0,0.274,0.091,5.0,31.0,petit_usage
C51118,87.0,13800.0,0.737,0.751,25.0,20.0,commercant
C51119,6.0,800.0,0.234,0.094,11.0,44.0,petit_usage
C51120,80.0,11500.0,0.374,0.706,36.0,18.0,commercant
C51121,26.0,28300.0,0.298,0.243,39.0,46.0,salarie
C51122,7.0,1600.0,0.34,0.038,8.0,52.0,petit_usage
C51123,40.0,55900.0,0.233,0.349,49.0,30.0,salarie
C51124,8.0,196400.0,0.946,0.09,45.0,47.0,diaspora
C51125,92.0,13700.0,0.5,0.83,26.0,32.0,commercant
C51126,5.0,10500.0,0.257,0.0,8.0,38.0,petit_usage
C51127,4.0,5400.0,0.292,0.097,12.0,46.0,petit_usage
C51128,7.0,8700.0,0.177,0.148,5.0,18.0,petit_usage
C51129,7.0,78800.0,0.945,0.111,47.0,31.0,diaspora
C51130,4.0,2100.0,0.444,0.001,11.0,22.0,petit_usage
C51131,5.0,8700.0,0.139,0.152,13.0,32.0,petit_usage
C51132,99.0,17100.0,0.584,0.486,39.0,28.0,commercant
C51133,26.0,60800.0,0.442,0.355,37.0,49.0,salarie
C51134,10.0,4500.0,0.231,0.192,12.0,32.0,petit_usage
C51135,37.0,17200.0,0.285,0.309,25.0,32.0,salarie
C51136,9.0,51900.0,0.899,0.05,41.0,54.0,diaspora
C51137,8.0,3400.0,0.399,0.055,9.0,26.0,petit_usage
C51138,122.0,38600.0,0.713,0.522,27.0,40.0,commercant
C51139,2.0,5500.0,0.318,0.086,10.0,56.0,petit_usage
C51140,7.0,105200.0,0.893,0.017,39.0,60.0,diaspora
C51141,9.0,3600.0,0.271,0.106,5.0,32.0,petit_usage
C51142,5.0,3200.0,0.473,0.097,10.0,22.0,petit_usage
C51143,79.0,13700.0,0.596,0.548,49.0,53.0,commercant
C51144,31.0,20000.0,0.156,0.444,18.0,18.0,salarie
C51145,124.0,26300.0,0.45,0.54,30.0,29.0,commercant
C51146,9.0,1800.0,0.285,0.005,4.0,35.0,petit_usage
C51147,94.0,19000.0,0.472,0.576,30.0,34.0,commercant
C51148,3.0,3700.0,0.353,0.058,16.0,27.0,petit_usage
C51149,25.0,8900.0,0.153,0.386,25.0,30.0,salarie
C51150,12.0,2500.0,0.226,0.152,6.0,41.0,petit_usage
C51151,8.0,8900.0,0.371,0.243,15.0,39.0,petit_usage
C51152,7.0,2100.0,0.414,0.134,1.0,27.0,petit_usage
C51153,9.0,85500.0,0.892,0.096,30.0,70.0,diaspora
C51154,56.0,22700.0,0.419,0.442,35.0,33.0,commercant
C51155,10.0,3900.0,0.201,0.111,7.0,52.0,petit_usage
C51156,29.0,26800.0,0.126,0.489,41.0,37.0,salarie
C51157,4.0,5500.0,0.352,0.045,9.0,27.0,petit_usage
C51158,4.0,2600.0,0.394,0.178,7.0,37.0,petit_usage
C51159,46.0,28800.0,0.332,0.393,15.0,36.0,salarie
C51160,22.0,42300.0,0.329,0.426,38.0,24.0,salarie
C51161,96.0,17100.0,0.423,0.625,47.0,28.0,commercant
C51162,31.0,18700.0,0.433,0.612,17.0,42.0,salarie
C51163,131.0,18600.0,0.261,0.604,20.0,42.0,commercant
C51164,28.0,27000.0,0.347,0.139,28.0,31.0,salarie
C51165,85.0,9400.0,0.471,0.534,27.0,34.0,commercant
C51166,28.0,46300.0,0.394,0.337,20.0,33.0,salarie
C51167,10.0,3500.0,0.299,0.11,19.0,30.0,petit_usage
C51168,38.0,36400.0,0.237,0.47,33.0,18.0,salarie
C51169,1.0,2200.0,0.226,0.203,10.0,24.0,petit_usage
C51170,6.0,1200.0,0.08,0.201,14.0,23.0,petit_usage
C51171,29.0,16500.0,0.257,0.315,24.0,28.0,salarie
C51172,6.0,4300.0,0.316,0.036,4.0,48.0,petit_usage
C51173,8.0,11600.0,0.442,0.106,9.0,34.0,petit_usage
C51174,39.0,18800.0,0.232,0.488,22.0,29.0,salarie
C51175,5.0,1000.0,0.348,0.134,1.0,19.0,petit_usage
C51176,6.0,128400.0,0.947,0.121,35.0,44.0,diaspora
C51177,10.0,112200.0,0.847,0.0,37.0,42.0,diaspora
C51178,37.0,36800.0,0.181,0.433,39.0,34.0,salarie
C51179,5.0,2000.0,0.183,0.129,1.0,30.0,petit_usage
C51180,28.0,27700.0,0.071,0.167,36.0,23.0,salarie
C51181,91.0,55100.0,0.409,0.53,33.0,28.0,commercant
C51182,10.0,2300.0,0.227,0.111,9.0,35.0,petit_usage
C51183,10.0,4700.0,0.297,0.11,1.0,24.0,petit_usage
C51184,82.0,17200.0,0.497,0.764,24.0,39.0,commercant
C51185,35.0,18900.0,0.156,0.383,39.0,18.0,salarie
C51186,45.0,20700.0,0.204,0.211,16.0,51.0,salarie
C51187,6.0,3900.0,0.415,0.157,5.0,33.0,petit_usage
C51188,19.0,6800.0,0.279,0.203,27.0,36.0,salarie
C51189,12.0,73000.0,0.857,0.019,43.0,72.0,diaspora
C51190,39.0,35300.0,0.282,0.186,2.0,46.0,salarie
C51191,83.0,17700.0,0.583,0.677,39.0,25.0,commercant
C51192,8.0,6400.0,0.241,0.151,13.0,26.0,petit_usage
C51193,33.0,42100.0,0.267,0.464,18.0,26.0,salarie
C51194,7.0,2100.0,0.496,0.2,13.0,33.0,petit_usage
C51195,9.0,1500.0,0.318,0.104,11.0,29.0,petit_usage
C51196,36.0,30700.0,0.32,0.374,33.0,34.0,salarie
C51197,26.0,43200.0,0.206,0.276,10.0,26.0,salarie
C51198,9.0,6000.0,0.283,0.032,4.0,32.0,petit_usage
C51199,88.0,24000.0,0.476,0.424,24.0,54.0,commercant
C51200,129.0,10600.0,0.555,0.745,36.0,35.0,commercant
C51201,50.0,8900.0,0.482,0.526,24.0,31.0,salarie
C51202,7.0,78000.0,0.97,0.078,42.0,51.0,diaspora
C51203,27.0,26300.0,0.243,0.443,33.0,26.0,salarie
C51204,9.0,137600.0,0.903,0.067,48.0,77.0,diaspora
C51205,10.0,1600.0,0.328,0.241,4.0,20.0,petit_usage
C51206,7.0,4100.0,0.018,0.088,4.0,36.0,petit_usage
C51207,8.0,2900.0,0.295,0.0,4.0,36.0,petit_usage
C51208,9.0,128000.0,0.911,0.0,38.0,57.0,diaspora
C51209,63.0,10900.0,0.699,0.618,49.0,42.0,commercant
C51210,76.0,23900.0,0.467,0.616,35.0,23.0,commercant
C51211,3.0,2600.0,0.427,0.091,9.0,31.0,petit_usage
C51212,8.0,1900.0,0.245,0.044,12.0,34.0,petit_usage
C51213,6.0,3800.0,0.419,0.107,1.0,27.0,petit_usage
C51214,9.0,8600.0,0.477,0.151,15.0,26.0,petit_usage
C51215,6.0,6500.0,0.414,0.186,4.0,30.0,petit_usage
C51216,4.0,5400.0,0.145,0.057,8.0,36.0,petit_usage
C51217,11.0,89100.0,0.901,0.044,34.0,57.0,diaspora
C51218,1.0,8300.0,0.319,0.011,19.0,42.0,petit_usage
C51219,34.0,25400.0,0.356,0.456,19.0,38.0,salarie
C51220,125.0,58800.0,0.607,0.66,55.0,38.0,commercant
C51221,8.0,2300.0,0.377,0.192,17.0,30.0,petit_usage
C51222,108.0,19200.0,0.346,0.735,52.0,44.0,commercant
C51223,35.0,27100.0,0.293,0.42,34.0,35.0,salarie
C51224,38.0,30800.0,0.311,0.258,10.0,20.0,salarie
C51225,65.0,10200.0,0.564,0.811,20.0,19.0,commercant
C51226,10.0,4300.0,0.286,0.145,10.0,23.0,petit_usage
C51227,9.0,4300.0,0.455,0.033,1.0,45.0,petit_usage
C51228,34.0,35800.0,0.141,0.228,31.0,23.0,salarie
C51229,68.0,25100.0,0.465,0.611,25.0,18.0,commercant
C51230,5.0,7200.0,0.191,0.093,13.0,30.0,petit_usage
C51231,36.0,32500.0,0.268,0.129,29.0,38.0,salarie
C51232,8.0,73700.0,0.901,0.036,61.0,50.0,diaspora
C51233,4.0,3200.0,0.321,0.0,17.0,28.0,petit_usage
C51234,89.0,12800.0,0.677,0.675,8.0,30.0,commercant
C51235,4.0,9600.0,0.232,0.12,9.0,37.0,petit_usage
C51236,34.0,22100.0,0.116,0.564,7.0,27.0,salarie
C51237,84.0,25500.0,0.682,0.581,33.0,20.0,commercant
C51238,9.0,6000.0,0.269,0.147,9.0,47.0,petit_usage
C51239,22.0,52100.0,0.251,0.465,25.0,54.0,salarie
C51240,6.0,2000.0,0.27,0.0,8.0,31.0,petit_usage
C51241,23.0,25000.0,0.179,0.336,42.0,18.0,salarie
C51242,28.0,31600.0,0.208,0.204,41.0,37.0,salarie
C51243,8.0,82300.0,0.93,0.045,24.0,35.0,diaspora
C51244,24.0,7100.0,0.188,0.274,34.0,29.0,salarie
C51245,30.0,29600.0,0.123,0.419,47.0,34.0,salarie
C51246,1.0,88400.0,0.911,0.006,39.0,39.0,diaspora
C51247,18.0,11400.0,0.308,0.547,33.0,27.0,salarie
C51248,3.0,5500.0,0.34,0.196,15.0,44.0,petit_usage
C51249,80.0,6000.0,0.435,0.749,25.0,38.0,commercant
C51250,4.0,2600.0,0.12,0.05,10.0,36.0,petit_usage
C51251,5.0,3600.0,0.441,0.0,1.0,51.0,petit_usage
C51252,10.0,3700.0,0.418,0.145,20.0,29.0,petit_usage
C51253,7.0,53500.0,0.903,0.052,18.0,64.0,diaspora
C51254,105.0,8700.0,0.618,0.58,53.0,18.0,commercant
C51255,23.0,36500.0,0.185,0.36,33.0,51.0,salarie
C51256,123.0,25200.0,0.63,0.555,48.0,23.0,commercant
C51257,9.0,1900.0,0.413,0.065,8.0,30.0,petit_usage
C51258,6.0,69200.0,1.0,0.133,26.0,76.0,diaspora
C51259,31.0,21900.0,0.229,0.414,13.0,45.0,salarie
C51260,6.0,5700.0,0.245,0.014,17.0,36.0,petit_usage
C51261,10.0,2600.0,0.239,0.167,4.0,23.0,petit_usage
C51262,17.0,37300.0,0.193,0.206,32.0,37.0,salarie
C51263,78.0,16000.0,0.452,0.785,17.0,42.0,commercant
C51264,30.0,48600.0,0.281,0.459,25.0,31.0,salarie
C51265,10.0,4000.0,0.177,0.13,11.0,27.0,petit_usage
C51266,6.0,2900.0,0.386,0.062,15.0,30.0,petit_usage
C51267,4.0,900.0,0.345,0.178,8.0,38.0,petit_usage
C51268,9.0,6200.0,0.408,0.104,3.0,31.0,petit_usage
C51269,7.0,2200.0,0.231,0.0,9.0,18.0,petit_usage
C51270,85.0,13000.0,0.471,0.691,33.0,29.0,commercant
C51271,12.0,3900.0,0.312,0.049,6.0,56.0,petit_usage
C51272,2.0,80300.0,0.947,0.078,68.0,59.0,diaspora
C51273,101.0,27800.0,0.578,0.418,28.0,28.0,commercant
C51274,120.0,12700.0,0.453,0.541,56.0,35.0,commercant
C51275,3.0,4800.0,0.439,0.144,11.0,43.0,petit_usage
C51276,26.0,20000.0,0.326,0.338,26.0,29.0,salarie
C51277,31.0,20800.0,0.372,0.192,24.0,55.0,salarie
C51278,20.0,25300.0,0.257,0.223,22.0,39.0,salarie
C51279,6.0,5000.0,0.275,0.011,4.0,37.0,petit_usage
C51280,89.0,15500.0,0.557,0.669,36.0,34.0,commercant
C51281,84.0,5700.0,0.56,0.611,61.0,49.0,commercant
C51282,1.0,4800.0,0.36,0.061,6.0,25.0,petit_usage
C51283,37.0,24300.0,0.233,0.442,26.0,25.0,salarie
C51284,4.0,1800.0,0.235,0.065,11.0,31.0,petit_usage
C51285,5.0,3800.0,0.35,0.0,9.0,31.0,petit_usage
C51286,7.0,6700.0,0.273,0.0,1.0,31.0,petit_usage
C51287,10.0,120000.0,0.944,0.02,29.0,54.0,diaspora
C51288,21.0,92100.0,0.369,0.175,40.0,51.0,salarie
C51289,95.0,37800.0,0.545,0.534,42.0,37.0,commercant
C51290,30.0,18400.0,0.293,0.495,52.0,35.0,salarie
C51291,84.0,16600.0,0.489,0.484,55.0,37.0,commercant
C51292,11.0,2500.0,0.171,0.17,12.0,32.0,petit_usage
C51293,5.0,155400.0,0.88,0.0,47.0,56.0,diaspora
C51294,1.0,6700.0,0.397,0.147,12.0,46.0,petit_usage
C51295,93.0,7400.0,0.594,0.721,29.0,30.0,commercant
C51296,7.0,9100.0,0.253,0.105,11.0,43.0,petit_usage
C51297,8.0,1800.0,0.401,0.066,10.0,38.0,petit_usage
C51298,6.0,4900.0,0.439,0.05,6.0,26.0,petit_usage
C51299,12.0,5900.0,0.419,0.104,17.0,38.0,petit_usage
C51300,9.0,2400.0,0.367,0.173,5.0,34.0,petit_usage
C51301,86.0,20200.0,0.551,0.378,69.0,44.0,commercant
C51302,32.0,7400.0,0.524,0.668,25.0,23.0,commercant
C51303,7.0,2200.0,0.13,0.053,1.0,42.0,petit_usage
C51304,20.0,65200.0,0.25,0.569,24.0,20.0,salarie
C51305,10.0,86400.0,0.961,0.0,19.0,46.0,diaspora
C51306,3.0,1200.0,0.253,0.182,6.0,36.0,petit_usage
C51307,103.0,15500.0,0.448,0.513,54.0,26.0,commercant
C51308,19.0,4500.0,0.053,0.396,18.0,25.0,salarie
C51309,38.0,31500.0,0.285,0.378,46.0,62.0,salarie
C51310,121.0,13800.0,0.634,0.632,43.0,31.0,commercant
C51311,94.0,7100.0,0.547,0.699,30.0,48.0,commercant
C51312,1.0,12600.0,0.39,0.0,6.0,26.0,petit_usage
C51313,6.0,3200.0,0.319,0.0,2.0,43.0,petit_usage
C51314,68.0,18500.0,0.61,0.54,34.0,38.0,commercant
C51315,26.0,9700.0,0.219,0.292,21.0,34.0,salarie
C51316,43.0,64300.0,0.218,0.364,19.0,38.0,salarie
C51317,7.0,33400.0,0.407,0.521,12.0,35.0,salarie
C51318,98.0,10500.0,0.598,0.596,52.0,37.0,commercant
C51319,5.0,5000.0,0.357,0.088,27.0,25.0,petit_usage
C51320,5.0,3900.0,0.246,0.002,22.0,49.0,petit_usage
C51321,27.0,47800.0,0.209,0.556,28.0,18.0,salarie
C51322,14.0,139800.0,0.96,0.015,35.0,35.0,diaspora
C51323,51.0,16900.0,0.659,0.78,56.0,29.0,commercant
C51324,1.0,4900.0,0.416,0.18,6.0,23.0,petit_usage
C51325,84.0,10300.0,0.498,0.699,32.0,26.0,commercant
C51326,11.0,2700.0,0.069,0.11,12.0,20.0,petit_usage
C51327,88.0,34400.0,0.377,0.682,50.0,32.0,commercant
C51328,37.0,13500.0,0.251,0.462,34.0,29.0,salarie
C51329,6.0,1300.0,0.249,0.174,10.0,39.0,petit_usage
C51330,70.0,26000.0,0.655,0.403,22.0,27.0,commercant
C51331,6.0,113100.0,0.871,0.047,41.0,60.0,diaspora
C51332,92.0,38000.0,0.419,0.685,30.0,30.0,commercant
C51333,12.0,46100.0,0.958,0.0,44.0,58.0,diaspora
C51334,66.0,6800.0,0.364,0.546,32.0,28.0,commercant
C51335,74.0,19000.0,0.567,0.436,27.0,18.0,commercant
C51336,60.0,26000.0,0.667,0.598,39.0,31.0,commercant
C51337,90.0,16300.0,0.426,0.6,43.0,29.0,commercant
C51338,7.0,1800.0,0.488,0.19,13.0,38.0,petit_usage
C51339,111.0,6800.0,0.557,0.403,46.0,33.0,commercant
C51340,92.0,22700.0,0.554,0.507,39.0,34.0,commercant
C51341,9.0,129000.0,0.95,0.051,43.0,47.0,diaspora
C51342,27.0,30400.0,0.13,0.535,33.0,25.0,salarie
C51343,20.0,22800.0,0.244,0.532,33.0,27.0,salarie
C51344,3.0,7900.0,0.274,0.0,8.0,33.0,petit_usage
C51345,8.0,112700.0,0.87,0.047,39.0,48.0,diaspora
C51346,6.0,98000.0,0.963,0.037,63.0,64.0,diaspora
C51347,2.0,4900.0,0.19,0.116,1.0,21.0,petit_usage
C51348,88.0,15400.0,0.582,0.582,12.0,29.0,commercant
C51349,11.0,73800.0,0.913,0.051,15.0,58.0,diaspora
C51350,16.0,53300.0,0.251,0.442,23.0,31.0,salarie
C51351,112.0,16700.0,0.534,0.563,46.0,33.0,commercant
C51352,8.0,6000.0,0.576,0.2,19.0,18.0,petit_usage
C51353,21.0,32200.0,0.207,0.415,33.0,18.0,salarie
C51354,8.0,7800.0,0.537,0.094,9.0,19.0,petit_usage
C51355,103.0,6800.0,0.641,0.512,31.0,50.0,commercant
C51356,101.0,22400.0,0.597,0.548,10.0,28.0,commercant
C51357,35.0,28100.0,0.275,0.387,55.0,43.0,salarie
C51358,92.0,12900.0,0.528,0.56,38.0,46.0,commercant
C51359,64.0,36800.0,0.559,0.581,13.0,29.0,commercant
C51360,9.0,5000.0,0.243,0.201,1.0,24.0,petit_usage
C51361,35.0,39500.0,0.298,0.467,24.0,38.0,salarie
C51362,25.0,20800.0,0.168,0.346,37.0,33.0,salarie
C51363,9.0,89000.0,0.84,0.145,51.0,44.0,diaspora
C51364,27.0,30500.0,0.134,0.372,20.0,32.0,salarie
C51365,4.0,5200.0,0.173,0.109,25.0,40.0,petit_usage
C51366,64.0,29200.0,0.393,0.45,45.0,36.0,commercant
C51367,8.0,104300.0,0.998,0.058,53.0,44.0,diaspora
C51368,108.0,15200.0,0.565,0.707,32.0,44.0,commercant
C51369,26.0,20600.0,0.252,0.529,26.0,49.0,salarie
C51370,34.0,28200.0,0.428,0.291,28.0,18.0,salarie
C51371,34.0,25600.0,0.28,0.327,42.0,25.0,salarie
C51372,12.0,1400.0,0.166,0.027,18.0,46.0,petit_usage
C51373,81.0,12200.0,0.442,0.565,49.0,43.0,commercant
C51374,2.0,2500.0,0.45,0.235,17.0,39.0,petit_usage
C51375,95.0,12000.0,0.492,0.512,35.0,43.0,commercant
C51376,12.0,67400.0,0.95,0.055,21.0,64.0,diaspora
C51377,99.0,19900.0,0.59,0.53,46.0,18.0,commercant
C51378,6.0,3200.0,0.16,0.137,11.0,18.0,petit_usage
C51379,41.0,42600.0,0.242,0.393,32.0,18.0,salarie
C51380,96.0,14700.0,0.717,0.659,25.0,19.0,commercant
C51381,84.0,18800.0,0.39,0.448,32.0,23.0,commercant
C51382,6.0,5000.0,0.269,0.293,14.0,26.0,petit_usage
C51383,7.0,5100.0,0.326,0.138,10.0,32.0,petit_usage
C51384,54.0,13700.0,0.556,0.521,6.0,50.0,commercant
C51385,31.0,35300.0,0.228,0.319,13.0,44.0,salarie
C51386,9.0,4200.0,0.384,0.025,14.0,44.0,petit_usage
C51387,7.0,43600.0,0.901,0.036,63.0,62.0,diaspora
C51388,5.0,2800.0,0.22,0.123,4.0,29.0,petit_usage
C51389,2.0,7700.0,0.373,0.124,7.0,38.0,petit_usage
C51390,6.0,74500.0,0.882,0.049,64.0,31.0,diaspora
C51391,4.0,1800.0,0.198,0.0,22.0,26.0,petit_usage
C51392,5.0,2800.0,0.24,0.049,10.0,30.0,petit_usage
C51393,25.0,54600.0,0.179,0.39,39.0,18.0,salarie
C51394,69.0,4800.0,0.521,0.597,25.0,30.0,commercant
C51395,15.0,139100.0,0.916,0.0,40.0,19.0,diaspora
C51396,4.0,164100.0,0.962,0.047,49.0,44.0,diaspora
C51397,33.0,48000.0,0.162,0.435,6.0,39.0,salarie
C51398,9.0,74100.0,0.949,0.102,53.0,47.0,diaspora
C51399,32.0,38000.0,0.202,0.531,24.0,34.0,salarie
C51400,112.0,29200.0,0.544,0.722,29.0,37.0,commercant
C51401,15.0,131500.0,0.928,0.13,31.0,46.0,diaspora
C51402,4.0,2800.0,0.354,0.0,18.0,35.0,petit_usage
C51403,5.0,1900.0,0.256,0.258,6.0,29.0,petit_usage
C51404,22.0,28600.0,0.284,0.373,23.0,44.0,salarie
C51405,58.0,20400.0,0.521,0.842,51.0,18.0,commercant
C51406,77.0,6100.0,0.55,0.467,63.0,18.0,commercant
C51407,27.0,29700.0,0.202,0.583,44.0,18.0,salarie
C51408,6.0,900.0,0.317,0.021,14.0,29.0,petit_usage
C51409,1.0,3800.0,0.128,0.152,1.0,18.0,petit_usage
C51410,20.0,55600.0,0.24,0.389,13.0,31.0,salarie
C51411,69.0,22900.0,0.548,0.839,1.0,43.0,commercant
C51412,9.0,84200.0,0.863,0.01,37.0,58.0,diaspora
C51413,32.0,14200.0,0.178,0.225,29.0,21.0,salarie
C51414,45.0,18200.0,0.374,0.375,46.0,37.0,salarie
C51415,73.0,15500.0,0.609,0.651,25.0,35.0,commercant
C51416,27.0,24500.0,0.25,0.227,27.0,34.0,salarie
C51417,134.0,27100.0,0.552,0.638,25.0,38.0,commercant
C51418,8.0,5300.0,0.438,0.155,16.0,32.0,petit_usage
C51419,3.0,1300.0,0.497,0.0,14.0,18.0,petit_usage
C51420,98.0,33000.0,0.558,0.844,56.0,45.0,commercant
C51421,31.0,47300.0,0.379,0.472,15.0,38.0,salarie
C51422,6.0,1400.0,0.305,0.025,15.0,30.0,petit_usage
C51423,6.0,2300.0,0.48,0.073,13.0,32.0,petit_usage
C51424,5.0,264400.0,0.98,0.03,39.0,69.0,diaspora
C51425,27.0,16500.0,0.226,0.417,42.0,20.0,salarie
C51426,14.0,46400.0,0.886,0.023,27.0,40.0,diaspora
C51427,36.0,25500.0,0.253,0.284,12.0,22.0,salarie
C51428,5.0,2400.0,0.321,0.093,11.0,39.0,petit_usage
C51429,74.0,15300.0,0.542,0.478,24.0,49.0,commercant
C51430,39.0,16700.0,0.276,0.372,19.0,52.0,salarie
C51431,3.0,4900.0,0.496,0.0,8.0,18.0,petit_usage
C51432,28.0,5300.0,0.11,0.443,14.0,20.0,salarie
C51433,33.0,50900.0,0.31,0.307,26.0,18.0,salarie
C51434,36.0,36300.0,0.222,0.251,13.0,46.0,salarie
C51435,9.0,2400.0,0.186,0.121,7.0,48.0,petit_usage
C51436,4.0,4900.0,0.319,0.168,9.0,38.0,petit_usage
C51437,3.0,6100.0,0.41,0.013,13.0,41.0,petit_usage
C51438,31.0,41100.0,0.259,0.476,24.0,26.0,salarie
C51439,34.0,9000.0,0.345,0.379,30.0,43.0,salarie
C51440,8.0,3400.0,0.034,0.191,12.0,31.0,petit_usage
C51441,5.0,3600.0,0.286,0.038,6.0,41.0,petit_usage
C51442,9.0,158700.0,0.896,0.048,74.0,37.0,diaspora
C51443,5.0,1700.0,0.24,0.049,14.0,30.0,petit_usage
C51444,34.0,6400.0,0.23,0.412,15.0,34.0,salarie
C51445,21.0,40000.0,0.221,0.332,37.0,35.0,salarie
C51446,5.0,2600.0,0.377,0.247,17.0,29.0,petit_usage
C51447,5.0,4200.0,0.148,0.099,14.0,35.0,petit_usage
C51448,43.0,15000.0,0.226,0.318,34.0,28.0,salarie
C51449,4.0,4800.0,0.077,0.037,10.0,39.0,petit_usage
C51450,5.0,3100.0,0.246,0.138,5.0,37.0,petit_usage
C51451,13.0,57900.0,0.919,0.007,42.0,61.0,diaspora
C51452,2.0,4600.0,0.149,0.102,7.0,22.0,petit_usage
C51453,7.0,3100.0,0.338,0.112,14.0,47.0,petit_usage
C51454,17.0,32800.0,0.373,0.477,10.0,39.0,salarie
C51455,102.0,22400.0,0.606,0.437,29.0,32.0,commercant
C51456,7.0,148900.0,0.953,0.066,37.0,59.0,diaspora
C51457,89.0,29600.0,0.756,0.635,49.0,19.0,commercant
C51458,5.0,2800.0,0.368,0.023,7.0,26.0,petit_usage
C51459,3.0,6300.0,0.324,0.058,1.0,50.0,petit_usage
C51460,37.0,8200.0,0.173,0.253,30.0,46.0,salarie
C51461,42.0,65700.0,0.29,0.44,17.0,29.0,salarie
C51462,98.0,15800.0,0.535,0.586,22.0,37.0,commercant
C51463,39.0,37000.0,0.217,0.386,36.0,40.0,salarie
C51464,3.0,96800.0,0.906,0.033,46.0,62.0,diaspora
C51465,9.0,76000.0,0.841,0.036,10.0,55.0,diaspora
C51466,7.0,4500.0,0.373,0.236,10.0,35.0,petit_usage
C51467,38.0,44100.0,0.346,0.366,13.0,39.0,salarie
C51468,98.0,18400.0,0.529,0.517,5.0,37.0,commercant
C51469,1.0,4500.0,0.362,0.167,1.0,41.0,petit_usage
C51470,28.0,30100.0,0.255,0.417,3.0,42.0,salarie
C51471,86.0,17400.0,0.524,0.465,38.0,19.0,commercant
C51472,95.0,11500.0,0.657,0.575,41.0,29.0,commercant
C51473,36.0,18800.0,0.261,0.441,23.0,27.0,salarie
C51474,4.0,2400.0,0.406,0.098,18.0,48.0,petit_usage
C51475,65.0,39200.0,0.511,0.367,35.0,41.0,commercant
C51476,3.0,99300.0,0.965,0.109,56.0,41.0,diaspora
C51477,7.0,3300.0,0.174,0.0,6.0,32.0,petit_usage
C51478,2.0,38800.0,0.852,0.075,64.0,35.0,diaspora
C51479,11.0,106600.0,0.836,0.001,67.0,38.0,diaspora
C51480,7.0,2700.0,0.165,0.1,8.0,20.0,petit_usage
C51481,7.0,3300.0,0.315,0.0,14.0,29.0,petit_usage
C51482,41.0,24100.0,0.215,0.211,17.0,49.0,salarie
C51483,7.0,6400.0,0.137,0.16,13.0,25.0,petit_usage
C51484,6.0,1800.0,0.24,0.086,12.0,45.0,petit_usage
C51485,8.0,7800.0,0.161,0.149,11.0,50.0,petit_usage
C51486,38.0,27500.0,0.251,0.387,28.0,18.0,salarie
C51487,88.0,22000.0,0.606,0.538,35.0,20.0,commercant
C51488,8.0,3800.0,0.212,0.0,1.0,33.0,petit_usage
C51489,5.0,6800.0,0.336,0.098,7.0,29.0,petit_usage
C51490,37.0,66700.0,0.271,0.583,26.0,56.0,salarie
C51491,4.0,4300.0,0.295,0.066,4.0,31.0,petit_usage
C51492,6.0,126200.0,0.878,0.052,33.0,50.0,diaspora
C51493,6.0,3700.0,0.162,0.122,23.0,31.0,petit_usage
C51494,2.0,4400.0,0.248,0.049,2.0,41.0,petit_usage
C51495,32.0,18100.0,0.229,0.189,19.0,33.0,salarie
C51496,88.0,34800.0,0.609,0.655,18.0,45.0,commercant
C51497,89.0,32400.0,0.608,0.578,29.0,39.0,commercant
C51498,41.0,15900.0,0.299,0.241,27.0,38.0,salarie
C51499,4.0,2600.0,0.263,0.12,7.0,37.0,petit_usage
C51500,9.0,3200.0,0.289,0.0,4.0,22.0,petit_usage
C51501,11.0,6900.0,0.305,0.11,1.0,28.0,petit_usage
C51502,8.0,2400.0,0.371,0.154,17.0,21.0,petit_usage
C51503,6.0,100600.0,0.932,0.046,28.0,50.0,diaspora
C51504,9.0,1900.0,0.349,0.086,10.0,18.0,petit_usage
C51505,71.0,10100.0,0.425,0.503,29.0,38.0,commercant
C51506,6.0,2700.0,0.203,0.096,10.0,26.0,petit_usage
C51507,63.0,17900.0,0.354,0.541,26.0,44.0,commercant
C51508,105.0,20000.0,0.596,0.594,33.0,58.0,commercant
C51509,31.0,32600.0,0.092,0.188,36.0,57.0,salarie
C51510,4.0,2600.0,0.355,0.185,15.0,29.0,petit_usage
C51511,8.0,101300.0,0.832,0.012,60.0,31.0,diaspora
C51512,5.0,1500.0,0.158,0.169,6.0,39.0,petit_usage
C51513,34.0,43500.0,0.267,0.251,18.0,30.0,salarie
C51514,1.0,3600.0,0.342,0.0,14.0,26.0,petit_usage
C51515,25.0,14900.0,0.286,0.244,23.0,48.0,salarie
C51516,93.0,22900.0,0.63,0.577,20.0,36.0,commercant
C51517,8.0,1000.0,0.256,0.123,10.0,34.0,petit_usage
C51518,2.0,4300.0,0.348,0.294,5.0,33.0,petit_usage
C51519,5.0,2400.0,0.205,0.228,15.0,35.0,petit_usage
C51520,7.0,67800.0,0.985,0.0,39.0,52.0,diaspora
C51521,3.0,3400.0,0.098,0.194,17.0,21.0,petit_usage
C51522,8.0,7500.0,0.253,0.0,10.0,42.0,petit_usage
C51523,6.0,6400.0,0.169,0.297,22.0,45.0,petit_usage
C51524,8.0,84200.0,0.86,0.131,20.0,61.0,diaspora
C51525,11.0,6900.0,0.237,0.027,12.0,47.0,petit_usage
C51526,3.0,2800.0,0.362,0.047,22.0,18.0,petit_usage
C51527,28.0,35600.0,0.326,0.422,31.0,24.0,salarie
C51528,40.0,37700.0,0.408,0.301,24.0,34.0,salarie
C51529,2.0,6600.0,0.316,0.108,1.0,40.0,petit_usage
C51530,9.0,2900.0,0.319,0.101,12.0,29.0,petit_usage
C51531,27.0,14500.0,0.177,0.209,41.0,31.0,salarie
C51532,8.0,6500.0,0.154,0.282,13.0,34.0,petit_usage
C51533,113.0,15000.0,0.493,0.454,64.0,43.0,commercant
C51534,25.0,24000.0,0.19,0.434,38.0,48.0,salarie
C51535,7.0,2400.0,0.328,0.0,12.0,18.0,petit_usage
C51536,11.0,172000.0,0.916,0.14,16.0,43.0,diaspora
C51537,32.0,16200.0,0.229,0.319,38.0,35.0,salarie
C51538,3.0,105800.0,0.918,0.048,44.0,52.0,diaspora
C51539,10.0,2800.0,0.318,0.144,9.0,38.0,petit_usage
C51540,20.0,68600.0,0.293,0.227,22.0,38.0,salarie
C51541,26.0,33900.0,0.334,0.262,40.0,39.0,salarie
C51542,46.0,31800.0,0.227,0.384,20.0,47.0,salarie
C51543,5.0,3600.0,0.217,0.0,2.0,22.0,petit_usage
C51544,2.0,2200.0,0.215,0.219,18.0,24.0,petit_usage
C51545,82.0,47300.0,0.405,0.62,45.0,29.0,commercant
C51546,9.0,5600.0,0.34,0.009,9.0,30.0,petit_usage
C51547,11.0,177600.0,0.986,0.104,30.0,55.0,diaspora
C51548,84.0,25000.0,0.672,0.513,14.0,33.0,commercant
C51549,4.0,4600.0,0.37,0.08,21.0,40.0,petit_usage
C51550,118.0,13500.0,0.541,0.646,49.0,49.0,commercant
C51551,25.0,25800.0,0.239,0.363,32.0,44.0,salarie
C51552,6.0,55700.0,0.928,0.033,58.0,34.0,diaspora
C51553,60.0,32300.0,0.563,0.438,37.0,39.0,commercant
C51554,53.0,5700.0,0.597,0.714,61.0,18.0,commercant
C51555,7.0,4000.0,0.338,0.0,19.0,38.0,petit_usage
C51556,115.0,19300.0,0.558,0.749,30.0,39.0,commercant
C51557,3.0,4000.0,0.374,0.093,12.0,33.0,petit_usage
C51558,5.0,1100.0,0.264,0.226,15.0,33.0,petit_usage
C51559,24.0,17700.0,0.308,0.149,48.0,18.0,salarie
C51560,2.0,2700.0,0.287,0.08,14.0,33.0,petit_usage
C51561,100.0,32700.0,0.625,0.592,21.0,44.0,commercant
C51562,86.0,24300.0,0.656,0.513,47.0,26.0,commercant
C51563,7.0,2900.0,0.095,0.022,6.0,43.0,petit_usage
C51564,30.0,32300.0,0.251,0.405,32.0,42.0,salarie
C51565,5.0,9400.0,0.328,0.0,17.0,33.0,petit_usage
C51566,1.0,4600.0,0.363,0.155,16.0,35.0,petit_usage
C51567,1.0,2700.0,0.127,0.04,11.0,34.0,petit_usage
C51568,85.0,58100.0,0.59,0.765,37.0,18.0,commercant
C51569,31.0,39800.0,0.399,0.408,27.0,23.0,salarie
C51570,90.0,11500.0,0.469,0.637,55.0,34.0,commercant
C51571,8.0,80400.0,0.943,0.063,51.0,53.0,diaspora
C51572,40.0,26200.0,0.382,0.444,31.0,25.0,salarie
C51573,8.0,4300.0,0.273,0.0,8.0,34.0,petit_usage
C51574,99.0,23400.0,0.33,0.512,19.0,38.0,commercant
C51575,4.0,7400.0,0.324,0.072,15.0,21.0,petit_usage
C51576,88.0,22400.0,0.493,0.632,24.0,32.0,commercant
C51577,111.0,18500.0,0.517,0.534,56.0,32.0,commercant
C51578,34.0,27400.0,0.227,0.552,19.0,38.0,salarie
C51579,8.0,2600.0,0.228,0.058,18.0,37.0,petit_usage
C51580,1.0,4800.0,0.263,0.252,17.0,38.0,petit_usage
C51581,15.0,9500.0,0.307,0.299,14.0,47.0,salarie
C51582,5.0,3400.0,0.193,0.126,4.0,38.0,petit_usage
C51583,4.0,96400.0,0.902,0.005,23.0,53.0,diaspora
C51584,86.0,27800.0,0.644,0.454,28.0,39.0,commercant
C51585,36.0,22400.0,0.248,0.35,26.0,24.0,salarie
C51586,3.0,5600.0,0.337,0.0,11.0,23.0,petit_usage
C51587,40.0,32000.0,0.181,0.487,30.0,31.0,salarie
C51588,8.0,2100.0,0.324,0.157,5.0,39.0,petit_usage
C51589,92.0,15800.0,0.328,0.525,41.0,28.0,commercant
C51590,4.0,4800.0,0.267,0.079,15.0,18.0,petit_usage
C51591,7.0,4800.0,0.154,0.013,14.0,46.0,petit_usage
C51592,32.0,73400.0,0.22,0.397,58.0,57.0,salarie
C51593,25.0,18500.0,0.178,0.369,33.0,34.0,salarie
C51594,29.0,27000.0,0.165,0.495,26.0,52.0,salarie
C51595,25.0,36900.0,0.264,0.451,12.0,25.0,salarie
C51596,15.0,97400.0,0.942,0.058,45.0,56.0,diaspora
C51597,7.0,3700.0,0.212,0.094,8.0,27.0,petit_usage
C51598,4.0,900.0,0.326,0.122,15.0,41.0,petit_usage
C51599,27.0,19400.0,0.264,0.463,18.0,35.0,salarie
C51600,92.0,13500.0,0.581,0.557,36.0,45.0,commercant
C51601,33.0,34200.0,0.583,0.589,43.0,37.0,commercant
C51602,16.0,1300.0,0.152,0.061,2.0,40.0,petit_usage
C51603,3.0,4100.0,0.267,0.011,8.0,26.0,petit_usage
C51604,80.0,17900.0,0.393,0.619,13.0,33.0,commercant
C51605,33.0,8300.0,0.393,0.355,11.0,31.0,salarie
C51606,3.0,83800.0,0.904,0.053,34.0,53.0,diaspora
C51607,5.0,3900.0,0.291,0.073,14.0,43.0,petit_usage
C51608,8.0,4200.0,0.306,0.173,8.0,34.0,petit_usage
C51609,7.0,4100.0,0.195,0.099,8.0,31.0,petit_usage
C51610,40.0,21100.0,0.157,0.328,1.0,44.0,salarie
C51611,7.0,1700.0,0.113,0.078,18.0,25.0,petit_usage
C51612,4.0,7500.0,0.362,0.069,8.0,28.0,petit_usage
C51613,7.0,77700.0,0.97,0.018,40.0,56.0,diaspora
C51614,7.0,4000.0,0.352,0.132,10.0,28.0,petit_usage
C51615,5.0,6200.0,0.327,0.067,15.0,18.0,petit_usage
C51616,8.0,11800.0,0.252,0.2,11.0,39.0,petit_usage
C51617,2.0,6900.0,0.405,0.107,19.0,41.0,petit_usage
C51618,9.0,50400.0,0.868,0.069,22.0,34.0,diaspora
C51619,6.0,113100.0,0.976,0.036,79.0,52.0,diaspora
C51620,10.0,3000.0,0.554,0.159,16.0,44.0,petit_usage
C51621,3.0,2100.0,0.234,0.0,10.0,42.0,petit_usage
C51622,31.0,28200.0,0.049,0.373,42.0,45.0,salarie
C51623,68.0,38200.0,0.614,0.471,42.0,48.0,commercant
C51624,65.0,40200.0,0.427,0.614,43.0,27.0,commercant
C51625,8.0,8200.0,0.154,0.055,1.0,35.0,petit_usage
C51626,6.0,2400.0,0.23,0.11,1.0,40.0,petit_usage
C51627,9.0,49200.0,0.919,0.077,55.0,61.0,diaspora
C51628,7.0,5900.0,0.092,0.216,12.0,48.0,petit_usage
C51629,94.0,21300.0,0.729,0.702,63.0,18.0,commercant
C51630,14.0,8300.0,0.198,0.121,4.0,43.0,petit_usage
C51631,10.0,3600.0,0.413,0.081,4.0,46.0,petit_usage
C51632,3.0,2100.0,0.16,0.02,4.0,24.0,petit_usage
C51633,2.0,3800.0,0.068,0.144,13.0,35.0,petit_usage
C51634,85.0,40200.0,0.359,0.596,47.0,48.0,commercant
C51635,13.0,68400.0,0.959,0.059,65.0,76.0,diaspora
C51636,109.0,12700.0,0.491,0.61,41.0,32.0,commercant
C51637,25.0,11200.0,0.256,0.311,18.0,18.0,salarie
C51638,86.0,24000.0,0.687,0.282,43.0,20.0,commercant
C51639,18.0,11900.0,0.269,0.317,19.0,37.0,salarie
C51640,1.0,1600.0,0.292,0.125,11.0,50.0,petit_usage
C51641,23.0,35900.0,0.342,0.365,26.0,18.0,salarie
C51642,21.0,38100.0,0.371,0.387,24.0,35.0,salarie
C51643,8.0,7800.0,0.412,0.137,18.0,48.0,petit_usage
C51644,6.0,1000.0,0.301,0.072,7.0,25.0,petit_usage
C51645,6.0,10700.0,0.263,0.152,1.0,34.0,petit_usage
C51646,6.0,10400.0,0.242,0.02,12.0,46.0,petit_usage
C51647,28.0,16500.0,0.308,0.431,26.0,29.0,salarie
C51648,9.0,7000.0,0.287,0.076,15.0,38.0,petit_usage
C51649,40.0,11200.0,0.3,0.441,24.0,25.0,salarie
C51650,32.0,31200.0,0.283,0.362,38.0,37.0,salarie
C51651,30.0,10100.0,0.268,0.326,23.0,36.0,salarie
C51652,8.0,2900.0,0.372,0.039,9.0,18.0,petit_usage
C51653,6.0,4000.0,0.394,0.076,13.0,37.0,petit_usage
C51654,2.0,86400.0,0.96,0.041,44.0,53.0,diaspora
C51655,54.0,20000.0,0.429,0.511,56.0,18.0,commercant
C51656,27.0,37300.0,0.255,0.166,10.0,44.0,salarie
C51657,55.0,27400.0,0.563,0.572,40.0,56.0,commercant
C51658,1.0,187000.0,0.906,0.03,47.0,55.0,diaspora
C51659,3.0,3000.0,0.411,0.108,6.0,24.0,petit_usage
C51660,38.0,16000.0,0.413,0.141,24.0,43.0,salarie
C51661,4.0,2400.0,0.219,0.064,14.0,20.0,petit_usage
C51662,30.0,20500.0,0.24,0.547,12.0,42.0,salarie
C51663,4.0,112100.0,0.945,0.042,36.0,52.0,diaspora
C51664,5.0,4000.0,0.296,0.138,5.0,50.0,petit_usage
C51665,5.0,16700.0,0.312,0.134,20.0,35.0,petit_usage
C51666,86.0,27900.0,0.506,0.276,61.0,29.0,commercant
C51667,2.0,3600.0,0.336,0.011,4.0,24.0,petit_usage
C51668,77.0,8700.0,0.386,0.569,35.0,35.0,commercant
C51669,27.0,18100.0,0.289,0.383,19.0,39.0,salarie
C51670,36.0,17900.0,0.137,0.295,22.0,18.0,salarie
C51671,98.0,24800.0,0.471,0.629,4.0,27.0,commercant
C51672,73.0,33400.0,0.43,0.764,29.0,27.0,commercant
C51673,4.0,4000.0,0.343,0.099,25.0,45.0,petit_usage
C51674,9.0,54300.0,0.912,0.032,56.0,52.0,diaspora
C51675,7.0,1900.0,0.221,0.193,1.0,37.0,petit_usage
C51676,30.0,29600.0,0.282,0.316,28.0,34.0,salarie
C51677,27.0,14600.0,0.196,0.416,37.0,28.0,salarie
C51678,5.0,101000.0,0.953,0.059,41.0,47.0,diaspora
C51679,97.0,5100.0,0.553,0.437,27.0,22.0,commercant
C51680,4.0,7900.0,0.3,0.054,4.0,30.0,petit_usage
C51681,35.0,17200.0,0.215,0.531,30.0,18.0,salarie
C51682,19.0,34000.0,0.122,0.357,27.0,49.0,salarie
C51683,31.0,15900.0,0.239,0.348,17.0,50.0,salarie
C51684,5.0,39700.0,0.907,0.065,42.0,60.0,diaspora
C51685,4.0,3000.0,0.325,0.149,19.0,40.0,petit_usage
C51686,18.0,27100.0,0.269,0.45,29.0,25.0,salarie
C51687,41.0,20100.0,0.301,0.584,32.0,18.0,salarie
C51688,23.0,45400.0,0.278,0.283,30.0,19.0,salarie
C51689,8.0,5600.0,0.357,0.113,4.0,28.0,petit_usage
C51690,10.0,3500.0,0.279,0.123,11.0,18.0,petit_usage
C51691,5.0,6600.0,0.339,0.183,16.0,21.0,petit_usage
C51692,5.0,6400.0,0.412,0.114,12.0,21.0,petit_usage
C51693,83.0,24200.0,0.537,0.385,44.0,31.0,commercant
C51694,30.0,38100.0,0.415,0.387,52.0,18.0,salarie
C51695,42.0,23200.0,0.286,0.349,47.0,49.0,salarie
C51696,90.0,13700.0,0.566,0.567,59.0,26.0,commercant
C51697,58.0,38300.0,0.586,0.862,30.0,18.0,commercant
C51698,1.0,2000.0,0.297,0.167,5.0,25.0,petit_usage
C51699,5.0,112100.0,0.884,0.114,28.0,61.0,diaspora
C51700,97.0,24300.0,0.593,0.416,46.0,39.0,commercant
C51701,15.0,32100.0,0.294,0.619,26.0,35.0,salarie
C51702,16.0,97300.0,0.969,0.073,59.0,57.0,diaspora
C51703,42.0,27800.0,0.173,0.22,21.0,31.0,salarie
C51704,10.0,70800.0,0.928,0.112,37.0,62.0,diaspora
C51705,2.0,2300.0,0.356,0.09,14.0,35.0,petit_usage
C51706,6.0,142800.0,0.921,0.059,11.0,65.0,diaspora
C51707,10.0,119500.0,0.894,0.035,33.0,46.0,diaspora
C51708,22.0,14500.0,0.19,0.195,50.0,40.0,salarie
C51709,11.0,2900.0,0.291,0.072,4.0,29.0,petit_usage
C51710,10.0,2600.0,0.362,0.146,8.0,49.0,petit_usage
C51711,31.0,27600.0,0.093,0.287,34.0,26.0,salarie
C51712,29.0,31200.0,0.331,0.424,27.0,56.0,salarie
C51713,3.0,3000.0,0.515,0.081,19.0,20.0,petit_usage
C51714,9.0,116100.0,0.882,0.029,32.0,62.0,diaspora
C51715,37.0,37700.0,0.265,0.251,29.0,46.0,salarie
C51716,40.0,25300.0,0.181,0.445,31.0,18.0,salarie
C51717,41.0,57000.0,0.386,0.215,36.0,30.0,salarie
C51718,39.0,42400.0,0.234,0.364,16.0,37.0,salarie
C51719,4.0,103900.0,0.992,0.004,39.0,67.0,diaspora
C51720,10.0,126500.0,1.0,0.052,56.0,56.0,diaspora
C51721,12.0,78400.0,0.798,0.058,31.0,61.0,diaspora
C51722,4.0,3300.0,0.215,0.0,12.0,39.0,petit_usage
C51723,95.0,33400.0,0.516,0.536,43.0,32.0,commercant
C51724,6.0,2200.0,0.375,0.097,1.0,55.0,petit_usage
C51725,8.0,85300.0,0.898,0.094,14.0,59.0,diaspora
C51726,91.0,23200.0,0.645,0.672,55.0,32.0,commercant
C51727,109.0,15300.0,0.483,0.369,14.0,39.0,commercant
C51728,91.0,18400.0,0.565,0.493,41.0,25.0,commercant
C51729,7.0,2600.0,0.29,0.014,14.0,45.0,petit_usage
C51730,6.0,3500.0,0.216,0.111,5.0,51.0,petit_usage
C51731,44.0,64500.0,0.183,0.456,32.0,36.0,salarie
C51732,30.0,23600.0,0.273,0.315,18.0,35.0,salarie
C51733,4.0,8100.0,0.267,0.069,7.0,43.0,petit_usage
C51734,5.0,84400.0,0.973,0.068,57.0,47.0,diaspora
C51735,6.0,1300.0,0.245,0.215,16.0,36.0,petit_usage
C51736,23.0,14100.0,0.121,0.359,33.0,20.0,salarie
C51737,27.0,24900.0,0.255,0.46,42.0,32.0,salarie
C51738,6.0,4400.0,0.274,0.129,2.0,33.0,petit_usage
C51739,29.0,8800.0,0.266,0.385,20.0,32.0,salarie
C51740,2.0,4100.0,0.406,0.025,11.0,39.0,petit_usage
C51741,3.0,3800.0,0.352,0.106,7.0,29.0,petit_usage
C51742,10.0,3500.0,0.29,0.177,3.0,40.0,petit_usage
C51743,74.0,15100.0,0.757,0.495,37.0,22.0,commercant
C51744,38.0,16800.0,0.372,0.484,3.0,28.0,salarie
C51745,6.0,2600.0,0.298,0.018,1.0,30.0,petit_usage
C51746,67.0,22500.0,0.438,0.493,28.0,41.0,commercant
C51747,44.0,17300.0,0.22,0.264,13.0,23.0,salarie
C51748,42.0,43500.0,0.29,0.254,16.0,21.0,salarie
C51749,7.0,2100.0,0.295,0.078,14.0,20.0,petit_usage
C51750,5.0,2400.0,0.335,0.085,10.0,33.0,petit_usage
C51751,95.0,23300.0,0.445,0.785,57.0,34.0,commercant
C51752,41.0,65100.0,0.185,0.193,36.0,45.0,salarie
C51753,4.0,4800.0,0.445,0.148,7.0,43.0,petit_usage
C51754,93.0,48200.0,0.651,0.636,27.0,32.0,commercant
C51755,112.0,17600.0,0.504,0.529,60.0,44.0,commercant
C51756,11.0,154000.0,0.848,0.074,52.0,46.0,diaspora
C51757,4.0,2300.0,0.284,0.135,16.0,32.0,petit_usage
C51758,10.0,93200.0,0.967,0.046,1.0,54.0,diaspora
C51759,9.0,144900.0,0.87,0.063,59.0,37.0,diaspora
C51760,14.0,2600.0,0.32,0.044,10.0,27.0,petit_usage
C51761,6.0,3700.0,0.373,0.118,10.0,25.0,petit_usage
C51762,3.0,7000.0,0.282,0.036,6.0,29.0,petit_usage
C51763,6.0,5200.0,0.357,0.128,5.0,28.0,petit_usage
C51764,72.0,14500.0,0.461,0.646,27.0,42.0,commercant
C51765,10.0,6900.0,0.296,0.032,15.0,28.0,petit_usage
C51766,9.0,3900.0,0.389,0.0,13.0,38.0,petit_usage
C51767,41.0,27400.0,0.3,0.358,26.0,38.0,salarie
C51768,32.0,22000.0,0.211,0.276,46.0,46.0,salarie
C51769,1.0,3800.0,0.208,0.017,13.0,29.0,petit_usage
C51770,90.0,8800.0,0.557,0.55,30.0,41.0,commercant
C51771,29.0,26900.0,0.233,0.216,23.0,23.0,salarie
C51772,39.0,86200.0,0.315,0.146,48.0,34.0,salarie
C51773,7.0,4900.0,0.316,0.0,20.0,43.0,petit_usage
C51774,37.0,24100.0,0.286,0.287,17.0,46.0,salarie
C51775,80.0,27000.0,0.717,0.853,38.0,21.0,commercant
C51776,36.0,20700.0,0.166,0.359,28.0,37.0,salarie
C51777,52.0,16900.0,0.619,0.639,9.0,27.0,commercant
C51778,90.0,9500.0,0.556,0.75,33.0,25.0,commercant
C51779,9.0,3500.0,0.318,0.109,13.0,46.0,petit_usage
C51780,34.0,27100.0,0.329,0.403,16.0,44.0,salarie
C51781,41.0,25200.0,0.27,0.316,46.0,30.0,salarie
C51782,32.0,29400.0,0.247,0.473,31.0,58.0,salarie
C51783,112.0,15800.0,0.624,0.545,4.0,57.0,commercant
C51784,5.0,6800.0,0.416,0.147,10.0,30.0,petit_usage
C51785,4.0,1100.0,0.255,0.144,18.0,18.0,petit_usage
C51786,23.0,13700.0,0.092,0.394,34.0,40.0,salarie
C51787,14.0,17700.0,0.359,0.389,35.0,31.0,salarie
C51788,56.0,27100.0,0.459,0.64,50.0,29.0,commercant
C51789,8.0,42100.0,0.903,0.046,33.0,42.0,diaspora
C51790,43.0,10200.0,0.493,0.585,6.0,45.0,commercant
C51791,6.0,2000.0,0.216,0.02,1.0,45.0,petit_usage
C51792,4.0,3500.0,0.343,0.076,5.0,18.0,petit_usage
C51793,28.0,31100.0,0.229,0.34,23.0,30.0,salarie
C51794,3.0,8400.0,0.289,0.058,5.0,46.0,petit_usage
C51795,23.0,37700.0,0.294,0.271,21.0,46.0,salarie
C51796,27.0,26300.0,0.328,0.4,33.0,34.0,salarie
C51797,70.0,34100.0,0.574,0.831,49.0,36.0,commercant
C51798,56.0,22600.0,0.591,0.586,57.0,26.0,commercant
C51799,120.0,15400.0,0.458,0.748,29.0,36.0,commercant
C51800,21.0,14600.0,0.214,0.43,37.0,42.0,salarie
C51801,88.0,14800.0,0.65,0.55,50.0,26.0,commercant
C51802,6.0,2300.0,0.383,0.242,6.0,39.0,petit_usage
C51803,10.0,700.0,0.376,0.089,15.0,28.0,petit_usage
C51804,88.0,19100.0,0.631,0.673,25.0,36.0,commercant
C51805,90.0,15800.0,0.603,0.509,63.0,18.0,commercant
C51806,10.0,77700.0,0.939,0.056,46.0,48.0,diaspora
C51807,6.0,3100.0,0.33,0.068,17.0,34.0,petit_usage
C51808,5.0,4400.0,0.384,0.0,1.0,44.0,petit_usage
C51809,64.0,8700.0,0.539,0.498,34.0,34.0,commercant
C51810,9.0,9300.0,0.344,0.06,8.0,39.0,petit_usage
C51811,25.0,37100.0,0.278,0.452,24.0,41.0,salarie
C51812,26.0,46600.0,0.221,0.312,16.0,33.0,salarie
C51813,10.0,4000.0,0.259,0.045,5.0,18.0,petit_usage
C51814,5.0,5400.0,0.353,0.2,4.0,46.0,petit_usage
C51815,118.0,6600.0,0.594,0.418,25.0,54.0,commercant
C51816,70.0,21500.0,0.617,0.877,29.0,27.0,commercant
C51817,16.0,2800.0,0.325,0.198,9.0,30.0,petit_usage
C51818,29.0,38700.0,0.173,0.433,20.0,49.0,salarie
C51819,5.0,4000.0,0.196,0.228,5.0,47.0,petit_usage
C51820,9.0,5600.0,0.318,0.136,7.0,41.0,petit_usage
C51821,93.0,12200.0,0.446,0.471,32.0,37.0,commercant
C51822,121.0,20000.0,0.567,0.631,43.0,55.0,commercant
C51823,33.0,10900.0,0.16,0.178,42.0,35.0,salarie
C51824,4.0,9600.0,0.218,0.0,9.0,35.0,petit_usage
C51825,28.0,23500.0,0.344,0.304,19.0,18.0,salarie
C51826,6.0,83100.0,0.967,0.0,66.0,47.0,diaspora
C51827,49.0,18300.0,0.451,0.657,44.0,37.0,commercant
C51828,3.0,101900.0,0.938,0.038,34.0,47.0,diaspora
C51829,8.0,4800.0,0.284,0.0,11.0,38.0,petit_usage
C51830,113.0,14600.0,0.603,0.813,37.0,18.0,commercant
C51831,32.0,21000.0,0.336,0.236,24.0,36.0,salarie
C51832,9.0,1700.0,0.342,0.0,7.0,39.0,petit_usage
C51833,6.0,4300.0,0.355,0.007,19.0,45.0,petit_usage
C51834,25.0,21700.0,0.236,0.279,28.0,41.0,salarie
C51835,5.0,2700.0,0.325,0.0,10.0,27.0,petit_usage
C51836,26.0,26200.0,0.334,0.385,23.0,41.0,salarie
C51837,26.0,35400.0,0.217,0.341,37.0,33.0,salarie
C51838,9.0,5100.0,0.271,0.096,14.0,53.0,petit_usage
C51839,2.0,91000.0,0.941,0.008,50.0,46.0,diaspora
C51840,7.0,107900.0,0.92,0.05,42.0,44.0,diaspora
C51841,4.0,6000.0,0.258,0.066,26.0,21.0,petit_usage
C51842,5.0,8200.0,0.417,0.121,12.0,18.0,petit_usage
C51843,131.0,19200.0,0.457,0.375,54.0,31.0,commercant
C51844,38.0,21700.0,0.302,0.35,27.0,21.0,salarie
C51845,8.0,1100.0,0.282,0.0,7.0,22.0,petit_usage
C51846,22.0,17600.0,0.254,0.118,38.0,33.0,salarie
C51847,80.0,16800.0,0.565,0.681,30.0,50.0,commercant
C51848,8.0,10200.0,0.426,0.154,16.0,35.0,petit_usage
C51849,31.0,22300.0,0.303,0.444,20.0,27.0,salarie
C51850,64.0,10500.0,0.666,0.562,47.0,51.0,commercant
C51851,8.0,4400.0,0.257,0.118,13.0,26.0,petit_usage
C51852,74.0,15100.0,0.556,0.414,30.0,41.0,commercant
C51853,5.0,52800.0,0.837,0.114,47.0,51.0,diaspora
C51854,1.0,81400.0,0.911,0.033,47.0,55.0,diaspora
C51855,31.0,24400.0,0.29,0.547,12.0,31.0,salarie
C51856,5.0,1400.0,0.286,0.152,23.0,38.0,petit_usage
C51857,9.0,7400.0,0.234,0.072,2.0,20.0,petit_usage
C51858,1.0,1500.0,0.378,0.131,12.0,47.0,petit_usage
C51859,8.0,4500.0,0.14,0.275,14.0,26.0,petit_usage
C51860,40.0,16800.0,0.403,0.36,34.0,24.0,salarie
C51861,31.0,54300.0,0.419,0.371,5.0,34.0,salarie
C51862,6.0,8000.0,0.481,0.058,8.0,24.0,petit_usage
C51863,5.0,5200.0,0.388,0.169,13.0,35.0,petit_usage
C51864,36.0,28800.0,0.273,0.513,1.0,28.0,salarie
C51865,4.0,2100.0,0.437,0.172,17.0,43.0,petit_usage
C51866,33.0,17200.0,0.332,0.37,34.0,43.0,salarie
C51867,58.0,13300.0,0.627,0.52,41.0,33.0,commercant
C51868,7.0,6000.0,0.327,0.248,17.0,18.0,petit_usage
C51869,8.0,2200.0,0.393,0.031,6.0,34.0,petit_usage
C51870,4.0,235200.0,0.877,0.0,42.0,53.0,diaspora
C51871,10.0,141300.0,0.909,0.08,40.0,60.0,diaspora
C51872,4.0,7200.0,0.411,0.118,13.0,26.0,petit_usage
C51873,31.0,31200.0,0.308,0.384,21.0,43.0,salarie
C51874,131.0,25800.0,0.662,0.733,40.0,42.0,commercant
C51875,8.0,2200.0,0.248,0.03,11.0,18.0,petit_usage
C51876,94.0,22300.0,0.604,0.401,33.0,34.0,commercant
C51877,9.0,1900.0,0.283,0.221,6.0,28.0,petit_usage
C51878,11.0,75200.0,0.92,0.0,55.0,40.0,diaspora
C51879,78.0,11700.0,0.504,0.352,41.0,34.0,commercant
C51880,7.0,3400.0,0.387,0.114,7.0,36.0,petit_usage
C51881,4.0,5800.0,0.1,0.166,2.0,43.0,petit_usage
C51882,8.0,4100.0,0.445,0.096,3.0,22.0,petit_usage
C51883,93.0,33300.0,0.722,0.619,44.0,53.0,commercant
C51884,104.0,20600.0,0.496,0.638,42.0,31.0,commercant
C51885,107.0,8400.0,0.575,0.855,38.0,20.0,commercant
C51886,4.0,5000.0,0.195,0.142,11.0,30.0,petit_usage
C51887,115.0,13900.0,0.781,0.59,31.0,28.0,commercant
C51888,26.0,33600.0,0.164,0.302,22.0,29.0,salarie
C51889,3.0,3800.0,0.403,0.141,5.0,43.0,petit_usage
C51890,6.0,92300.0,0.831,0.043,27.0,61.0,diaspora
C51891,130.0,13100.0,0.537,0.449,29.0,18.0,commercant
C51892,10.0,9300.0,0.294,0.11,15.0,27.0,petit_usage
C51893,4.0,2400.0,0.278,0.012,13.0,33.0,petit_usage
C51894,7.0,8300.0,0.283,0.08,11.0,40.0,petit_usage
C51895,73.0,31200.0,0.495,0.739,19.0,18.0,commercant
C51896,116.0,17000.0,0.642,0.738,43.0,18.0,commercant
C51897,27.0,23300.0,0.305,0.204,37.0,31.0,salarie
C51898,109.0,27500.0,0.543,0.584,47.0,31.0,commercant
C51899,5.0,5200.0,0.091,0.123,7.0,40.0,petit_usage
C51900,74.0,33700.0,0.392,0.647,13.0,25.0,commercant
C51901,11.0,3000.0,0.46,0.246,14.0,35.0,petit_usage
C51902,32.0,24700.0,0.198,0.278,39.0,36.0,salarie
C51903,96.0,6800.0,0.526,0.162,32.0,52.0,commercant
C51904,11.0,11300.0,0.324,0.129,11.0,22.0,petit_usage
C51905,11.0,106700.0,0.869,0.007,43.0,53.0,diaspora
C51906,33.0,13000.0,0.38,0.15,34.0,31.0,salarie
C51907,33.0,15900.0,0.304,0.379,31.0,36.0,salarie
C51908,58.0,24600.0,0.567,0.564,41.0,42.0,commercant
C51909,29.0,15000.0,0.285,0.25,26.0,35.0,salarie
C51910,11.0,33400.0,0.949,0.024,35.0,49.0,diaspora
C51911,7.0,2300.0,0.201,0.072,11.0,18.0,petit_usage
C51912,1.0,8500.0,0.281,0.002,8.0,36.0,petit_usage
C51913,83.0,23000.0,0.684,0.544,36.0,37.0,commercant
C51914,84.0,45200.0,0.596,0.653,27.0,47.0,commercant
C51915,7.0,4600.0,0.352,0.136,11.0,44.0,petit_usage
C51916,100.0,20400.0,0.525,0.538,36.0,51.0,commercant
C51917,16.0,10100.0,0.224,0.284,13.0,44.0,salarie
C51918,65.0,11900.0,0.472,0.356,27.0,49.0,commercant
C51919,9.0,6200.0,0.411,0.088,10.0,25.0,petit_usage
C51920,5.0,6100.0,0.29,0.101,9.0,42.0,petit_usage
C51921,9.0,113000.0,0.874,0.059,24.0,34.0,diaspora
C51922,7.0,3100.0,0.234,0.0,9.0,35.0,petit_usage
C51923,10.0,2200.0,0.319,0.254,1.0,24.0,petit_usage
C51924,93.0,12400.0,0.35,0.55,21.0,39.0,commercant
C51925,28.0,14200.0,0.223,0.304,35.0,18.0,salarie
C51926,28.0,40300.0,0.258,0.366,1.0,39.0,salarie
C51927,26.0,22300.0,0.202,0.393,5.0,51.0,salarie
C51928,2.0,116900.0,0.95,0.092,54.0,37.0,diaspora
C51929,65.0,30000.0,0.669,0.447,74.0,34.0,commercant
C51930,4.0,2100.0,0.238,0.039,5.0,20.0,petit_usage
C51931,15.0,38500.0,0.268,0.332,23.0,41.0,salarie
C51932,39.0,16700.0,0.279,0.411,31.0,33.0,salarie
C51933,28.0,84800.0,0.304,0.224,30.0,37.0,salarie
C51934,9.0,67200.0,0.988,0.04,30.0,71.0,diaspora
C51935,7.0,2900.0,0.137,0.138,11.0,32.0,petit_usage
C51936,6.0,3900.0,0.409,0.011,4.0,22.0,petit_usage
C51937,9.0,11100.0,0.271,0.187,12.0,28.0,petit_usage
C51938,9.0,156300.0,0.979,0.031,44.0,36.0,diaspora
C51939,32.0,57700.0,0.117,0.499,27.0,49.0,salarie
C51940,27.0,15700.0,0.323,0.351,7.0,37.0,salarie
C51941,77.0,15100.0,0.666,0.573,70.0,31.0,commercant
C51942,5.0,2600.0,0.251,0.013,23.0,26.0,petit_usage
C51943,80.0,18900.0,0.406,0.588,36.0,29.0,commercant
C51944,63.0,7100.0,0.684,0.462,28.0,41.0,commercant
C51945,82.0,11700.0,0.554,0.766,35.0,48.0,commercant
C51946,3.0,2900.0,0.312,0.038,23.0,30.0,petit_usage
C51947,7.0,51600.0,0.942,0.113,55.0,37.0,diaspora
C51948,4.0,2500.0,0.326,0.246,1.0,26.0,petit_usage
C51949,25.0,21700.0,0.187,0.277,32.0,22.0,salarie
C51950,6.0,5700.0,0.28,0.154,12.0,37.0,petit_usage
C51951,29.0,18400.0,0.162,0.505,34.0,22.0,salarie
C51952,13.0,100400.0,0.82,0.021,42.0,51.0,diaspora
C51953,29.0,9800.0,0.159,0.437,31.0,38.0,salarie
C51954,6.0,1900.0,0.272,0.143,12.0,42.0,petit_usage
C51955,8.0,1300.0,0.272,0.158,1.0,24.0,petit_usage
C51956,4.0,2700.0,0.307,0.098,10.0,24.0,petit_usage
C51957,84.0,8900.0,0.602,0.429,23.0,32.0,commercant
C51958,9.0,3100.0,0.401,0.098,13.0,35.0,petit_usage
C51959,68.0,15800.0,0.703,0.688,63.0,33.0,commercant
C51960,20.0,38800.0,0.203,0.237,21.0,38.0,salarie
C51961,77.0,13500.0,0.605,0.44,21.0,37.0,commercant
C51962,5.0,3800.0,0.083,0.239,15.0,18.0,petit_usage
C51963,27.0,26600.0,0.234,0.443,52.0,37.0,salarie
C51964,18.0,36400.0,0.24,0.295,39.0,39.0,salarie
C51965,39.0,36900.0,0.226,0.229,29.0,22.0,salarie
C51966,16.0,31900.0,0.15,0.3,35.0,30.0,salarie
C51967,34.0,21800.0,0.234,0.295,30.0,59.0,salarie
C51968,36.0,15600.0,0.101,0.242,26.0,35.0,salarie
C51969,22.0,11200.0,0.184,0.488,29.0,27.0,salarie
C51970,72.0,26700.0,0.609,0.497,33.0,18.0,commercant
C51971,2.0,3800.0,0.152,0.128,7.0,43.0,petit_usage
C51972,6.0,92800.0,1.0,0.02,55.0,55.0,diaspora
C51973,3.0,6900.0,0.189,0.142,1.0,28.0,petit_usage
C51974,34.0,26600.0,0.181,0.251,16.0,46.0,salarie
C51975,30.0,20600.0,0.386,0.377,23.0,48.0,salarie
C51976,6.0,1900.0,0.297,0.096,8.0,21.0,petit_usage
C51977,11.0,108200.0,1.0,0.129,47.0,34.0,diaspora
C51978,3.0,4200.0,0.273,0.07,12.0,23.0,petit_usage
C51979,12.0,3800.0,0.43,0.058,7.0,42.0,petit_usage
C51980,8.0,1000.0,0.16,0.056,17.0,39.0,petit_usage
C51981,3.0,6100.0,0.127,0.142,4.0,35.0,petit_usage
C51982,7.0,3200.0,0.112,0.054,14.0,26.0,petit_usage
C51983,16.0,24500.0,0.344,0.441,51.0,46.0,salarie
C51984,109.0,18900.0,0.52,0.599,29.0,18.0,commercant
C51985,1.0,2100.0,0.404,0.023,1.0,18.0,petit_usage
C51986,7.0,3600.0,0.235,0.199,13.0,39.0,petit_usage
C51987,89.0,23100.0,0.31,0.618,57.0,43.0,commercant
C51988,2.0,8700.0,0.22,0.06,20.0,40.0,petit_usage
C51989,35.0,16100.0,0.234,0.298,32.0,31.0,salarie
C51990,24.0,19800.0,0.31,0.508,25.0,40.0,salarie
C51991,31.0,37800.0,0.293,0.375,24.0,43.0,salarie
C51992,4.0,2500.0,0.422,0.006,12.0,46.0,petit_usage
C51993,10.0,2100.0,0.309,0.047,1.0,19.0,petit_usage
C51994,6.0,2600.0,0.355,0.166,13.0,20.0,petit_usage
C51995,24.0,21400.0,0.352,0.321,19.0,21.0,salarie
C51996,44.0,27500.0,0.191,0.235,30.0,25.0,salarie
C51997,34.0,28900.0,0.28,0.193,11.0,18.0,salarie
C51998,25.0,52500.0,0.14,0.353,21.0,18.0,salarie
C51999,49.0,6800.0,0.491,0.579,42.0,41.0,commercant
C52000,3.0,1700.0,0.16,0.034,9.0,31.0,petit_usage
C52001,9.0,900.0,0.227,0.014,2.0,31.0,petit_usage
C52002,33.0,29400.0,0.139,0.349,13.0,28.0,salarie
C52003,10.0,126800.0,0.911,0.055,10.0,46.0,diaspora
C52004,1.0,5700.0,0.324,0.138,4.0,33.0,petit_usage
C52005,9.0,2300.0,0.311,0.121,19.0,30.0,petit_usage
C52006,7.0,26200.0,0.183,0.347,35.0,34.0,salarie
C52007,1.0,7800.0,0.327,0.024,7.0,48.0,petit_usage
C52008,8.0,3000.0,0.388,0.077,8.0,50.0,petit_usage
C52009,87.0,11700.0,0.595,0.518,30.0,30.0,commercant
C52010,9.0,4600.0,0.316,0.172,17.0,31.0,petit_usage
C52011,7.0,4300.0,0.151,0.238,1.0,36.0,petit_usage
C52012,11.0,14200.0,0.248,0.23,12.0,44.0,salarie
C52013,9.0,2700.0,0.263,0.25,2.0,51.0,petit_usage
C52014,7.0,1300.0,0.153,0.16,1.0,40.0,petit_usage
C52015,4.0,4700.0,0.227,0.147,6.0,38.0,petit_usage
C52016,20.0,12700.0,0.238,0.298,33.0,33.0,salarie
C52017,12.0,20200.0,0.267,0.477,10.0,26.0,salarie
C52018,50.0,42400.0,0.626,0.734,30.0,44.0,commercant
C52019,5.0,1400.0,0.243,0.051,17.0,40.0,petit_usage
C52020,24.0,25800.0,0.256,0.346,18.0,44.0,salarie
C52021,8.0,3200.0,0.294,0.118,14.0,41.0,petit_usage
C52022,7.0,74000.0,0.84,0.049,56.0,41.0,diaspora
C52023,1.0,5100.0,0.396,0.07,13.0,25.0,petit_usage
C52024,66.0,11300.0,0.519,0.301,26.0,23.0,commercant
C52025,42.0,15700.0,0.678,0.73,25.0,39.0,commercant
C52026,1.0,4400.0,0.322,0.0,13.0,18.0,petit_usage
C52027,6.0,2400.0,0.364,0.023,2.0,34.0,petit_usage
C52028,7.0,26700.0,0.337,0.42,32.0,43.0,salarie
C52029,6.0,2200.0,0.255,0.026,18.0,43.0,petit_usage
C52030,24.0,20700.0,0.233,0.334,9.0,51.0,salarie
C52031,9.0,259900.0,0.885,0.154,23.0,68.0,diaspora
C52032,12.0,2300.0,0.286,0.104,8.0,47.0,petit_usage
C52033,9.0,136700.0,0.922,0.024,45.0,71.0,diaspora
C52034,10.0,4600.0,0.427,0.064,16.0,40.0,petit_usage
C52035,25.0,16500.0,0.25,0.338,13.0,43.0,salarie
C52036,19.0,26600.0,0.279,0.215,38.0,59.0,salarie
C52037,10.0,6600.0,0.183,0.0,13.0,20.0,petit_usage
C52038,11.0,198200.0,0.846,0.096,30.0,57.0,diaspora
C52039,5.0,4000.0,0.202,0.169,8.0,36.0,petit_usage
C52040,99.0,17200.0,0.528,0.641,10.0,28.0,commercant
C52041,66.0,17500.0,0.483,0.626,67.0,18.0,commercant
C52042,26.0,40200.0,0.16,0.277,23.0,45.0,salarie
C52043,10.0,110300.0,0.993,0.0,36.0,49.0,diaspora
C52044,5.0,2100.0,0.206,0.153,10.0,40.0,petit_usage
C52045,25.0,11700.0,0.264,0.353,7.0,25.0,salarie
C52046,2.0,86900.0,0.927,0.071,52.0,74.0,diaspora
C52047,4.0,1900.0,0.258,0.0,18.0,30.0,petit_usage
C52048,6.0,29400.0,0.949,0.051,36.0,42.0,diaspora
C52049,7.0,50600.0,0.875,0.128,34.0,55.0,diaspora
C52050,11.0,3100.0,0.252,0.045,10.0,34.0,petit_usage
C52051,5.0,3200.0,0.271,0.182,16.0,18.0,petit_usage
C52052,5.0,63100.0,0.942,0.006,35.0,32.0,diaspora
C52053,4.0,63200.0,0.928,0.02,36.0,64.0,diaspora
C52054,3.0,4000.0,0.439,0.21,7.0,27.0,petit_usage
C52055,6.0,3500.0,0.413,0.049,9.0,26.0,petit_usage
C52056,6.0,2800.0,0.317,0.08,16.0,18.0,petit_usage
C52057,2.0,3500.0,0.411,0.121,6.0,39.0,petit_usage
C52058,1.0,5700.0,0.355,0.185,25.0,35.0,petit_usage
C52059,9.0,2700.0,0.336,0.059,3.0,36.0,petit_usage
C52060,41.0,29700.0,0.15,0.419,11.0,47.0,salarie
C52061,1.0,141300.0,0.899,0.015,47.0,73.0,diaspora
C52062,5.0,3300.0,0.223,0.146,5.0,49.0,petit_usage
C52063,13.0,42600.0,0.441,0.192,40.0,40.0,salarie
C52064,10.0,83200.0,0.971,0.013,36.0,51.0,diaspora
C52065,15.0,28900.0,0.314,0.589,13.0,44.0,salarie
C52066,107.0,23200.0,0.551,0.506,50.0,45.0,commercant
C52067,1.0,6900.0,0.378,0.287,14.0,26.0,petit_usage
C52068,69.0,21900.0,0.645,0.602,32.0,48.0,commercant
C52069,34.0,12800.0,0.429,0.591,27.0,45.0,commercant
C52070,24.0,18200.0,0.268,0.282,27.0,43.0,salarie
C52071,11.0,259400.0,1.0,0.051,34.0,62.0,diaspora
C52072,10.0,3700.0,0.361,0.147,12.0,31.0,petit_usage
C52073,5.0,2600.0,0.275,0.0,16.0,42.0,petit_usage
C52074,6.0,3300.0,0.498,0.087,7.0,32.0,petit_usage
C52075,5.0,12200.0,0.322,0.075,2.0,28.0,petit_usage
C52076,3.0,1200.0,0.208,0.086,15.0,46.0,petit_usage
C52077,12.0,3300.0,0.184,0.149,8.0,21.0,petit_usage
C52078,3.0,14700.0,0.392,0.117,1.0,31.0,petit_usage
C52079,9.0,3300.0,0.356,0.095,5.0,30.0,petit_usage
C52080,10.0,4600.0,0.23,0.21,4.0,42.0,petit_usage
C52081,8.0,136200.0,0.922,0.075,20.0,69.0,diaspora
C52082,9.0,1800.0,0.275,0.015,7.0,19.0,petit_usage
C52083,2.0,1000.0,0.344,0.196,20.0,25.0,petit_usage
C52084,32.0,37600.0,0.333,0.486,22.0,30.0,salarie
C52085,116.0,13900.0,0.484,0.614,27.0,40.0,commercant
C52086,75.0,18100.0,0.436,0.582,35.0,40.0,commercant
C52087,6.0,7900.0,0.327,0.137,7.0,28.0,petit_usage
C52088,8.0,17400.0,0.402,0.282,14.0,31.0,salarie
C52089,77.0,14200.0,0.573,0.575,17.0,37.0,commercant
C52090,77.0,39700.0,0.586,0.595,26.0,35.0,commercant
C52091,10.0,1400.0,0.376,0.141,2.0,34.0,petit_usage
C52092,94.0,23500.0,0.603,0.612,40.0,37.0,commercant
C52093,37.0,14200.0,0.239,0.354,33.0,42.0,salarie
C52094,23.0,50000.0,0.293,0.408,4.0,34.0,salarie
C52095,25.0,18700.0,0.339,0.506,22.0,30.0,salarie
C52096,62.0,11500.0,0.375,0.673,25.0,44.0,commercant
C52097,54.0,14900.0,0.524,0.593,28.0,24.0,commercant
C52098,5.0,4300.0,0.264,0.133,28.0,50.0,petit_usage
C52099,32.0,31400.0,0.227,0.435,26.0,48.0,salarie
C52100,66.0,12900.0,0.539,0.508,24.0,18.0,commercant
C52101,5.0,2400.0,0.281,0.191,15.0,40.0,petit_usage
C52102,27.0,68300.0,0.341,0.363,9.0,36.0,salarie
C52103,7.0,1200.0,0.194,0.092,3.0,35.0,petit_usage
C52104,26.0,24500.0,0.163,0.453,28.0,30.0,salarie
C52105,35.0,27800.0,0.242,0.348,36.0,18.0,salarie
C52106,9.0,3900.0,0.244,0.162,1.0,26.0,petit_usage
C52107,9.0,7600.0,0.151,0.11,18.0,25.0,petit_usage
C52108,8.0,4800.0,0.365,0.25,8.0,47.0,petit_usage
C52109,1.0,3400.0,0.461,0.094,7.0,39.0,petit_usage
C52110,27.0,15700.0,0.36,0.422,41.0,32.0,salarie
C52111,4.0,73600.0,0.894,0.0,38.0,59.0,diaspora
C52112,10.0,3500.0,0.309,0.0,6.0,36.0,petit_usage
C52113,87.0,15300.0,0.678,0.348,53.0,51.0,commercant
C52114,10.0,96700.0,0.896,0.027,63.0,44.0,diaspora
C52115,12.0,102100.0,0.938,0.074,34.0,52.0,diaspora
C52116,8.0,3400.0,0.312,0.13,1.0,18.0,petit_usage
C52117,4.0,59300.0,0.933,0.031,52.0,47.0,diaspora
C52118,9.0,3200.0,0.364,0.133,16.0,43.0,petit_usage
C52119,68.0,13700.0,0.495,0.735,15.0,18.0,commercant
C52120,32.0,33600.0,0.333,0.317,22.0,34.0,salarie
C52121,46.0,32100.0,0.45,0.634,50.0,41.0,commercant
C52122,75.0,9800.0,0.703,0.662,45.0,48.0,commercant
C52123,5.0,112200.0,0.819,0.055,37.0,49.0,diaspora
C52124,64.0,17000.0,0.623,0.578,38.0,33.0,commercant
C52125,71.0,12400.0,0.486,0.564,37.0,57.0,commercant
C52126,13.0,152100.0,0.95,0.056,43.0,53.0,diaspora
C52127,5.0,3600.0,0.378,0.072,4.0,27.0,petit_usage
C52128,12.0,44200.0,0.925,0.026,68.0,49.0,diaspora
C52129,12.0,76600.0,0.805,0.0,2.0,57.0,diaspora
C52130,71.0,21300.0,0.505,0.525,43.0,31.0,commercant
C52131,9.0,66500.0,0.982,0.007,26.0,63.0,diaspora
C52132,9.0,3700.0,0.298,0.012,7.0,41.0,petit_usage
C52133,30.0,55000.0,0.327,0.045,56.0,34.0,salarie
C52134,94.0,11700.0,0.656,0.659,29.0,38.0,commercant
C52135,85.0,19300.0,0.637,0.555,34.0,39.0,commercant
C52136,130.0,35100.0,0.599,0.684,41.0,25.0,commercant
C52137,46.0,39200.0,0.007,0.182,37.0,34.0,salarie
C52138,3.0,2100.0,0.376,0.088,4.0,30.0,petit_usage
C52139,9.0,88700.0,0.954,0.102,59.0,40.0,diaspora
C52140,7.0,118000.0,0.92,0.0,38.0,45.0,diaspora
C52141,45.0,21500.0,0.269,0.302,22.0,30.0,salarie
C52142,60.0,21400.0,0.624,0.551,48.0,26.0,commercant
C52143,31.0,11600.0,0.309,0.613,14.0,39.0,salarie
C52144,8.0,67900.0,0.909,0.065,57.0,43.0,diaspora
C52145,126.0,36700.0,0.575,0.728,42.0,29.0,commercant
C52146,18.0,16200.0,0.092,0.442,26.0,47.0,salarie
C52147,11.0,114600.0,0.923,0.05,49.0,51.0,diaspora
C52148,34.0,22400.0,0.164,0.247,38.0,31.0,salarie
C52149,4.0,2200.0,0.242,0.191,1.0,32.0,petit_usage
C52150,104.0,42500.0,0.627,0.641,22.0,34.0,commercant
C52151,28.0,15400.0,0.347,0.323,26.0,33.0,salarie
C52152,12.0,3400.0,0.219,0.0,5.0,31.0,petit_usage
C52153,59.0,10500.0,0.476,0.403,35.0,22.0,commercant
C52154,36.0,28800.0,0.21,0.322,29.0,23.0,salarie
C52155,20.0,12600.0,0.199,0.349,35.0,40.0,salarie
C52156,4.0,11400.0,0.411,0.093,13.0,38.0,petit_usage
C52157,9.0,2800.0,0.237,0.16,19.0,37.0,petit_usage
C52158,32.0,35400.0,0.152,0.34,29.0,27.0,salarie
C52159,11.0,98000.0,0.876,0.059,27.0,61.0,diaspora
C52160,35.0,23800.0,0.253,0.345,40.0,33.0,salarie
C52161,5.0,3100.0,0.384,0.049,13.0,40.0,petit_usage
C52162,11.0,27700.0,0.261,0.302,53.0,25.0,salarie
C52163,5.0,2900.0,0.147,0.199,4.0,44.0,petit_usage
C52164,3.0,4100.0,0.338,0.0,1.0,30.0,petit_usage
C52165,40.0,20500.0,0.143,0.289,21.0,35.0,salarie
C52166,8.0,71700.0,0.829,0.048,28.0,54.0,diaspora
C52167,3.0,2100.0,0.392,0.189,1.0,30.0,petit_usage
C52168,24.0,31500.0,0.305,0.284,42.0,28.0,salarie
C52169,25.0,29600.0,0.183,0.478,48.0,22.0,salarie
C52170,107.0,30400.0,0.618,0.716,60.0,54.0,commercant
C52171,7.0,131800.0,0.954,0.08,52.0,45.0,diaspora
C52172,10.0,1800.0,0.152,0.0,20.0,46.0,petit_usage
C52173,6.0,80100.0,0.89,0.059,26.0,60.0,diaspora
C52174,6.0,3200.0,0.438,0.048,7.0,23.0,petit_usage
C52175,25.0,23600.0,0.266,0.338,15.0,41.0,salarie
C52176,71.0,7400.0,0.507,0.751,24.0,21.0,commercant
C52177,7.0,2800.0,0.239,0.15,6.0,36.0,petit_usage
C52178,5.0,13600.0,0.215,0.175,9.0,29.0,petit_usage
C52179,6.0,2100.0,0.398,0.069,2.0,23.0,petit_usage
C52180,74.0,16200.0,0.417,0.767,36.0,27.0,commercant
C52181,29.0,20100.0,0.179,0.235,20.0,52.0,salarie
C52182,9.0,123700.0,0.898,0.099,49.0,42.0,diaspora
C52183,2.0,13800.0,0.0,0.187,9.0,29.0,petit_usage
C52184,31.0,29200.0,0.186,0.433,16.0,40.0,salarie
C52185,10.0,40200.0,0.96,0.048,35.0,64.0,diaspora
C52186,95.0,10100.0,0.484,0.629,38.0,29.0,commercant
C52187,29.0,59000.0,0.13,0.215,18.0,33.0,salarie
C52188,3.0,7900.0,0.118,0.0,16.0,29.0,petit_usage
C52189,18.0,55100.0,0.29,0.358,34.0,40.0,salarie
C52190,1.0,1400.0,0.257,0.247,15.0,45.0,petit_usage
C52191,3.0,5100.0,0.142,0.225,7.0,30.0,petit_usage
C52192,19.0,24500.0,0.319,0.434,24.0,35.0,salarie
C52193,35.0,31300.0,0.33,0.337,35.0,22.0,salarie
C52194,5.0,8500.0,0.164,0.041,5.0,35.0,petit_usage
C52195,5.0,2900.0,0.14,0.11,5.0,41.0,petit_usage
C52196,2.0,2800.0,0.246,0.133,7.0,18.0,petit_usage
C52197,9.0,2800.0,0.385,0.111,20.0,18.0,petit_usage
C52198,5.0,2300.0,0.233,0.143,4.0,37.0,petit_usage
C52199,21.0,47300.0,0.233,0.496,30.0,54.0,salarie
C52200,20.0,52900.0,0.273,0.198,26.0,38.0,salarie
C52201,4.0,2700.0,0.237,0.0,23.0,22.0,petit_usage
C52202,4.0,2100.0,0.37,0.161,3.0,28.0,petit_usage
C52203,6.0,1400.0,0.137,0.022,6.0,18.0,petit_usage
C52204,28.0,25100.0,0.347,0.192,26.0,45.0,salarie
C52205,8.0,146600.0,0.942,0.031,71.0,49.0,diaspora
C52206,7.0,5300.0,0.221,0.075,1.0,46.0,petit_usage
C52207,7.0,61300.0,0.976,0.0,44.0,73.0,diaspora
C52208,5.0,4500.0,0.155,0.085,12.0,43.0,petit_usage
C52209,4.0,71800.0,0.987,0.034,28.0,46.0,diaspora
C52210,1.0,15600.0,0.23,0.062,4.0,54.0,petit_usage
C52211,5.0,2700.0,0.165,0.056,6.0,41.0,petit_usage
C52212,114.0,28500.0,0.599,0.697,17.0,18.0,commercant
C52213,12.0,117800.0,0.87,0.079,44.0,49.0,diaspora
C52214,30.0,21400.0,0.25,0.431,19.0,49.0,salarie
C52215,51.0,43200.0,0.586,0.715,35.0,30.0,commercant
C52216,38.0,29800.0,0.43,0.432,30.0,18.0,salarie
C52217,1.0,4400.0,0.21,0.141,4.0,41.0,petit_usage
C52218,1.0,3900.0,0.252,0.167,3.0,27.0,petit_usage
C52219,103.0,15100.0,0.529,0.47,33.0,34.0,commercant
C52220,1.0,1100.0,0.208,0.176,13.0,29.0,petit_usage
C52221,11.0,9600.0,0.152,0.08,6.0,18.0,petit_usage
C52222,17.0,17100.0,0.181,0.357,26.0,23.0,salarie
C52223,62.0,43500.0,0.543,0.72,16.0,32.0,commercant
C52224,9.0,71400.0,0.96,0.0,15.0,55.0,diaspora
C52225,8.0,4600.0,0.201,0.094,18.0,28.0,petit_usage
C52226,113.0,38700.0,0.553,0.625,23.0,19.0,commercant
C52227,99.0,7900.0,0.52,0.529,41.0,31.0,commercant
C52228,2.0,2700.0,0.243,0.001,18.0,52.0,petit_usage
C52229,3.0,4500.0,0.238,0.192,7.0,26.0,petit_usage
C52230,3.0,3800.0,0.286,0.139,5.0,18.0,petit_usage
C52231,35.0,20600.0,0.314,0.562,26.0,32.0,salarie
C52232,48.0,13100.0,0.426,0.659,15.0,39.0,commercant
C52233,4.0,5500.0,0.139,0.165,4.0,43.0,petit_usage
C52234,1.0,3800.0,0.47,0.077,14.0,41.0,petit_usage
C52235,6.0,6000.0,0.324,0.084,8.0,18.0,petit_usage
C52236,44.0,16200.0,0.179,0.481,28.0,38.0,salarie
C52237,51.0,5300.0,0.552,0.795,45.0,24.0,commercant
C52238,4.0,1600.0,0.363,0.072,15.0,32.0,petit_usage
C52239,10.0,8300.0,0.307,0.042,13.0,34.0,petit_usage
C52240,35.0,15000.0,0.274,0.401,32.0,37.0,salarie
C52241,85.0,15300.0,0.761,0.703,22.0,18.0,commercant
C52242,12.0,1900.0,0.505,0.129,5.0,18.0,petit_usage
C52243,65.0,15700.0,0.646,0.49,44.0,28.0,commercant
C52244,8.0,71500.0,0.962,0.024,29.0,51.0,diaspora
C52245,2.0,2100.0,0.294,0.07,13.0,30.0,petit_usage
C52246,6.0,3900.0,0.364,0.114,22.0,26.0,petit_usage
C52247,83.0,23200.0,0.612,0.477,32.0,45.0,commercant
C52248,37.0,18800.0,0.385,0.314,47.0,39.0,salarie
C52249,9.0,147000.0,0.901,0.055,45.0,42.0,diaspora
C52250,1.0,4500.0,0.195,0.139,7.0,26.0,petit_usage
C52251,29.0,16700.0,0.122,0.419,5.0,38.0,salarie
C52252,43.0,34900.0,0.163,0.452,1.0,37.0,salarie
C52253,9.0,2400.0,0.264,0.185,11.0,30.0,petit_usage
C52254,5.0,5100.0,0.293,0.308,15.0,21.0,petit_usage
C52255,97.0,4700.0,0.386,0.519,58.0,43.0,commercant
C52256,114.0,25700.0,0.488,0.443,62.0,26.0,commercant
C52257,11.0,5200.0,0.264,0.08,13.0,22.0,petit_usage
C52258,87.0,15600.0,0.759,0.647,19.0,18.0,commercant
C52259,1.0,5600.0,0.343,0.137,13.0,28.0,petit_usage
C52260,79.0,8600.0,0.53,0.659,44.0,44.0,commercant
C52261,7.0,1500.0,0.382,0.0,11.0,18.0,petit_usage
C52262,12.0,5100.0,0.267,0.132,14.0,31.0,petit_usage
C52263,90.0,20900.0,0.651,0.603,40.0,49.0,commercant
C52264,7.0,6100.0,0.09,0.086,13.0,32.0,petit_usage
C52265,31.0,24300.0,0.305,0.279,36.0,25.0,salarie
C52266,105.0,20200.0,0.506,0.425,58.0,26.0,commercant
C52267,35.0,17200.0,0.216,0.372,53.0,31.0,salarie
C52268,6.0,17900.0,0.172,0.275,21.0,30.0,petit_usage
C52269,32.0,21400.0,0.443,0.124,28.0,30.0,salarie
C52270,87.0,5600.0,0.352,0.602,39.0,32.0,commercant
C52271,29.0,7900.0,0.237,0.381,26.0,35.0,salarie
C52272,98.0,56700.0,0.474,0.455,50.0,29.0,commercant
C52273,2.0,2700.0,0.302,0.181,7.0,31.0,petit_usage
C52274,86.0,40500.0,0.607,0.603,70.0,32.0,commercant
C52275,15.0,20500.0,0.387,0.293,47.0,37.0,salarie
C52276,6.0,3600.0,0.205,0.085,18.0,26.0,petit_usage
C52277,35.0,19600.0,0.27,0.314,39.0,38.0,salarie
C52278,5.0,8300.0,0.34,0.0,10.0,41.0,petit_usage
C52279,33.0,12400.0,0.215,0.344,28.0,45.0,salarie
C52280,8.0,154900.0,0.92,0.106,12.0,30.0,diaspora
C52281,32.0,41800.0,0.212,0.489,22.0,48.0,salarie
C52282,25.0,16700.0,0.155,0.188,34.0,28.0,salarie
C52283,71.0,10200.0,0.492,0.67,49.0,38.0,commercant
C52284,90.0,6200.0,0.595,0.571,37.0,37.0,commercant
C52285,93.0,12300.0,0.314,0.6,46.0,21.0,commercant
C52286,8.0,3500.0,0.029,0.294,8.0,55.0,petit_usage
C52287,72.0,22800.0,0.421,0.724,45.0,18.0,commercant
C52288,5.0,5500.0,0.109,0.181,3.0,33.0,petit_usage
C52289,81.0,15800.0,0.558,0.494,34.0,38.0,commercant
C52290,9.0,3900.0,0.424,0.005,6.0,28.0,petit_usage
C52291,73.0,9500.0,0.58,0.634,49.0,35.0,commercant
C52292,9.0,3700.0,0.282,0.15,9.0,46.0,petit_usage
C52293,8.0,6400.0,0.301,0.129,14.0,49.0,petit_usage
C52294,33.0,10100.0,0.122,0.318,35.0,28.0,salarie
C52295,29.0,16500.0,0.331,0.439,37.0,38.0,salarie
C52296,30.0,27100.0,0.36,0.192,35.0,18.0,salarie
C52297,11.0,98700.0,0.929,0.0,27.0,60.0,diaspora
C52298,59.0,20300.0,0.467,0.526,51.0,23.0,commercant
C52299,14.0,4200.0,0.28,0.214,13.0,28.0,petit_usage
