id_menage,region,milieu,taille_menage,age_chef,sexe_chef,education_chef,revenu_mensuel_fcfa,depenses_mensuelles_fcfa,acces_electricite,acces_internet,utilise_mobile_money
M10000,Diourbel,Rural,6,36.0,F,Aucun,59000.0,42000.0,Oui,Non,Oui
M10001,Thiès,Urbain,6,78.0,F,Primaire,,144000.0,Oui,Non,Non
M10002,Dakar,Urbain,8,44.0,F,Aucun,525000.0,489000.0,Oui,Non,Oui
M10003,Dakar,Urbain,5,56.0,F,Primaire,155000.0,124000.0,Oui,Non,Non
M10004,Dakar,Urbain,3,44.0,H,Supérieur,435000.0,343000.0,Oui,Oui,Oui
M10005,Louga,Urbain,3,58.0,H,Aucun,302000.0,288000.0,Oui,Non,Non
M10006,Kaolack,Urbain,4,24.0,H,Secondaire,426000.0,431000.0,Oui,Oui,Oui
M10007,Saint-Louis,Rural,9,55.0,H,Primaire,305000.0,231000.0,Oui,Non,Oui
M10008,Dakar,Urbain,5,69.0,H,Primaire,558000.0,415000.0,Oui,Non,Non
M10009,Louga,Rural,13,52.0,H,Coranique,296000.0,275000.0,Non,Non,Non
M10010,Dakar,Urbain,6,75.0,H,Secondaire,,252000.0,Oui,Oui,Oui
M10011,Tambacounda,Urbain,8,,H,Secondaire,,195000.0,Oui,Non,Oui
M10012,Diourbel,Rural,4,51.0,H,Aucun,117000.0,107000.0,Oui,Oui,Oui
M10013,Diourbel,Rural,8,29.0,F,Aucun,55000.0,40000.0,Non,Non,Oui
M10014,Diourbel,Rural,8,50.0,H,Aucun,79000.0,82000.0,Oui,Non,Non
M10015,Ziguinchor,Rural,4,48.0,H,Aucun,241000.0,203000.0,Oui,Oui,Non
M10016,Dakar,Urbain,5,40.0,H,Secondaire,923000.0,739000.0,Oui,Oui,Oui
M10017,Louga,Urbain,7,30.0,H,Coranique,137000.0,105000.0,Oui,Oui,Non
M10018,Diourbel,Urbain,8,45.0,F,Supérieur,,297000.0,Oui,Oui,Oui
M10019,Ziguinchor,Rural,8,69.0,H,Aucun,125000.0,114000.0,Non,Non,Oui
M10020,Saint-Louis,Rural,6,44.0,H,Aucun,112000.0,96000.0,Oui,Non,Oui
M10021,Kaolack,Rural,14,56.0,H,Aucun,111000.0,98000.0,Non,Non,Oui
M10022,Diourbel,Rural,10,29.0,H,Primaire,159000.0,104000.0,Oui,Non,Oui
M10023,Dakar,Urbain,6,43.0,H,Primaire,248000.0,239000.0,Oui,Oui,Oui
M10024,Louga,Urbain,4,58.0,H,Secondaire,,168000.0,Oui,Oui,Oui
M10025,Dakar,Urbain,5,49.0,H,Secondaire,,133000.0,Oui,Oui,Oui
M10026,Dakar,Urbain,8,60.0,H,Supérieur,522000.0,477000.0,Oui,Non,Oui
M10027,Diourbel,Urbain,14,61.0,F,Primaire,,238000.0,Oui,Oui,Oui
M10028,Diourbel,Urbain,8,66.0,H,Aucun,383000.0,345000.0,Oui,Oui,Oui
M10029,Kaolack,Rural,10,49.0,H,Aucun,94000.0,70000.0,Oui,Non,Oui
M10030,Louga,Rural,9,52.0,H,Aucun,278000.0,224000.0,Non,Non,Non
M10031,Ziguinchor,Rural,12,39.0,H,Secondaire,249000.0,253000.0,Non,Non,Non
M10032,Kaolack,Urbain,4,60.0,F,Primaire,,220000.0,Oui,Oui,Oui
M10033,Saint-Louis,Rural,10,39.0,H,Secondaire,187000.0,188000.0,Non,Non,Oui
M10034,Ziguinchor,Rural,8,66.0,F,Coranique,81000.0,64000.0,Oui,Non,Non
M10035,Dakar,Urbain,8,37.0,F,Supérieur,817000.0,766000.0,Oui,Non,Oui
M10036,Dakar,Urbain,6,43.0,F,Secondaire,176000.0,162000.0,Oui,Oui,Non
M10037,Dakar,Urbain,4,64.0,F,Primaire,38000.0,35000.0,Oui,Non,Oui
M10038,Saint-Louis,Rural,7,52.0,F,Aucun,290000.0,218000.0,Non,Non,Non
M10039,Dakar,Urbain,7,57.0,F,Coranique,,180000.0,Oui,Oui,Oui
M10040,Kaolack,Urbain,11,34.0,F,Primaire,,154000.0,Oui,Non,Non
M10041,Ziguinchor,Urbain,6,36.0,H,Supérieur,,165000.0,Oui,Non,Oui
M10042,Dakar,Urbain,13,45.0,H,Secondaire,463000.0,361000.0,Oui,Oui,Oui
M10043,Tambacounda,Rural,10,34.0,H,Aucun,135000.0,147000.0,Oui,Non,Non
M10044,Dakar,Urbain,7,48.0,H,Secondaire,575000.0,460000.0,Oui,Oui,Oui
M10045,Dakar,Urbain,6,31.0,F,Secondaire,433000.0,359000.0,Oui,Non,Oui
M10046,Saint-Louis,Urbain,7,59.0,H,Secondaire,,1118000.0,Oui,Oui,Oui
M10047,Dakar,Urbain,9,44.0,H,Aucun,,143000.0,Non,Oui,Non
M10048,Thiès,Rural,8,63.0,H,Coranique,126000.0,124000.0,Oui,Non,Oui
M10049,Tambacounda,Rural,2,56.0,H,Coranique,69000.0,61000.0,Non,Non,Non
M10050,Tambacounda,Rural,10,43.0,H,Coranique,91000.0,73000.0,Non,Non,Oui
M10051,Kaolack,Rural,12,50.0,H,Aucun,159000.0,144000.0,Oui,Non,Non
M10052,Dakar,Urbain,10,23.0,F,Primaire,85000.0,81000.0,Oui,Non,Oui
M10053,Dakar,Rural,8,59.0,H,Primaire,153000.0,129000.0,Oui,Oui,Oui
M10054,Tambacounda,Rural,15,46.0,F,Coranique,146000.0,123000.0,Non,Oui,Oui
M10055,Kaolack,Urbain,5,59.0,H,Secondaire,373000.0,350000.0,Oui,Oui,Oui
M10056,Thiès,Urbain,4,58.0,H,Coranique,258000.0,188000.0,Oui,Oui,Oui
M10057,Thiès,Rural,12,55.0,F,Coranique,170000.0,116000.0,Non,Non,Non
M10058,Kaolack,Rural,7,54.0,F,Aucun,99000.0,78000.0,Oui,Non,Oui
M10059,Diourbel,Urbain,9,28.0,H,Secondaire,525000.0,415000.0,Oui,Oui,Oui
M10060,Saint-Louis,Urbain,7,36.0,H,Secondaire,208000.0,113000.0,Oui,Oui,Oui
M10061,Diourbel,Urbain,9,40.0,H,Secondaire,,224000.0,Oui,Oui,Oui
M10062,Thiès,Rural,15,45.0,H,Primaire,154000.0,116000.0,Non,Oui,Non
M10063,Dakar,Urbain,7,51.0,H,Secondaire,388000.0,313000.0,Oui,Oui,Oui
M10064,Kaolack,Urbain,3,52.0,H,Secondaire,1105000.0,1008000.0,Oui,Non,Oui
M10065,Dakar,Urbain,5,66.0,F,Primaire,105000.0,99000.0,Oui,Non,Oui
M10066,Ziguinchor,Rural,9,39.0,H,Aucun,284000.0,228000.0,Oui,Oui,Oui
M10067,Diourbel,Rural,4,29.0,F,Primaire,161000.0,119000.0,Oui,Non,Non
M10068,Dakar,Rural,8,50.0,F,Coranique,,48000.0,Non,Non,Oui
M10069,Louga,Urbain,11,50.0,H,Supérieur,179000.0,170000.0,Oui,Non,Non
M10070,Dakar,Urbain,7,62.0,H,Secondaire,191000.0,181000.0,Oui,Oui,Oui
M10071,Thiès,Rural,20,43.0,H,Aucun,160000.0,105000.0,Oui,Non,Non
M10072,Saint-Louis,Urbain,5,55.0,H,Secondaire,279000.0,228000.0,Oui,Non,Non
M10073,Louga,Rural,6,55.0,H,Coranique,86000.0,63000.0,Oui,Non,Oui
M10074,Kaolack,Urbain,7,56.0,F,Primaire,255000.0,203000.0,Oui,Non,Oui
M10075,Dakar,Urbain,3,21.0,H,Coranique,145000.0,94000.0,Non,Non,Oui
M10076,Dakar,Urbain,7,36.0,H,Coranique,374000.0,329000.0,Oui,Non,Oui
M10077,Dakar,Urbain,13,62.0,H,Primaire,349000.0,310000.0,Non,Non,Oui
M10078,Ziguinchor,Urbain,10,54.0,H,Secondaire,435000.0,274000.0,Oui,Non,Oui
M10079,Dakar,Urbain,99,65.0,H,Primaire,280000.0,252000.0,Oui,Non,Oui
M10080,Dakar,Urbain,3,49.0,H,Secondaire,336000.0,244000.0,Oui,Oui,Oui
M10081,Diourbel,Rural,11,40.0,H,Aucun,122000.0,99000.0,Non,Non,Non
M10082,Kaolack,Rural,8,71.0,H,Aucun,254000.0,198000.0,Oui,Oui,Non
M10083,Saint-Louis,Rural,12,36.0,H,Aucun,114000.0,124000.0,Non,Non,Oui
M10084,Dakar,Urbain,6,53.0,F,Aucun,194000.0,150000.0,Non,Non,Non
M10085,Tambacounda,Urbain,5,28.0,H,Supérieur,620000.0,542000.0,Oui,Oui,Oui
M10086,Dakar,Urbain,99,65.0,F,Primaire,,746000.0,Oui,Non,Non
M10087,Dakar,Urbain,7,48.0,F,Aucun,230000.0,196000.0,Oui,Oui,Oui
M10088,Saint-Louis,Urbain,8,61.0,F,Primaire,451000.0,344000.0,Oui,Non,Oui
M10089,Thiès,Urbain,7,41.0,H,Secondaire,288000.0,246000.0,Oui,Oui,Oui
M10090,Tambacounda,Rural,13,35.0,F,Primaire,151000.0,100000.0,Non,Oui,Oui
M10091,Ziguinchor,Rural,6,37.0,H,Primaire,126000.0,108000.0,Non,Non,Non
M10092,Dakar,Urbain,10,53.0,H,Secondaire,150000.0,127000.0,Oui,Non,Oui
M10093,Louga,Urbain,7,61.0,H,Aucun,401000.0,344000.0,Oui,Oui,Oui
M10094,Dakar,Rural,10,25.0,H,Aucun,241000.0,209000.0,Oui,Non,Non
M10095,Diourbel,Rural,12,42.0,H,Coranique,328000.0,313000.0,Oui,Non,Oui
M10096,Dakar,Urbain,5,41.0,H,Supérieur,322000.0,270000.0,Oui,Oui,Oui
M10097,Dakar,Urbain,9,46.0,H,Primaire,105000.0,99000.0,Oui,Oui,Non
M10098,Thiès,Rural,12,36.0,H,Primaire,58000.0,43000.0,Oui,Non,Non
M10099,Dakar,Urbain,6,50.0,F,Coranique,,300000.0,Oui,Oui,Oui
M10100,Thiès,Urbain,4,45.0,H,Secondaire,,365000.0,Oui,Oui,Oui
M10101,Diourbel,Urbain,9,71.0,H,Aucun,136000.0,132000.0,Non,Oui,Oui
M10102,Dakar,Urbain,9,58.0,H,Secondaire,,521000.0,Oui,Non,Oui
M10103,Kaolack,Urbain,7,33.0,H,Secondaire,110000.0,73000.0,Oui,Oui,Oui
M10104,Diourbel,Rural,10,57.0,H,Coranique,304000.0,212000.0,Non,Non,Non
M10105,Ziguinchor,Rural,5,50.0,H,Primaire,152000.0,94000.0,Non,Oui,Non
M10106,Dakar,Urbain,8,53.0,H,Primaire,221000.0,178000.0,Oui,Oui,Oui
M10107,Ziguinchor,Rural,8,44.0,H,Coranique,68000.0,65000.0,Non,Non,Non
M10108,Tambacounda,Rural,4,40.0,H,Aucun,180000.0,182000.0,Non,Non,Oui
M10109,Diourbel,Rural,10,52.0,H,Secondaire,298000.0,200000.0,Oui,Oui,Oui
M10110,Louga,Urbain,6,29.0,H,Secondaire,,279000.0,Oui,Oui,Oui
M10111,Louga,Urbain,12,64.0,H,Primaire,136000.0,120000.0,Oui,Oui,Non
M10112,Dakar,Urbain,7,31.0,H,Secondaire,245000.0,230000.0,Oui,Oui,Non
M10113,Diourbel,Urbain,3,49.0,H,Primaire,239000.0,164000.0,Oui,Oui,Oui
M10114,Thiès,Rural,14,47.0,H,Aucun,,131000.0,Oui,Oui,Non
M10115,Saint-Louis,Urbain,3,58.0,F,Coranique,251000.0,188000.0,Oui,Non,Oui
M10116,Saint-Louis,Urbain,99,51.0,H,Secondaire,522000.0,454000.0,Oui,Non,Non
M10117,Louga,Rural,14,46.0,H,Aucun,131000.0,107000.0,Non,Non,Non
M10118,Saint-Louis,Urbain,6,61.0,H,Primaire,,183000.0,Oui,Non,Non
M10119,Dakar,Urbain,8,56.0,F,Secondaire,186000.0,131000.0,Oui,Non,Oui
M10120,Louga,Urbain,4,52.0,H,Primaire,328000.0,277000.0,Oui,Non,Oui
M10121,Dakar,Urbain,7,27.0,H,Primaire,309000.0,267000.0,Oui,Oui,Non
M10122,Thiès,Urbain,1,54.0,H,Primaire,273000.0,203000.0,Oui,Oui,Oui
M10123,Ziguinchor,Urbain,3,59.0,H,Coranique,252000.0,244000.0,Oui,Oui,Non
M10124,Kaolack,Rural,8,40.0,H,Coranique,118000.0,89000.0,Non,Non,Non
M10125,Thiès,Urbain,4,48.0,F,Primaire,93000.0,70000.0,Oui,Oui,Oui
M10126,Diourbel,Rural,7,52.0,H,Aucun,109000.0,86000.0,Oui,Oui,Oui
M10127,Thiès,Urbain,5,38.0,H,Secondaire,,271000.0,Oui,Oui,Non
M10128,Saint-Louis,Rural,8,27.0,F,Secondaire,287000.0,216000.0,Oui,Non,Non
M10129,Diourbel,Rural,8,55.0,H,Primaire,105000.0,91000.0,Non,Non,Oui
M10130,Thiès,Rural,11,54.0,H,Primaire,111000.0,81000.0,Oui,Oui,Oui
M10131,Saint-Louis,Rural,8,55.0,H,Primaire,194000.0,178000.0,Oui,Non,Non
M10132,Ziguinchor,Rural,14,42.0,H,Coranique,157000.0,131000.0,Non,Non,Oui
M10133,Saint-Louis,Urbain,2,43.0,H,Primaire,142000.0,130000.0,Oui,Non,Oui
M10134,Dakar,Urbain,8,50.0,H,Supérieur,,400000.0,Oui,Non,Oui
M10135,Diourbel,Urbain,11,49.0,H,Aucun,,156000.0,Oui,Oui,Oui
M10136,Louga,Urbain,8,66.0,F,Primaire,378000.0,295000.0,Oui,Non,Oui
M10137,Kaolack,Rural,9,49.0,F,Primaire,181000.0,175000.0,Oui,Non,Non
M10138,Thiès,Urbain,5,54.0,H,Secondaire,229000.0,181000.0,Oui,Non,Oui
M10139,Diourbel,Rural,11,35.0,F,Aucun,207000.0,214000.0,Non,Non,Non
M10140,Thiès,Rural,13,45.0,F,Coranique,318000.0,255000.0,Non,Oui,Non
M10141,Dakar,Urbain,6,51.0,H,Secondaire,476000.0,426000.0,Oui,Non,Oui
M10142,Dakar,Urbain,3,46.0,F,Primaire,401000.0,287000.0,Oui,Oui,Oui
M10143,Ziguinchor,Urbain,6,29.0,H,Secondaire,,545000.0,Oui,Oui,Non
M10144,Tambacounda,Rural,4,45.0,H,Coranique,214000.0,143000.0,Non,Non,Non
M10145,Louga,Rural,9,30.0,H,Primaire,193000.0,205000.0,Oui,Non,Non
M10146,Thiès,Rural,7,59.0,H,Aucun,339000.0,285000.0,Non,Non,Oui
M10147,Saint-Louis,Rural,7,39.0,H,Supérieur,495000.0,405000.0,Oui,Non,Non
M10148,Dakar,Rural,8,37.0,H,Secondaire,460000.0,474000.0,Non,Non,Non
M10149,Dakar,Urbain,5,49.0,H,Aucun,245000.0,203000.0,Oui,Oui,Oui
M10150,Saint-Louis,Rural,7,65.0,H,Primaire,414000.0,380000.0,Oui,Non,Non
M10151,Kaolack,Urbain,3,44.0,F,Aucun,212000.0,219000.0,Oui,Oui,Oui
M10152,Diourbel,Urbain,7,53.0,H,Aucun,144000.0,120000.0,Oui,Non,Oui
M10153,Dakar,Urbain,10,45.0,H,Primaire,525000.0,467000.0,Oui,Non,Non
M10154,Kaolack,Urbain,5,27.0,H,Primaire,283000.0,239000.0,Oui,Oui,Oui
M10155,Dakar,Urbain,3,43.0,H,Coranique,137000.0,100000.0,Oui,Non,Oui
M10156,Dakar,Urbain,12,51.0,H,Aucun,243000.0,223000.0,Oui,Oui,Oui
M10157,Thiès,Urbain,8,62.0,F,Secondaire,267000.0,254000.0,Oui,Non,Non
M10158,Dakar,Urbain,3,39.0,H,Primaire,239000.0,193000.0,Oui,Non,Oui
M10159,Thiès,Rural,8,54.0,F,Primaire,136000.0,86000.0,Non,Non,Oui
M10160,Dakar,Urbain,4,57.0,H,Aucun,147000.0,139000.0,Oui,Oui,Oui
M10161,Diourbel,Urbain,15,59.0,H,Supérieur,644000.0,583000.0,Oui,Oui,Oui
M10162,Kaolack,Rural,6,48.0,H,Coranique,89000.0,79000.0,Oui,Non,Oui
M10163,Kaolack,Urbain,4,44.0,H,Primaire,155000.0,118000.0,Oui,Non,Oui
M10164,Louga,Rural,9,29.0,F,Aucun,55000.0,44000.0,Non,Non,Oui
M10165,Thiès,Rural,11,70.0,F,Aucun,369000.0,321000.0,Non,Non,Non
M10166,Ziguinchor,Rural,12,49.0,H,Aucun,233000.0,194000.0,Non,Non,Non
M10167,Ziguinchor,Rural,11,40.0,F,Coranique,405000.0,339000.0,Oui,Non,Non
M10168,Louga,Urbain,10,55.0,H,Supérieur,385000.0,258000.0,Oui,Oui,Oui
M10169,Thiès,Urbain,8,65.0,H,Coranique,,212000.0,Oui,Oui,Non
M10170,Kaolack,Urbain,5,37.0,H,Primaire,588000.0,544000.0,Oui,Oui,Non
M10171,Saint-Louis,Urbain,9,52.0,H,Supérieur,376000.0,380000.0,Oui,Oui,Oui
M10172,Tambacounda,Urbain,6,37.0,H,Coranique,282000.0,257000.0,Non,Oui,Non
M10173,Dakar,Urbain,4,58.0,H,Primaire,,231000.0,Oui,Oui,Oui
M10174,Thiès,Urbain,7,45.0,F,Secondaire,815000.0,786000.0,Non,Oui,Oui
M10175,Saint-Louis,Rural,6,31.0,F,Aucun,58000.0,47000.0,Oui,Non,Oui
M10176,Dakar,Urbain,5,48.0,H,Aucun,144000.0,140000.0,Oui,Non,Oui
M10177,Kaolack,Rural,11,39.0,H,Secondaire,202000.0,141000.0,Non,Non,Non
M10178,Saint-Louis,Urbain,6,77.0,F,Aucun,180000.0,126000.0,Oui,Non,Oui
M10179,Thiès,Urbain,5,52.0,H,Aucun,239000.0,200000.0,Oui,Oui,Non
M10180,Louga,Urbain,10,44.0,H,Coranique,282000.0,232000.0,Oui,Non,Oui
M10181,Ziguinchor,Urbain,6,59.0,H,Coranique,122000.0,101000.0,Oui,Oui,Oui
M10182,Diourbel,Rural,9,36.0,F,Primaire,105000.0,100000.0,Non,Non,Oui
M10183,Ziguinchor,Rural,99,56.0,H,Primaire,,134000.0,Non,Non,Non
M10184,Tambacounda,Rural,12,56.0,H,Coranique,89000.0,71000.0,Non,Non,Non
M10185,Diourbel,Rural,7,50.0,H,Aucun,43000.0,40000.0,Oui,Non,Non
M10186,Thiès,Rural,7,34.0,H,Aucun,105000.0,117000.0,Oui,Non,Oui
M10187,Thiès,Rural,11,50.0,F,Aucun,278000.0,243000.0,Non,Non,Non
M10188,Louga,Urbain,12,53.0,H,Coranique,443000.0,431000.0,Oui,Oui,Oui
M10189,Thiès,Urbain,9,44.0,H,Aucun,115000.0,96000.0,Non,Oui,Oui
M10190,Dakar,Urbain,7,33.0,H,Aucun,245000.0,255000.0,Oui,Non,Non
M10191,Dakar,Urbain,7,56.0,H,Primaire,,406000.0,Oui,Non,Oui
M10192,Saint-Louis,Rural,9,53.0,H,Coranique,183000.0,150000.0,Non,Non,Non
M10193,Kaolack,Rural,8,30.0,H,Coranique,101000.0,75000.0,Non,Non,Non
M10194,Thiès,Urbain,5,37.0,H,Primaire,495000.0,412000.0,Oui,Oui,Oui
M10195,Louga,Urbain,6,47.0,F,Aucun,329000.0,329000.0,Oui,Oui,Oui
M10196,Kaolack,Urbain,3,50.0,H,Secondaire,107000.0,100000.0,Oui,Non,Oui
M10197,Diourbel,Rural,16,45.0,H,Primaire,169000.0,147000.0,Oui,Non,Non
M10198,Ziguinchor,Rural,5,39.0,H,Coranique,148000.0,142000.0,Non,Non,Oui
M10199,Dakar,Urbain,99,48.0,F,Primaire,398000.0,282000.0,Oui,Oui,Oui
M10200,Tambacounda,Urbain,11,50.0,H,Primaire,189000.0,154000.0,Oui,Non,Oui
M10201,Kaolack,Rural,8,52.0,F,Coranique,270000.0,231000.0,Oui,Oui,Oui
M10202,Thiès,Rural,8,72.0,H,Aucun,213000.0,172000.0,Non,Oui,Oui
M10203,Dakar,Urbain,4,62.0,F,Primaire,199000.0,204000.0,Oui,Oui,Oui
M10204,Tambacounda,Rural,4,81.0,F,Primaire,250000.0,213000.0,Non,Oui,Non
M10205,Thiès,Urbain,15,61.0,H,Aucun,122000.0,94000.0,Oui,Oui,Non
M10206,Dakar,Urbain,9,39.0,H,Secondaire,262000.0,217000.0,Non,Oui,Oui
M10207,Dakar,Urbain,8,42.0,H,Primaire,150000.0,151000.0,Oui,Non,Non
M10208,Dakar,Urbain,9,41.0,H,Supérieur,808000.0,613000.0,Oui,Oui,Oui
M10209,Kaolack,Rural,13,67.0,H,Secondaire,198000.0,194000.0,Oui,Non,Oui
M10210,Dakar,Urbain,7,,F,Aucun,223000.0,170000.0,Non,Oui,Oui
M10211,Thiès,Urbain,7,38.0,H,Supérieur,390000.0,313000.0,Oui,Oui,Oui
M10212,Thiès,Urbain,9,39.0,H,Secondaire,247000.0,180000.0,Oui,Non,Oui
M10213,Thiès,Rural,16,47.0,H,Coranique,151000.0,128000.0,Non,Non,Oui
M10214,Saint-Louis,Urbain,7,60.0,H,Coranique,286000.0,277000.0,Oui,Non,Oui
M10215,Dakar,Urbain,6,57.0,H,Primaire,422000.0,343000.0,Oui,Oui,Oui
M10216,Saint-Louis,Urbain,8,58.0,F,Secondaire,235000.0,208000.0,Oui,Non,Non
M10217,Louga,Rural,6,55.0,F,Coranique,188000.0,149000.0,Non,Non,Non
M10218,Dakar,Urbain,6,25.0,F,Supérieur,677000.0,562000.0,Oui,Oui,Oui
M10219,Dakar,Urbain,10,46.0,H,Coranique,,288000.0,Oui,Oui,Oui
M10220,Thiès,Urbain,6,59.0,H,Primaire,124000.0,89000.0,Oui,Non,Oui
M10221,Dakar,Urbain,7,54.0,H,Secondaire,298000.0,239000.0,Oui,Non,Oui
M10222,Dakar,Urbain,3,50.0,H,Coranique,,54000.0,Oui,Oui,Oui
M10223,Diourbel,Rural,5,49.0,F,Aucun,120000.0,119000.0,Non,Non,Oui
M10224,Saint-Louis,Urbain,7,43.0,H,Primaire,165000.0,163000.0,Oui,Non,Oui
M10225,Louga,Rural,16,49.0,F,Supérieur,319000.0,264000.0,Oui,Non,Oui
M10226,Kaolack,Rural,8,55.0,H,Aucun,208000.0,172000.0,Non,Oui,Non
M10227,Diourbel,Rural,14,27.0,H,Aucun,176000.0,129000.0,Oui,Oui,Non
M10228,Ziguinchor,Urbain,8,56.0,F,Primaire,313000.0,252000.0,Oui,Oui,Oui
M10229,Thiès,Rural,7,,H,Aucun,196000.0,123000.0,Oui,Oui,Non
M10230,Dakar,Urbain,13,52.0,F,Coranique,426000.0,398000.0,Oui,Non,Non
M10231,Dakar,Urbain,4,63.0,H,Coranique,173000.0,133000.0,Oui,Oui,Oui
M10232,Dakar,Urbain,10,25.0,H,Secondaire,,306000.0,Oui,Oui,Non
M10233,Dakar,Urbain,5,55.0,F,Aucun,253000.0,202000.0,Oui,Oui,Oui
M10234,Thiès,Rural,13,,H,Aucun,176000.0,159000.0,Non,Non,Oui
M10235,Kaolack,Rural,8,52.0,H,Primaire,101000.0,94000.0,Oui,Non,Non
M10236,Dakar,Urbain,11,55.0,H,Supérieur,409000.0,262000.0,Non,Oui,Oui
M10237,Kaolack,Rural,3,28.0,H,Aucun,204000.0,186000.0,Non,Non,Oui
M10238,Dakar,Urbain,11,61.0,H,Aucun,,313000.0,Oui,Oui,Oui
M10239,Ziguinchor,Rural,13,54.0,H,Coranique,60000.0,53000.0,Non,Non,Oui
M10240,Dakar,Urbain,2,58.0,H,Primaire,189000.0,118000.0,Oui,Non,Oui
M10241,Tambacounda,Rural,11,52.0,H,Coranique,163000.0,118000.0,Non,Oui,Oui
M10242,Saint-Louis,Rural,7,39.0,H,Coranique,85000.0,62000.0,Non,Non,Oui
M10243,Saint-Louis,Rural,5,40.0,H,Coranique,,157000.0,Non,Non,Oui
M10244,Ziguinchor,Rural,16,43.0,H,Primaire,189000.0,159000.0,Non,Non,Oui
M10245,Dakar,Urbain,99,38.0,H,Supérieur,688000.0,533000.0,Oui,Oui,Oui
M10246,Saint-Louis,Rural,5,24.0,H,Coranique,103000.0,99000.0,Non,Non,Oui
M10247,Louga,Rural,13,48.0,H,Aucun,84000.0,67000.0,Non,Non,Non
M10248,Louga,Urbain,9,41.0,H,Aucun,126000.0,118000.0,Oui,Non,Oui
M10249,Diourbel,Rural,7,33.0,F,Coranique,123000.0,96000.0,Oui,Non,Non
M10250,Saint-Louis,Urbain,4,56.0,H,Coranique,187000.0,147000.0,Oui,Non,Non
M10251,Kaolack,Urbain,11,34.0,H,Secondaire,260000.0,222000.0,Oui,Oui,Oui
M10252,Dakar,Urbain,4,76.0,H,Secondaire,894000.0,792000.0,Oui,Non,Oui
M10253,Dakar,Urbain,9,51.0,H,Secondaire,313000.0,277000.0,Oui,Oui,Oui
M10254,Dakar,Urbain,10,31.0,H,Supérieur,364000.0,286000.0,Oui,Oui,Oui
M10255,Dakar,Urbain,8,43.0,H,Primaire,617000.0,506000.0,Oui,Oui,Non
M10256,Diourbel,Rural,9,43.0,F,Aucun,149000.0,149000.0,Non,Non,Non
M10257,Saint-Louis,Rural,7,49.0,H,Primaire,130000.0,77000.0,Oui,Oui,Non
M10258,Saint-Louis,Rural,9,67.0,H,Aucun,92000.0,89000.0,Non,Non,Oui
M10259,Ziguinchor,Rural,8,50.0,H,Primaire,,104000.0,Non,Non,Non
M10260,Diourbel,Rural,9,37.0,F,Aucun,218000.0,129000.0,Oui,Non,Oui
M10261,Dakar,Urbain,7,65.0,H,Secondaire,,176000.0,Oui,Non,Oui
M10262,Kaolack,Rural,16,34.0,H,Primaire,196000.0,141000.0,Non,Non,Non
M10263,Dakar,Urbain,6,58.0,F,Supérieur,,274000.0,Oui,Oui,Oui
M10264,Dakar,Urbain,10,66.0,H,Supérieur,340000.0,299000.0,Oui,Oui,Oui
M10265,Tambacounda,Rural,6,61.0,H,Aucun,45000.0,35000.0,Oui,Non,Non
M10266,Thiès,Rural,10,60.0,H,Supérieur,413000.0,320000.0,Oui,Oui,Non
M10267,Tambacounda,Urbain,8,33.0,H,Secondaire,383000.0,315000.0,Oui,Oui,Oui
M10268,Thiès,Rural,10,33.0,F,Aucun,141000.0,110000.0,Oui,Non,Non
M10269,Thiès,Rural,7,53.0,H,Coranique,144000.0,123000.0,Non,Non,Non
M10270,Louga,Urbain,11,32.0,H,Secondaire,106000.0,89000.0,Oui,Oui,Oui
M10271,Dakar,Urbain,8,49.0,H,Supérieur,480000.0,444000.0,Oui,Oui,Oui
M10272,Kaolack,Urbain,4,61.0,F,Secondaire,213000.0,159000.0,Oui,Oui,Oui
M10273,Thiès,Rural,3,58.0,H,Aucun,100000.0,76000.0,Oui,Oui,Non
M10274,Dakar,Urbain,7,46.0,H,Aucun,215000.0,155000.0,Oui,Non,Oui
M10275,Diourbel,Rural,4,42.0,H,Aucun,204000.0,191000.0,Oui,Non,Non
M10276,Diourbel,Urbain,5,64.0,H,Aucun,92000.0,88000.0,Oui,Non,Oui
M10277,Thiès,Rural,9,45.0,H,Aucun,52000.0,49000.0,Oui,Non,Non
M10278,Diourbel,Urbain,11,35.0,F,Coranique,289000.0,251000.0,Oui,Non,Non
M10279,Dakar,Urbain,3,63.0,F,Primaire,177000.0,146000.0,Oui,Oui,Oui
M10280,Dakar,Urbain,6,44.0,F,Supérieur,,741000.0,Oui,Oui,Oui
M10281,Saint-Louis,Urbain,3,66.0,H,Primaire,201000.0,171000.0,Oui,Non,Oui
M10282,Dakar,Urbain,3,61.0,H,Coranique,309000.0,280000.0,Oui,Oui,Non
M10283,Saint-Louis,Rural,5,48.0,H,Coranique,180000.0,142000.0,Oui,Oui,Oui
M10284,Diourbel,Rural,4,42.0,F,Coranique,352000.0,288000.0,Oui,Oui,Oui
M10285,Thiès,Rural,7,68.0,F,Aucun,156000.0,114000.0,Non,Non,Non
M10286,Diourbel,Rural,9,50.0,H,Primaire,415000.0,366000.0,Oui,Non,Non
M10287,Saint-Louis,Rural,9,36.0,F,Coranique,189000.0,137000.0,Oui,Non,Oui
M10288,Thiès,Urbain,9,43.0,F,Coranique,194000.0,200000.0,Oui,Non,Non
M10289,Thiès,Rural,7,61.0,H,Primaire,257000.0,209000.0,Non,Non,Non
M10290,Dakar,Urbain,6,61.0,H,Aucun,391000.0,370000.0,Oui,Oui,Oui
M10291,Dakar,Urbain,8,53.0,H,Secondaire,,794000.0,Oui,Oui,Non
M10292,Louga,Rural,5,50.0,H,Coranique,99000.0,96000.0,Oui,Non,Non
M10293,Saint-Louis,Urbain,10,63.0,H,Secondaire,,230000.0,Oui,Oui,Oui
M10294,Diourbel,Urbain,3,54.0,F,Coranique,157000.0,122000.0,Oui,Non,Non
M10295,Dakar,Urbain,10,54.0,H,Supérieur,,292000.0,Oui,Non,Oui
M10296,Dakar,Urbain,10,61.0,F,Primaire,245000.0,176000.0,Oui,Oui,Non
M10297,Diourbel,Urbain,10,55.0,H,Primaire,342000.0,281000.0,Oui,Non,Oui
M10298,Dakar,Urbain,5,56.0,H,Supérieur,694000.0,605000.0,Non,Oui,Oui
M10299,Kaolack,Urbain,4,47.0,F,Aucun,199000.0,121000.0,Oui,Non,Non
M10300,Louga,Rural,9,25.0,H,Primaire,109000.0,83000.0,Oui,Non,Non
M10301,Louga,Rural,99,40.0,H,Aucun,127000.0,109000.0,Oui,Non,Oui
M10302,Saint-Louis,Rural,7,25.0,H,Supérieur,498000.0,445000.0,Oui,Non,Non
M10303,Kaolack,Urbain,9,53.0,H,Aucun,340000.0,272000.0,Oui,Oui,Non
M10304,Tambacounda,Urbain,3,42.0,H,Coranique,418000.0,307000.0,Non,Oui,Oui
M10305,Saint-Louis,Urbain,5,59.0,H,Primaire,279000.0,262000.0,Oui,Oui,Oui
M10306,Ziguinchor,Rural,8,57.0,H,Primaire,125000.0,107000.0,Oui,Non,Non
M10307,Dakar,Urbain,11,57.0,F,Coranique,224000.0,177000.0,Oui,Oui,Oui
M10308,Tambacounda,Rural,3,43.0,H,Primaire,369000.0,304000.0,Oui,Oui,Oui
M10309,Thiès,Rural,6,66.0,H,Aucun,135000.0,99000.0,Oui,Non,Oui
M10310,Diourbel,Rural,6,52.0,F,Primaire,115000.0,92000.0,Non,Non,Oui
M10311,Dakar,Urbain,13,75.0,H,Supérieur,638000.0,475000.0,Oui,Oui,Oui
M10312,Louga,Urbain,7,54.0,H,Supérieur,343000.0,308000.0,Non,Oui,Oui
M10313,Dakar,Urbain,11,74.0,H,Coranique,108000.0,98000.0,Oui,Oui,Non
M10314,Diourbel,Rural,10,56.0,F,Aucun,104000.0,96000.0,Non,Oui,Non
M10315,Louga,Rural,5,54.0,H,Aucun,103000.0,90000.0,Non,Non,Non
M10316,Dakar,Urbain,5,48.0,H,Coranique,252000.0,229000.0,Oui,Oui,Oui
M10317,Thiès,Urbain,5,56.0,F,Supérieur,1123000.0,845000.0,Oui,Oui,Oui
M10318,Thiès,Rural,3,47.0,F,Coranique,223000.0,176000.0,Non,Oui,Non
M10319,Saint-Louis,Rural,10,40.0,H,Aucun,,92000.0,Oui,Non,Oui
M10320,Dakar,Urbain,8,50.0,H,Secondaire,991000.0,840000.0,Oui,Oui,Oui
M10321,Dakar,Urbain,11,37.0,H,Coranique,264000.0,190000.0,Oui,Oui,Oui
M10322,Ziguinchor,Rural,13,50.0,H,Aucun,245000.0,234000.0,Non,Non,Oui
M10323,Dakar,Urbain,4,74.0,H,Secondaire,286000.0,158000.0,Oui,Non,Oui
M10324,Dakar,Urbain,7,44.0,H,Coranique,173000.0,156000.0,Oui,Non,Oui
M10325,Thiès,Urbain,3,53.0,F,Secondaire,370000.0,312000.0,Oui,Non,Non
M10326,Dakar,Urbain,3,45.0,F,Supérieur,503000.0,431000.0,Oui,Oui,Oui
M10327,Saint-Louis,Rural,8,53.0,H,Aucun,117000.0,84000.0,Oui,Oui,Non
M10328,Kaolack,Rural,9,51.0,H,Aucun,266000.0,279000.0,Oui,Non,Oui
M10329,Thiès,Rural,12,75.0,F,Secondaire,292000.0,245000.0,Oui,Non,Oui
M10330,Thiès,Urbain,5,54.0,F,Primaire,231000.0,205000.0,Oui,Oui,Oui
M10331,Diourbel,Rural,11,47.0,F,Primaire,,98000.0,Oui,Oui,Non
M10332,Tambacounda,Urbain,6,64.0,H,Primaire,196000.0,152000.0,Oui,Non,Oui
M10333,Diourbel,Rural,7,54.0,H,Coranique,102000.0,74000.0,Non,Non,Oui
M10334,Dakar,Urbain,10,55.0,H,Secondaire,547000.0,434000.0,Oui,Oui,Oui
M10335,Dakar,Rural,6,,H,Aucun,159000.0,128000.0,Non,Non,Oui
M10336,Thiès,Rural,12,68.0,F,Aucun,124000.0,80000.0,Non,Oui,Oui
M10337,Diourbel,Rural,6,46.0,H,Aucun,193000.0,162000.0,Oui,Non,Oui
M10338,Dakar,Urbain,12,41.0,H,Secondaire,381000.0,328000.0,Oui,Non,Oui
M10339,Thiès,Urbain,7,53.0,H,Aucun,275000.0,250000.0,Oui,Oui,Oui
M10340,Kaolack,Rural,8,56.0,H,Aucun,148000.0,125000.0,Oui,Non,Oui
M10341,Diourbel,Urbain,4,57.0,H,Primaire,122000.0,69000.0,Oui,Non,Oui
M10342,Diourbel,Urbain,7,38.0,H,Coranique,76000.0,64000.0,Oui,Non,Oui
M10343,Dakar,Urbain,9,51.0,H,Aucun,448000.0,386000.0,Oui,Oui,Non
M10344,Ziguinchor,Rural,7,54.0,H,Coranique,,139000.0,Oui,Non,Non
M10345,Kaolack,Rural,6,43.0,H,Aucun,88000.0,86000.0,Non,Non,Non
M10346,Saint-Louis,Rural,11,76.0,H,Secondaire,81000.0,78000.0,Non,Non,Non
M10347,Kaolack,Urbain,5,20.0,H,Primaire,159000.0,137000.0,Oui,Oui,Non
M10348,Dakar,Urbain,2,52.0,H,Secondaire,450000.0,429000.0,Oui,Oui,Oui
M10349,Louga,Urbain,4,58.0,H,Secondaire,892000.0,890000.0,Oui,Non,Oui
M10350,Thiès,Rural,10,61.0,F,Secondaire,199000.0,189000.0,Oui,Non,Non
M10351,Saint-Louis,Rural,4,53.0,H,Primaire,202000.0,184000.0,Oui,Non,Oui
M10352,Diourbel,Rural,9,47.0,F,Secondaire,308000.0,242000.0,Oui,Non,Oui
M10353,Diourbel,Urbain,7,58.0,H,Primaire,179000.0,161000.0,Oui,Non,Oui
M10354,Tambacounda,Rural,6,68.0,H,Aucun,143000.0,120000.0,Non,Non,Non
M10355,Thiès,Rural,8,46.0,H,Aucun,87000.0,70000.0,Oui,Non,Non
M10356,Saint-Louis,Urbain,7,39.0,H,Primaire,206000.0,169000.0,Oui,Oui,Oui
M10357,Tambacounda,Urbain,7,52.0,H,Aucun,168000.0,136000.0,Oui,Oui,Oui
M10358,Saint-Louis,Rural,15,39.0,H,Aucun,247000.0,219000.0,Non,Non,Oui
M10359,Saint-Louis,Urbain,4,74.0,H,Supérieur,133000.0,89000.0,Oui,Oui,Oui
M10360,Saint-Louis,Urbain,9,54.0,H,Coranique,204000.0,201000.0,Oui,Oui,Non
M10361,Thiès,Rural,11,54.0,F,Secondaire,433000.0,394000.0,Non,Oui,Oui
M10362,Diourbel,Urbain,3,39.0,F,Primaire,275000.0,174000.0,Oui,Oui,Oui
M10363,Dakar,Urbain,3,50.0,H,Secondaire,717000.0,567000.0,Non,Oui,Non
M10364,Diourbel,Urbain,10,,F,Aucun,403000.0,310000.0,Oui,Oui,Non
M10365,Louga,Urbain,4,72.0,H,Primaire,83000.0,75000.0,Oui,Oui,Non
M10366,Louga,Urbain,5,43.0,H,Aucun,115000.0,103000.0,Oui,Oui,Oui
M10367,Dakar,Urbain,8,35.0,F,Supérieur,814000.0,523000.0,Oui,Oui,Oui
M10368,Saint-Louis,Rural,13,24.0,H,Aucun,166000.0,135000.0,Oui,Non,Non
M10369,Ziguinchor,Urbain,10,59.0,F,Secondaire,409000.0,341000.0,Oui,Oui,Oui
M10370,Ziguinchor,Urbain,8,40.0,F,Aucun,182000.0,163000.0,Oui,Non,Oui
M10371,Ziguinchor,Rural,10,55.0,H,Aucun,146000.0,123000.0,Non,Non,Non
M10372,Diourbel,Rural,11,47.0,F,Coranique,128000.0,93000.0,Non,Non,Non
M10373,Dakar,Urbain,3,68.0,H,Secondaire,64000.0,60000.0,Oui,Oui,Oui
M10374,Diourbel,Urbain,6,54.0,H,Supérieur,169000.0,155000.0,Oui,Non,Oui
M10375,Ziguinchor,Urbain,3,29.0,H,Primaire,349000.0,133000.0,Oui,Non,Oui
M10376,Ziguinchor,Rural,8,32.0,H,Secondaire,120000.0,104000.0,Non,Non,Oui
M10377,Tambacounda,Rural,4,68.0,F,Primaire,396000.0,342000.0,Oui,Non,Oui
M10378,Dakar,Urbain,5,40.0,F,Secondaire,916000.0,699000.0,Oui,Oui,Oui
M10379,Louga,Rural,7,54.0,H,Aucun,283000.0,239000.0,Non,Oui,Non
M10380,Dakar,Urbain,7,64.0,H,Coranique,117000.0,98000.0,Oui,Non,Non
M10381,Saint-Louis,Rural,13,33.0,F,Aucun,187000.0,135000.0,Non,Non,Non
M10382,Dakar,Urbain,99,50.0,H,Supérieur,1379000.0,919000.0,Oui,Oui,Non
M10383,Diourbel,Urbain,9,45.0,F,Supérieur,548000.0,481000.0,Oui,Oui,Oui
M10384,Louga,Rural,8,46.0,F,Aucun,168000.0,126000.0,Non,Non,Oui
M10385,Louga,Rural,10,,H,Primaire,139000.0,117000.0,Non,Oui,Non
M10386,Louga,Urbain,6,49.0,F,Aucun,,61000.0,Oui,Non,Non
M10387,Tambacounda,Rural,9,47.0,F,Coranique,,125000.0,Non,Oui,Non
M10388,Diourbel,Rural,14,37.0,H,Aucun,153000.0,100000.0,Non,Non,Oui
M10389,Louga,Rural,6,40.0,H,Coranique,93000.0,65000.0,Non,Oui,Oui
M10390,Ziguinchor,Rural,6,32.0,H,Primaire,159000.0,143000.0,Oui,Non,Oui
M10391,Dakar,Urbain,9,48.0,H,Primaire,763000.0,542000.0,Oui,Oui,Oui
M10392,Louga,Rural,4,56.0,F,Aucun,179000.0,196000.0,Non,Oui,Non
M10393,Dakar,Urbain,7,50.0,H,Secondaire,490000.0,340000.0,Oui,Oui,Oui
M10394,Diourbel,Rural,15,34.0,F,Aucun,90000.0,69000.0,Non,Non,Oui
M10395,Dakar,Urbain,6,38.0,F,Coranique,135000.0,102000.0,Oui,Oui,Non
M10396,Saint-Louis,Urbain,5,54.0,H,Secondaire,329000.0,292000.0,Oui,Oui,Oui
M10397,Ziguinchor,Rural,8,54.0,F,Coranique,88000.0,63000.0,Oui,Non,Oui
M10398,Diourbel,Urbain,7,29.0,F,Supérieur,411000.0,313000.0,Oui,Oui,Oui
M10399,Ziguinchor,Rural,7,55.0,F,Aucun,166000.0,129000.0,Oui,Non,Oui
M10400,Diourbel,Urbain,9,47.0,F,Primaire,804000.0,733000.0,Oui,Non,Oui
M10401,Kaolack,Urbain,7,50.0,H,Aucun,157000.0,135000.0,Oui,Non,Oui
M10402,Diourbel,Urbain,5,47.0,H,Coranique,184000.0,131000.0,Non,Non,Oui
M10403,Dakar,Urbain,5,43.0,H,Secondaire,213000.0,116000.0,Oui,Non,Oui
M10404,Tambacounda,Rural,13,59.0,F,Secondaire,181000.0,143000.0,Oui,Oui,Oui
M10405,Dakar,Urbain,4,55.0,H,Secondaire,118000.0,77000.0,Oui,Oui,Non
M10406,Ziguinchor,Rural,13,52.0,H,Aucun,257000.0,188000.0,Oui,Non,Non
M10407,Diourbel,Urbain,5,25.0,H,Supérieur,178000.0,142000.0,Oui,Non,Oui
M10408,Dakar,Urbain,8,57.0,H,Aucun,124000.0,86000.0,Oui,Non,Non
M10409,Tambacounda,Rural,9,39.0,F,Aucun,216000.0,185000.0,Oui,Non,Non
M10410,Louga,Urbain,4,35.0,H,Primaire,375000.0,257000.0,Oui,Non,Non
M10411,Saint-Louis,Rural,8,55.0,H,Aucun,210000.0,172000.0,Non,Non,Non
M10412,Kaolack,Rural,13,42.0,H,Aucun,73000.0,66000.0,Oui,Non,Oui
M10413,Louga,Rural,5,36.0,H,Secondaire,560000.0,415000.0,Oui,Non,Oui
M10414,Kaolack,Rural,7,29.0,H,Primaire,150000.0,132000.0,Non,Oui,Non
M10415,Kaolack,Urbain,6,71.0,H,Supérieur,668000.0,544000.0,Oui,Oui,Non
M10416,Ziguinchor,Rural,9,50.0,H,Coranique,363000.0,325000.0,Oui,Non,Non
M10417,Ziguinchor,Rural,2,51.0,H,Aucun,130000.0,111000.0,Oui,Non,Non
M10418,Dakar,Urbain,14,44.0,H,Supérieur,462000.0,352000.0,Oui,Oui,Oui
M10419,Louga,Rural,7,42.0,H,Secondaire,114000.0,77000.0,Non,Oui,Non
M10420,Saint-Louis,Rural,7,58.0,H,Aucun,235000.0,151000.0,Oui,Non,Oui
M10421,Thiès,Rural,8,41.0,F,Primaire,836000.0,736000.0,Non,Non,Non
M10422,Ziguinchor,Urbain,7,34.0,H,Secondaire,233000.0,218000.0,Oui,Oui,Oui
M10423,Louga,Urbain,7,80.0,H,Secondaire,,170000.0,Oui,Oui,Oui
M10424,Dakar,Urbain,7,47.0,H,Supérieur,,431000.0,Oui,Oui,Oui
M10425,Louga,Rural,2,54.0,F,Aucun,157000.0,108000.0,Oui,Non,Oui
M10426,Ziguinchor,Rural,10,59.0,H,Aucun,288000.0,205000.0,Oui,Non,Non
M10427,Dakar,Urbain,10,53.0,H,Primaire,377000.0,288000.0,Oui,Oui,Oui
M10428,Ziguinchor,Rural,7,52.0,H,Secondaire,386000.0,314000.0,Oui,Non,Oui
M10429,Kaolack,Urbain,7,68.0,H,Secondaire,113000.0,108000.0,Oui,Non,Oui
M10430,Saint-Louis,Rural,8,36.0,F,Aucun,263000.0,250000.0,Non,Non,Non
M10431,Dakar,Rural,7,56.0,H,Coranique,250000.0,236000.0,Oui,Oui,Oui
M10432,Tambacounda,Rural,14,54.0,H,Primaire,285000.0,231000.0,Oui,Non,Oui
M10433,Diourbel,Rural,4,59.0,H,Secondaire,309000.0,264000.0,Oui,Oui,Oui
M10434,Saint-Louis,Urbain,8,27.0,H,Coranique,303000.0,226000.0,Oui,Oui,Oui
M10435,Diourbel,Rural,8,41.0,H,Coranique,117000.0,97000.0,Non,Non,Non
M10436,Dakar,Urbain,5,52.0,H,Secondaire,74000.0,65000.0,Oui,Oui,Oui
M10437,Dakar,Urbain,9,50.0,H,Primaire,239000.0,155000.0,Oui,Non,Oui
M10438,Thiès,Urbain,5,55.0,F,Aucun,618000.0,528000.0,Oui,Oui,Oui
M10439,Thiès,Rural,7,,H,Coranique,315000.0,199000.0,Non,Non,Non
M10440,Dakar,Urbain,5,42.0,F,Primaire,160000.0,147000.0,Oui,Non,Oui
M10441,Thiès,Urbain,11,52.0,H,Supérieur,304000.0,256000.0,Oui,Oui,Non
M10442,Saint-Louis,Rural,9,55.0,H,Aucun,205000.0,207000.0,Oui,Non,Non
M10443,Dakar,Urbain,8,62.0,H,Primaire,480000.0,379000.0,Oui,Non,Oui
M10444,Diourbel,Urbain,8,35.0,H,Primaire,421000.0,324000.0,Oui,Non,Oui
M10445,Kaolack,Rural,7,46.0,H,Supérieur,243000.0,244000.0,Non,Oui,Oui
M10446,Louga,Urbain,7,69.0,H,Coranique,409000.0,282000.0,Oui,Oui,Oui
M10447,Dakar,Urbain,12,44.0,H,Secondaire,,374000.0,Non,Oui,Oui
M10448,Kaolack,Urbain,9,58.0,H,Primaire,149000.0,160000.0,Oui,Non,Oui
M10449,Saint-Louis,Rural,7,55.0,F,Primaire,77000.0,55000.0,Oui,Non,Non
M10450,Kaolack,Urbain,7,41.0,F,Supérieur,1040000.0,853000.0,Oui,Oui,Oui
M10451,Louga,Rural,10,59.0,H,Primaire,248000.0,237000.0,Oui,Oui,Non
M10452,Louga,Rural,9,38.0,H,Aucun,135000.0,138000.0,Oui,Non,Non
M10453,Saint-Louis,Rural,9,53.0,H,Primaire,100000.0,85000.0,Oui,Oui,Non
M10454,Dakar,Urbain,8,57.0,H,Primaire,159000.0,150000.0,Oui,Oui,Oui
M10455,Dakar,Urbain,5,43.0,H,Supérieur,676000.0,528000.0,Oui,Oui,Oui
M10456,Diourbel,Rural,8,36.0,H,Coranique,124000.0,113000.0,Oui,Non,Non
M10457,Kaolack,Urbain,4,44.0,H,Coranique,108000.0,102000.0,Oui,Oui,Oui
M10458,Saint-Louis,Urbain,10,41.0,H,Aucun,,118000.0,Oui,Oui,Non
M10459,Louga,Rural,13,28.0,H,Coranique,212000.0,160000.0,Non,Non,Non
M10460,Diourbel,Urbain,5,54.0,H,Aucun,,391000.0,Oui,Oui,Oui
M10461,Thiès,Urbain,7,57.0,F,Secondaire,,488000.0,Oui,Oui,Oui
M10462,Ziguinchor,Rural,5,59.0,H,Primaire,478000.0,485000.0,Oui,Non,Oui
M10463,Ziguinchor,Urbain,7,52.0,H,Primaire,263000.0,240000.0,Oui,Non,Oui
M10464,Dakar,Urbain,7,34.0,H,Supérieur,448000.0,431000.0,Oui,Oui,Oui
M10465,Kaolack,Rural,11,38.0,H,Aucun,216000.0,189000.0,Non,Non,Oui
M10466,Louga,Urbain,7,45.0,H,Aucun,284000.0,203000.0,Non,Non,Non
M10467,Dakar,Urbain,6,56.0,H,Primaire,133000.0,99000.0,Oui,Oui,Oui
M10468,Dakar,Urbain,8,47.0,H,Secondaire,332000.0,219000.0,Oui,Oui,Oui
M10469,Diourbel,Urbain,3,34.0,H,Secondaire,186000.0,151000.0,Oui,Oui,Oui
M10470,Dakar,Urbain,8,42.0,H,Supérieur,427000.0,384000.0,Oui,Oui,Oui
M10471,Saint-Louis,Rural,10,57.0,H,Coranique,98000.0,95000.0,Non,Non,Non
M10472,Diourbel,Rural,12,39.0,H,Secondaire,970000.0,804000.0,Non,Non,Oui
M10473,Kaolack,Urbain,8,56.0,H,Secondaire,630000.0,567000.0,Oui,Oui,Oui
M10474,Dakar,Urbain,9,46.0,H,Aucun,410000.0,330000.0,Oui,Non,Non
M10475,Diourbel,Rural,18,37.0,F,Aucun,190000.0,176000.0,Oui,Non,Oui
M10476,Kaolack,Urbain,8,42.0,H,Secondaire,,206000.0,Oui,Oui,Oui
M10477,Louga,Rural,10,67.0,F,Primaire,120000.0,114000.0,Non,Non,Non
M10478,Kaolack,Rural,12,50.0,H,Secondaire,105000.0,96000.0,Non,Oui,Oui
M10479,Diourbel,Rural,13,52.0,H,Coranique,75000.0,78000.0,Oui,Non,Non
M10480,Saint-Louis,Rural,6,38.0,F,Primaire,170000.0,152000.0,Non,Non,Non
M10481,Ziguinchor,Urbain,9,57.0,F,Coranique,240000.0,249000.0,Oui,Non,Non
M10482,Thiès,Urbain,8,45.0,H,Supérieur,273000.0,249000.0,Oui,Oui,Oui
M10483,Diourbel,Urbain,4,52.0,H,Primaire,195000.0,184000.0,Oui,Oui,Oui
M10484,Diourbel,Urbain,6,46.0,H,Supérieur,,467000.0,Oui,Oui,Oui
M10485,Louga,Rural,11,53.0,F,Aucun,317000.0,283000.0,Non,Non,Non
M10486,Kaolack,Rural,9,53.0,H,Coranique,277000.0,239000.0,Non,Oui,Non
M10487,Dakar,Urbain,8,50.0,F,Primaire,288000.0,194000.0,Oui,Non,Oui
M10488,Louga,Rural,5,56.0,H,Primaire,239000.0,157000.0,Non,Non,Non
M10489,Dakar,Urbain,5,59.0,F,Primaire,283000.0,237000.0,Oui,Non,Oui
M10490,Tambacounda,Rural,7,37.0,H,Secondaire,250000.0,185000.0,Non,Oui,Non
M10491,Tambacounda,Rural,5,59.0,H,Primaire,187000.0,157000.0,Non,Non,Oui
M10492,Thiès,Urbain,7,54.0,H,Aucun,,142000.0,Oui,Non,Oui
M10493,Dakar,Urbain,8,49.0,H,Primaire,335000.0,350000.0,Oui,Non,Oui
M10494,Thiès,Rural,16,44.0,F,Coranique,235000.0,171000.0,Non,Non,Oui
M10495,Diourbel,Rural,13,46.0,F,Aucun,397000.0,314000.0,Non,Non,Non
M10496,Saint-Louis,Urbain,6,41.0,H,Coranique,210000.0,159000.0,Oui,Non,Non
M10497,Saint-Louis,Rural,10,54.0,F,Aucun,167000.0,141000.0,Oui,Non,Non
M10498,Thiès,Rural,4,48.0,H,Primaire,88000.0,82000.0,Non,Oui,Non
M10499,Saint-Louis,Rural,10,53.0,H,Primaire,191000.0,158000.0,Non,Non,Non
M10500,Ziguinchor,Urbain,6,51.0,H,Primaire,414000.0,380000.0,Oui,Oui,Non
M10501,Dakar,Urbain,5,28.0,H,Secondaire,193000.0,130000.0,Oui,Oui,Non
M10502,Saint-Louis,Urbain,5,65.0,F,Supérieur,,336000.0,Oui,Oui,Oui
M10503,Dakar,Urbain,13,54.0,H,Supérieur,446000.0,446000.0,Oui,Non,Oui
M10504,Louga,Rural,7,60.0,H,Aucun,63000.0,48000.0,Non,Non,Non
M10505,Ziguinchor,Rural,11,54.0,F,Aucun,125000.0,136000.0,Non,Non,Non
M10506,Dakar,Urbain,3,34.0,H,Secondaire,,133000.0,Oui,Oui,Oui
M10507,Thiès,Rural,8,46.0,H,Aucun,119000.0,84000.0,Non,Non,Non
M10508,Ziguinchor,Rural,99,48.0,F,Aucun,88000.0,55000.0,Oui,Non,Oui
M10509,Saint-Louis,Urbain,4,27.0,F,Primaire,86000.0,66000.0,Oui,Oui,Oui
M10510,Saint-Louis,Rural,8,23.0,F,Primaire,198000.0,166000.0,Non,Oui,Non
M10511,Ziguinchor,Rural,10,39.0,H,Aucun,76000.0,57000.0,Oui,Non,Oui
M10512,Ziguinchor,Rural,9,40.0,H,Aucun,201000.0,172000.0,Oui,Non,Oui
M10513,Dakar,Urbain,3,22.0,H,Primaire,400000.0,336000.0,Oui,Non,Oui
M10514,Thiès,Rural,12,32.0,H,Primaire,435000.0,321000.0,Non,Non,Non
M10515,Louga,Urbain,6,45.0,H,Aucun,382000.0,342000.0,Non,Oui,Non
M10516,Thiès,Urbain,5,54.0,H,Secondaire,466000.0,371000.0,Oui,Oui,Non
M10517,Ziguinchor,Urbain,6,53.0,H,Secondaire,540000.0,403000.0,Oui,Non,Oui
M10518,Dakar,Urbain,6,69.0,F,Primaire,433000.0,323000.0,Oui,Oui,Oui
M10519,Dakar,Urbain,10,54.0,H,Primaire,,215000.0,Oui,Non,Oui
M10520,Thiès,Rural,11,26.0,F,Aucun,172000.0,142000.0,Non,Oui,Oui
M10521,Saint-Louis,Urbain,2,43.0,H,Supérieur,440000.0,358000.0,Oui,Oui,Oui
M10522,Dakar,Urbain,2,51.0,H,Primaire,182000.0,114000.0,Oui,Non,Oui
M10523,Kaolack,Rural,7,46.0,F,Coranique,91000.0,69000.0,Non,Oui,Oui
M10524,Kaolack,Urbain,3,60.0,H,Coranique,172000.0,168000.0,Oui,Non,Non
M10525,Diourbel,Urbain,4,46.0,H,Supérieur,351000.0,357000.0,Oui,Oui,Oui
M10526,Saint-Louis,Urbain,4,41.0,H,Supérieur,349000.0,301000.0,Oui,Oui,Oui
M10527,Kaolack,Rural,4,65.0,F,Secondaire,353000.0,234000.0,Oui,Non,Non
M10528,Diourbel,Rural,4,42.0,H,Coranique,275000.0,215000.0,Oui,Non,Non
M10529,Diourbel,Rural,8,58.0,H,Coranique,,236000.0,Non,Non,Non
M10530,Dakar,Urbain,13,37.0,H,Coranique,,104000.0,Oui,Non,Non
M10531,Kaolack,Rural,15,44.0,H,Secondaire,328000.0,280000.0,Oui,Non,Oui
M10532,Ziguinchor,Rural,10,45.0,F,Aucun,122000.0,69000.0,Oui,Non,Oui
M10533,Tambacounda,Rural,5,56.0,H,Primaire,94000.0,85000.0,Non,Non,Oui
M10534,Ziguinchor,Rural,5,43.0,H,Coranique,176000.0,140000.0,Non,Oui,Non
M10535,Dakar,Urbain,5,63.0,H,Secondaire,146000.0,127000.0,Oui,Non,Non
M10536,Thiès,Rural,13,33.0,H,Aucun,,104000.0,Non,Non,Oui
M10537,Saint-Louis,Rural,10,,H,Aucun,32000.0,32000.0,Oui,Non,Non
M10538,Saint-Louis,Urbain,4,54.0,H,Aucun,162000.0,157000.0,Oui,Oui,Non
M10539,Kaolack,Rural,17,32.0,H,Aucun,150000.0,124000.0,Oui,Oui,Non
M10540,Thiès,Urbain,8,53.0,H,Primaire,596000.0,448000.0,Oui,Oui,Non
M10541,Dakar,Urbain,5,49.0,H,Secondaire,,192000.0,Oui,Oui,Non
M10542,Dakar,Urbain,6,55.0,H,Coranique,,210000.0,Oui,Oui,Oui
M10543,Thiès,Rural,7,46.0,F,Secondaire,162000.0,160000.0,Oui,Oui,Non
M10544,Diourbel,Rural,8,60.0,F,Primaire,552000.0,517000.0,Oui,Non,Non
M10545,Dakar,Urbain,5,42.0,H,Primaire,260000.0,181000.0,Oui,Oui,Oui
M10546,Dakar,Urbain,12,68.0,H,Primaire,238000.0,195000.0,Oui,Non,Oui
M10547,Saint-Louis,Rural,9,20.0,F,Primaire,174000.0,142000.0,Oui,Non,Non
M10548,Ziguinchor,Rural,16,56.0,H,Coranique,397000.0,326000.0,Non,Non,Oui
M10549,Tambacounda,Urbain,9,40.0,H,Aucun,83000.0,62000.0,Oui,Non,Non
M10550,Diourbel,Urbain,9,38.0,F,Coranique,,109000.0,Oui,Non,Oui
M10551,Ziguinchor,Rural,7,42.0,F,Aucun,94000.0,81000.0,Non,Non,Non
M10552,Ziguinchor,Rural,10,27.0,H,Coranique,191000.0,195000.0,Oui,Non,Oui
M10553,Dakar,Urbain,10,40.0,F,Primaire,279000.0,260000.0,Oui,Oui,Oui
M10554,Ziguinchor,Urbain,11,56.0,F,Supérieur,503000.0,438000.0,Oui,Oui,Oui
M10555,Dakar,Urbain,8,41.0,H,Supérieur,556000.0,400000.0,Oui,Oui,Oui
M10556,Dakar,Urbain,8,62.0,H,Aucun,189000.0,162000.0,Oui,Non,Oui
M10557,Saint-Louis,Urbain,10,28.0,F,Aucun,110000.0,97000.0,Oui,Non,Oui
M10558,Thiès,Rural,11,51.0,H,Aucun,94000.0,77000.0,Non,Non,Non
M10559,Tambacounda,Rural,11,20.0,H,Aucun,,112000.0,Oui,Non,Non
M10560,Ziguinchor,Urbain,6,31.0,H,Secondaire,445000.0,415000.0,Oui,Oui,Non
M10561,Louga,Rural,6,50.0,F,Coranique,76000.0,69000.0,Oui,Oui,Oui
M10562,Tambacounda,Urbain,13,65.0,H,Primaire,,353000.0,Oui,Oui,Oui
M10563,Saint-Louis,Urbain,5,61.0,H,Secondaire,116000.0,102000.0,Oui,Non,Oui
M10564,Diourbel,Urbain,5,71.0,F,Supérieur,,582000.0,Oui,Oui,Oui
M10565,Dakar,Urbain,8,44.0,F,Primaire,127000.0,126000.0,Non,Oui,Oui
M10566,Louga,Rural,10,40.0,H,Primaire,110000.0,88000.0,Non,Oui,Oui
M10567,Saint-Louis,Urbain,7,34.0,H,Aucun,326000.0,307000.0,Oui,Non,Oui
M10568,Louga,Rural,6,41.0,H,Primaire,158000.0,125000.0,Non,Non,Non
M10569,Thiès,Rural,8,49.0,H,Coranique,357000.0,230000.0,Oui,Non,Oui
M10570,Thiès,Rural,9,55.0,H,Primaire,78000.0,62000.0,Non,Oui,Oui
M10571,Dakar,Urbain,6,42.0,F,Aucun,248000.0,166000.0,Oui,Oui,Oui
M10572,Thiès,Urbain,7,50.0,H,Primaire,192000.0,201000.0,Oui,Oui,Oui
M10573,Saint-Louis,Rural,10,32.0,H,Aucun,225000.0,198000.0,Oui,Non,Oui
M10574,Kaolack,Rural,11,43.0,H,Coranique,311000.0,305000.0,Oui,Non,Oui
M10575,Dakar,Urbain,5,54.0,F,Supérieur,380000.0,281000.0,Oui,Oui,Oui
M10576,Kaolack,Rural,12,55.0,H,Coranique,233000.0,188000.0,Oui,Non,Oui
M10577,Diourbel,Rural,5,33.0,H,Primaire,210000.0,180000.0,Non,Oui,Oui
M10578,Diourbel,Rural,9,65.0,H,Coranique,170000.0,157000.0,Non,Non,Non
M10579,Thiès,Rural,5,23.0,H,Aucun,159000.0,110000.0,Non,Non,Oui
M10580,Thiès,Urbain,11,20.0,H,Primaire,184000.0,147000.0,Non,Oui,Oui
M10581,Thiès,Urbain,9,33.0,H,Primaire,253000.0,215000.0,Oui,Oui,Non
M10582,Dakar,Urbain,5,61.0,H,Coranique,622000.0,485000.0,Oui,Non,Non
M10583,Kaolack,Rural,9,49.0,H,Primaire,81000.0,58000.0,Non,Non,Oui
M10584,Louga,Urbain,6,56.0,H,Aucun,381000.0,268000.0,Oui,Oui,Oui
M10585,Dakar,Rural,6,51.0,F,Primaire,120000.0,106000.0,Oui,Non,Non
M10586,Tambacounda,Rural,10,63.0,F,Coranique,61000.0,58000.0,Oui,Oui,Non
M10587,Dakar,Urbain,6,50.0,F,Aucun,195000.0,155000.0,Oui,Oui,Oui
M10588,Tambacounda,Urbain,5,52.0,H,Primaire,102000.0,85000.0,Oui,Oui,Oui
M10589,Thiès,Rural,6,70.0,F,Coranique,203000.0,174000.0,Oui,Non,Non
M10590,Dakar,Urbain,9,41.0,H,Secondaire,462000.0,480000.0,Oui,Oui,Oui
M10591,Saint-Louis,Rural,8,38.0,H,Coranique,176000.0,191000.0,Oui,Oui,Oui
M10592,Thiès,Rural,5,55.0,H,Coranique,249000.0,201000.0,Oui,Non,Non
M10593,Diourbel,Rural,7,38.0,H,Coranique,78000.0,57000.0,Non,Non,Oui
M10594,Dakar,Urbain,5,44.0,F,Coranique,333000.0,328000.0,Oui,Oui,Oui
M10595,Dakar,Urbain,6,51.0,H,Supérieur,229000.0,171000.0,Oui,Oui,Oui
M10596,Kaolack,Rural,12,38.0,H,Secondaire,218000.0,177000.0,Non,Non,Oui
M10597,Diourbel,Rural,10,49.0,H,Coranique,301000.0,244000.0,Oui,Non,Non
M10598,Dakar,Urbain,8,46.0,H,Aucun,200000.0,171000.0,Oui,Oui,Oui
M10599,Dakar,Urbain,6,42.0,H,Coranique,168000.0,161000.0,Oui,Non,Non
M10600,Dakar,Urbain,6,45.0,H,Primaire,,332000.0,Oui,Non,Non
M10601,Diourbel,Rural,8,30.0,H,Secondaire,92000.0,77000.0,Non,Non,Oui
M10602,Diourbel,Urbain,10,54.0,H,Coranique,308000.0,161000.0,Oui,Oui,Oui
M10603,Tambacounda,Urbain,7,53.0,H,Primaire,550000.0,497000.0,Oui,Oui,Non
M10604,Louga,Urbain,8,54.0,F,Primaire,215000.0,173000.0,Oui,Oui,Oui
M10605,Tambacounda,Rural,8,58.0,H,Aucun,89000.0,52000.0,Oui,Non,Oui
M10606,Diourbel,Rural,9,46.0,F,Coranique,304000.0,259000.0,Oui,Non,Non
M10607,Dakar,Urbain,6,81.0,F,Supérieur,443000.0,306000.0,Oui,Oui,Oui
M10608,Dakar,Urbain,13,54.0,H,Secondaire,398000.0,281000.0,Oui,Non,Oui
M10609,Dakar,Urbain,4,31.0,H,Coranique,,140000.0,Oui,Non,Oui
M10610,Dakar,Urbain,10,41.0,H,Aucun,173000.0,150000.0,Oui,Oui,Oui
M10611,Thiès,Rural,7,37.0,H,Aucun,95000.0,65000.0,Non,Non,Oui
M10612,Kaolack,Urbain,99,50.0,H,Coranique,,476000.0,Oui,Oui,Oui
M10613,Thiès,Rural,6,51.0,H,Coranique,207000.0,211000.0,Oui,Non,Non
M10614,Dakar,Urbain,8,50.0,H,Primaire,252000.0,245000.0,Oui,Oui,Oui
M10615,Thiès,Urbain,8,62.0,F,Aucun,1109000.0,1005000.0,Oui,Non,Oui
M10616,Louga,Rural,6,50.0,H,Coranique,104000.0,85000.0,Oui,Non,Non
M10617,Dakar,Urbain,6,68.0,H,Aucun,,108000.0,Oui,Oui,Oui
M10618,Tambacounda,Rural,14,61.0,H,Aucun,72000.0,68000.0,Oui,Oui,Non
M10619,Dakar,Urbain,8,38.0,H,Secondaire,540000.0,425000.0,Oui,Oui,Oui
M10620,Louga,Rural,6,43.0,F,Coranique,304000.0,294000.0,Non,Oui,Oui
M10621,Louga,Urbain,2,33.0,H,Secondaire,279000.0,301000.0,Non,Non,Oui
M10622,Diourbel,Urbain,6,52.0,F,Aucun,233000.0,124000.0,Oui,Oui,Oui
M10623,Kaolack,Urbain,12,28.0,H,Supérieur,,306000.0,Oui,Oui,Non
M10624,Saint-Louis,Rural,12,58.0,H,Coranique,130000.0,101000.0,Non,Non,Oui
M10625,Thiès,Rural,11,47.0,H,Secondaire,349000.0,303000.0,Oui,Oui,Oui
M10626,Dakar,Urbain,6,63.0,H,Supérieur,554000.0,443000.0,Oui,Oui,Oui
M10627,Diourbel,Rural,11,60.0,H,Aucun,98000.0,95000.0,Non,Non,Non
M10628,Diourbel,Rural,10,24.0,H,Primaire,291000.0,244000.0,Non,Non,Oui
M10629,Saint-Louis,Rural,10,43.0,H,Supérieur,,253000.0,Oui,Oui,Oui
M10630,Thiès,Urbain,5,63.0,H,Coranique,417000.0,375000.0,Oui,Oui,Oui
M10631,Dakar,Urbain,4,45.0,H,Primaire,,124000.0,Oui,Non,Oui
M10632,Louga,Rural,7,50.0,F,Coranique,138000.0,100000.0,Non,Non,Oui
M10633,Saint-Louis,Rural,6,51.0,H,Coranique,132000.0,102000.0,Non,Oui,Non
M10634,Diourbel,Urbain,1,58.0,H,Primaire,,219000.0,Oui,Oui,Oui
M10635,Thiès,Urbain,5,51.0,H,Coranique,244000.0,153000.0,Oui,Oui,Oui
M10636,Dakar,Urbain,4,40.0,H,Supérieur,,346000.0,Oui,Oui,Oui
M10637,Ziguinchor,Rural,8,56.0,F,Primaire,69000.0,47000.0,Non,Non,Non
M10638,Ziguinchor,Rural,6,51.0,H,Secondaire,108000.0,87000.0,Non,Non,Oui
M10639,Dakar,Urbain,8,37.0,H,Primaire,362000.0,257000.0,Oui,Non,Non
M10640,Ziguinchor,Urbain,6,49.0,H,Primaire,,68000.0,Oui,Non,Oui
M10641,Kaolack,Urbain,8,24.0,H,Aucun,71000.0,50000.0,Oui,Non,Oui
M10642,Dakar,Urbain,3,,H,Primaire,74000.0,81000.0,Oui,Non,Oui
M10643,Dakar,Rural,7,38.0,H,Secondaire,88000.0,75000.0,Oui,Non,Oui
M10644,Diourbel,Urbain,4,42.0,H,Supérieur,509000.0,420000.0,Non,Oui,Oui
M10645,Thiès,Rural,9,20.0,F,Aucun,281000.0,270000.0,Non,Non,Non
M10646,Diourbel,Urbain,6,48.0,H,Primaire,306000.0,289000.0,Oui,Oui,Non
M10647,Kaolack,Rural,9,36.0,F,Coranique,150000.0,133000.0,Oui,Oui,Non
M10648,Diourbel,Urbain,7,46.0,H,Secondaire,311000.0,258000.0,Oui,Oui,Oui
M10649,Tambacounda,Urbain,6,48.0,F,Supérieur,,646000.0,Oui,Oui,Non
M10650,Diourbel,Rural,12,56.0,H,Secondaire,79000.0,57000.0,Non,Non,Oui
M10651,Diourbel,Urbain,8,37.0,H,Coranique,,177000.0,Oui,Non,Oui
M10652,Kaolack,Urbain,5,55.0,F,Coranique,68000.0,39000.0,Oui,Oui,Oui
M10653,Saint-Louis,Urbain,8,47.0,H,Primaire,109000.0,95000.0,Oui,Non,Non
M10654,Thiès,Rural,11,29.0,H,Aucun,191000.0,110000.0,Non,Oui,Non
M10655,Tambacounda,Rural,11,40.0,H,Coranique,81000.0,74000.0,Non,Non,Non
M10656,Tambacounda,Rural,14,63.0,H,Aucun,176000.0,153000.0,Non,Non,Oui
M10657,Louga,Urbain,6,24.0,H,Aucun,,193000.0,Oui,Non,Oui
M10658,Diourbel,Urbain,6,54.0,H,Primaire,259000.0,215000.0,Oui,Non,Oui
M10659,Dakar,Urbain,5,56.0,H,Aucun,442000.0,231000.0,Oui,Oui,Oui
M10660,Dakar,Urbain,8,57.0,F,Aucun,197000.0,182000.0,Oui,Non,Oui
M10661,Thiès,Urbain,8,45.0,H,Supérieur,382000.0,303000.0,Oui,Oui,Oui
M10662,Diourbel,Rural,7,49.0,H,Aucun,145000.0,107000.0,Oui,Non,Non
M10663,Thiès,Rural,7,60.0,H,Coranique,115000.0,104000.0,Non,Non,Non
M10664,Dakar,Urbain,4,56.0,H,Supérieur,437000.0,363000.0,Oui,Oui,Oui
M10665,Dakar,Urbain,10,60.0,H,Primaire,337000.0,205000.0,Oui,Non,Oui
M10666,Ziguinchor,Rural,6,64.0,H,Coranique,249000.0,190000.0,Non,Oui,Oui
M10667,Ziguinchor,Rural,7,44.0,H,Coranique,429000.0,413000.0,Oui,Non,Oui
M10668,Dakar,Urbain,4,45.0,H,Primaire,,326000.0,Oui,Oui,Oui
M10669,Tambacounda,Urbain,9,43.0,H,Coranique,177000.0,100000.0,Oui,Non,Oui
M10670,Saint-Louis,Rural,14,67.0,H,Primaire,114000.0,101000.0,Non,Non,Non
M10671,Dakar,Rural,9,58.0,H,Aucun,51000.0,52000.0,Non,Oui,Oui
M10672,Kaolack,Rural,8,35.0,H,Aucun,135000.0,78000.0,Oui,Non,Non
M10673,Dakar,Urbain,7,61.0,H,Primaire,451000.0,421000.0,Oui,Oui,Oui
M10674,Dakar,Urbain,6,52.0,H,Supérieur,825000.0,581000.0,Oui,Oui,Oui
M10675,Louga,Rural,9,33.0,H,Coranique,120000.0,99000.0,Oui,Non,Non
M10676,Thiès,Rural,6,40.0,F,Secondaire,152000.0,117000.0,Oui,Non,Oui
M10677,Louga,Rural,5,61.0,H,Aucun,120000.0,119000.0,Oui,Non,Oui
M10678,Saint-Louis,Rural,11,43.0,F,Supérieur,306000.0,304000.0,Non,Non,Oui
M10679,Ziguinchor,Rural,6,42.0,H,Aucun,58000.0,39000.0,Non,Non,Non
M10680,Dakar,Urbain,3,55.0,H,Secondaire,436000.0,411000.0,Oui,Oui,Non
M10681,Ziguinchor,Urbain,7,45.0,H,Aucun,324000.0,290000.0,Oui,Oui,Oui
M10682,Saint-Louis,Rural,12,,H,Primaire,225000.0,232000.0,Non,Non,Non
M10683,Diourbel,Rural,11,40.0,H,Coranique,169000.0,110000.0,Non,Non,Non
M10684,Dakar,Urbain,11,38.0,F,Primaire,215000.0,168000.0,Oui,Oui,Non
M10685,Ziguinchor,Rural,7,72.0,H,Aucun,135000.0,116000.0,Non,Oui,Oui
M10686,Dakar,Urbain,8,50.0,H,Primaire,,87000.0,Oui,Non,Oui
M10687,Kaolack,Rural,7,54.0,H,Secondaire,447000.0,430000.0,Non,Non,Oui
M10688,Dakar,Urbain,14,32.0,H,Aucun,561000.0,548000.0,Oui,Oui,Oui
M10689,Diourbel,Urbain,5,32.0,H,Supérieur,325000.0,310000.0,Oui,Oui,Oui
M10690,Ziguinchor,Urbain,5,57.0,H,Secondaire,598000.0,452000.0,Oui,Oui,Oui
M10691,Thiès,Urbain,8,32.0,H,Secondaire,620000.0,625000.0,Oui,Oui,Oui
M10692,Diourbel,Rural,11,61.0,H,Secondaire,,702000.0,Oui,Oui,Oui
M10693,Diourbel,Rural,10,60.0,H,Coranique,364000.0,200000.0,Oui,Oui,Non
M10694,Dakar,Urbain,6,61.0,H,Coranique,132000.0,123000.0,Oui,Oui,Oui
M10695,Diourbel,Rural,12,45.0,H,Coranique,203000.0,166000.0,Non,Non,Oui
M10696,Diourbel,Urbain,7,53.0,H,Coranique,518000.0,405000.0,Oui,Non,Oui
M10697,Kaolack,Urbain,9,51.0,F,Secondaire,182000.0,180000.0,Oui,Oui,Oui
M10698,Kaolack,Rural,11,32.0,H,Coranique,246000.0,226000.0,Oui,Oui,Oui
M10699,Thiès,Urbain,7,44.0,F,Primaire,176000.0,136000.0,Oui,Non,Oui
M10700,Saint-Louis,Rural,10,30.0,H,Secondaire,91000.0,69000.0,Non,Non,Oui
M10701,Thiès,Rural,12,50.0,H,Primaire,304000.0,276000.0,Non,Oui,Oui
M10702,Dakar,Urbain,5,43.0,F,Secondaire,736000.0,697000.0,Oui,Non,Oui
M10703,Dakar,Urbain,8,40.0,H,Primaire,243000.0,249000.0,Oui,Oui,Oui
M10704,Dakar,Urbain,10,30.0,H,Supérieur,520000.0,347000.0,Oui,Oui,Oui
M10705,Louga,Rural,12,63.0,H,Coranique,126000.0,99000.0,Oui,Non,Non
M10706,Thiès,Rural,14,51.0,H,Secondaire,283000.0,202000.0,Non,Non,Non
M10707,Dakar,Urbain,10,20.0,F,Aucun,182000.0,156000.0,Oui,Non,Oui
M10708,Dakar,Urbain,5,57.0,F,Secondaire,172000.0,148000.0,Non,Non,Oui
M10709,Kaolack,Urbain,11,26.0,F,Supérieur,422000.0,376000.0,Oui,Oui,Oui
M10710,Tambacounda,Rural,9,45.0,H,Aucun,121000.0,83000.0,Oui,Non,Non
M10711,Thiès,Rural,4,56.0,F,Aucun,73000.0,54000.0,Oui,Non,Non
M10712,Diourbel,Rural,11,57.0,F,Aucun,306000.0,229000.0,Oui,Non,Non
M10713,Dakar,Urbain,6,42.0,H,Coranique,,258000.0,Oui,Non,Non
M10714,Saint-Louis,Rural,7,38.0,F,Coranique,82000.0,64000.0,Non,Non,Non
M10715,Kaolack,Urbain,9,39.0,H,Aucun,351000.0,325000.0,Oui,Oui,Oui
M10716,Dakar,Urbain,6,47.0,H,Aucun,374000.0,419000.0,Oui,Oui,Non
M10717,Ziguinchor,Rural,13,41.0,H,Secondaire,184000.0,203000.0,Oui,Non,Oui
M10718,Diourbel,Rural,8,68.0,F,Supérieur,396000.0,343000.0,Non,Oui,Non
M10719,Thiès,Rural,5,62.0,H,Aucun,312000.0,264000.0,Oui,Non,Non
M10720,Dakar,Urbain,6,49.0,H,Coranique,289000.0,196000.0,Oui,Non,Oui
M10721,Diourbel,Urbain,9,52.0,H,Aucun,164000.0,165000.0,Oui,Non,Non
M10722,Diourbel,Urbain,8,67.0,F,Supérieur,683000.0,649000.0,Oui,Oui,Oui
M10723,Dakar,Urbain,14,52.0,H,Aucun,209000.0,150000.0,Oui,Oui,Oui
M10724,Saint-Louis,Rural,6,46.0,H,Aucun,149000.0,147000.0,Non,Non,Oui
M10725,Dakar,Urbain,8,47.0,F,Primaire,,336000.0,Oui,Non,Oui
M10726,Dakar,Urbain,7,41.0,F,Primaire,138000.0,110000.0,Oui,Non,Oui
M10727,Kaolack,Urbain,7,81.0,F,Secondaire,275000.0,162000.0,Oui,Oui,Non
M10728,Thiès,Urbain,8,49.0,H,Primaire,113000.0,104000.0,Non,Oui,Oui
M10729,Diourbel,Urbain,8,53.0,H,Aucun,232000.0,163000.0,Oui,Oui,Oui
M10730,Diourbel,Rural,5,37.0,H,Coranique,65000.0,48000.0,Oui,Non,Non
M10731,Dakar,Urbain,12,35.0,H,Secondaire,607000.0,371000.0,Oui,Oui,Oui
M10732,Diourbel,Rural,10,75.0,F,Coranique,54000.0,53000.0,Oui,Oui,Oui
M10733,Dakar,Urbain,7,43.0,H,Primaire,,180000.0,Oui,Non,Oui
M10734,Dakar,Urbain,7,34.0,H,Secondaire,428000.0,309000.0,Oui,Non,Non
M10735,Thiès,Urbain,7,29.0,H,Secondaire,853000.0,686000.0,Oui,Non,Oui
M10736,Diourbel,Urbain,8,36.0,H,Secondaire,,426000.0,Oui,Oui,Non
M10737,Thiès,Rural,9,51.0,H,Aucun,123000.0,100000.0,Oui,Non,Oui
M10738,Thiès,Rural,5,38.0,H,Secondaire,181000.0,137000.0,Oui,Non,Oui
M10739,Dakar,Urbain,6,71.0,H,Supérieur,653000.0,598000.0,Oui,Non,Non
M10740,Tambacounda,Rural,10,58.0,H,Coranique,195000.0,123000.0,Non,Non,Non
M10741,Dakar,Urbain,13,39.0,F,Secondaire,226000.0,254000.0,Oui,Oui,Oui
M10742,Dakar,Urbain,8,46.0,H,Coranique,,233000.0,Oui,Oui,Non
M10743,Kaolack,Rural,9,57.0,H,Supérieur,421000.0,302000.0,Non,Non,Oui
M10744,Thiès,Urbain,6,52.0,H,Primaire,132000.0,115000.0,Oui,Non,Oui
M10745,Diourbel,Rural,9,40.0,H,Primaire,65000.0,44000.0,Oui,Non,Non
M10746,Dakar,Urbain,8,,H,Supérieur,204000.0,177000.0,Oui,Oui,Oui
M10747,Thiès,Urbain,11,53.0,H,Primaire,156000.0,122000.0,Oui,Oui,Oui
M10748,Thiès,Rural,3,57.0,H,Aucun,113000.0,101000.0,Oui,Non,Oui
M10749,Diourbel,Rural,7,50.0,H,Secondaire,101000.0,75000.0,Oui,Non,Non
M10750,Kaolack,Rural,6,70.0,F,Secondaire,203000.0,140000.0,Oui,Oui,Non
M10751,Kaolack,Rural,10,45.0,H,Aucun,121000.0,94000.0,Oui,Oui,Non
M10752,Louga,Urbain,6,61.0,H,Secondaire,453000.0,418000.0,Oui,Oui,Oui
M10753,Diourbel,Urbain,5,41.0,H,Aucun,531000.0,349000.0,Oui,Oui,Oui
M10754,Kaolack,Rural,8,41.0,F,Aucun,163000.0,117000.0,Oui,Non,Oui
M10755,Ziguinchor,Rural,10,65.0,H,Primaire,109000.0,72000.0,Oui,Non,Non
M10756,Diourbel,Urbain,8,63.0,F,Secondaire,267000.0,225000.0,Oui,Oui,Oui
M10757,Thiès,Urbain,4,43.0,F,Secondaire,305000.0,239000.0,Oui,Non,Non
M10758,Dakar,Urbain,1,55.0,H,Coranique,142000.0,98000.0,Oui,Oui,Non
M10759,Thiès,Rural,9,52.0,H,Primaire,137000.0,87000.0,Oui,Non,Non
M10760,Diourbel,Urbain,3,51.0,H,Supérieur,,232000.0,Oui,Non,Oui
M10761,Ziguinchor,Urbain,7,66.0,F,Secondaire,535000.0,468000.0,Non,Non,Oui
M10762,Dakar,Urbain,6,54.0,H,Primaire,98000.0,65000.0,Oui,Oui,Oui
M10763,Louga,Rural,8,56.0,H,Primaire,172000.0,131000.0,Non,Non,Oui
M10764,Louga,Urbain,7,41.0,F,Aucun,175000.0,158000.0,Oui,Oui,Non
M10765,Diourbel,Urbain,3,43.0,H,Primaire,194000.0,177000.0,Oui,Non,Oui
M10766,Saint-Louis,Rural,7,31.0,F,Primaire,126000.0,103000.0,Non,Oui,Non
M10767,Dakar,Urbain,10,71.0,F,Aucun,275000.0,246000.0,Oui,Oui,Non
M10768,Saint-Louis,Urbain,6,54.0,F,Secondaire,222000.0,186000.0,Oui,Non,Non
M10769,Ziguinchor,Urbain,3,62.0,H,Secondaire,,234000.0,Oui,Oui,Oui
M10770,Thiès,Urbain,13,70.0,H,Aucun,241000.0,179000.0,Oui,Oui,Non
M10771,Tambacounda,Urbain,7,55.0,H,Secondaire,134000.0,113000.0,Oui,Oui,Oui
M10772,Diourbel,Rural,11,55.0,F,Supérieur,337000.0,260000.0,Non,Oui,Oui
M10773,Ziguinchor,Rural,7,43.0,H,Aucun,96000.0,79000.0,Non,Non,Oui
M10774,Saint-Louis,Urbain,4,52.0,H,Supérieur,546000.0,495000.0,Oui,Oui,Non
M10775,Tambacounda,Rural,9,51.0,H,Primaire,128000.0,127000.0,Non,Non,Non
M10776,Tambacounda,Rural,8,21.0,H,Aucun,88000.0,72000.0,Oui,Non,Oui
M10777,Tambacounda,Urbain,6,48.0,H,Coranique,227000.0,160000.0,Oui,Non,Oui
M10778,Dakar,Urbain,5,43.0,H,Secondaire,763000.0,657000.0,Oui,Oui,Oui
M10779,Thiès,Rural,7,35.0,F,Coranique,198000.0,196000.0,Non,Non,Non
M10780,Thiès,Rural,10,58.0,H,Aucun,608000.0,454000.0,Oui,Non,Oui
M10781,Tambacounda,Rural,11,68.0,H,Aucun,194000.0,182000.0,Non,Non,Oui
M10782,Saint-Louis,Rural,10,66.0,H,Primaire,,271000.0,Oui,Non,Oui
M10783,Louga,Rural,9,53.0,H,Aucun,154000.0,144000.0,Non,Non,Non
M10784,Kaolack,Urbain,7,40.0,H,Supérieur,,543000.0,Oui,Oui,Oui
M10785,Ziguinchor,Rural,9,45.0,H,Aucun,343000.0,295000.0,Oui,Non,Non
M10786,Saint-Louis,Rural,4,82.0,H,Aucun,89000.0,83000.0,Oui,Non,Non
M10787,Dakar,Urbain,5,35.0,H,Supérieur,319000.0,219000.0,Oui,Oui,Oui
M10788,Dakar,Urbain,6,27.0,H,Primaire,119000.0,92000.0,Oui,Oui,Oui
M10789,Dakar,Rural,4,31.0,F,Aucun,97000.0,105000.0,Non,Non,Non
M10790,Saint-Louis,Rural,17,88.0,H,Aucun,157000.0,127000.0,Non,Non,Oui
M10791,Kaolack,Rural,8,41.0,H,Aucun,289000.0,231000.0,Non,Non,Oui
M10792,Dakar,Urbain,8,41.0,H,Secondaire,,285000.0,Oui,Oui,Oui
M10793,Ziguinchor,Rural,3,54.0,H,Coranique,,202000.0,Oui,Non,Oui
M10794,Ziguinchor,Rural,11,42.0,H,Secondaire,208000.0,179000.0,Oui,Oui,Oui
M10795,Tambacounda,Rural,10,60.0,H,Primaire,165000.0,127000.0,Non,Non,Non
M10796,Ziguinchor,Rural,12,44.0,H,Secondaire,290000.0,268000.0,Non,Oui,Non
M10797,Dakar,Rural,12,48.0,H,Aucun,370000.0,297000.0,Non,Non,Oui
M10798,Saint-Louis,Urbain,7,46.0,H,Aucun,114000.0,77000.0,Oui,Oui,Non
M10799,Thiès,Rural,9,37.0,H,Coranique,182000.0,146000.0,Non,Non,Non
M10800,Dakar,Urbain,6,55.0,H,Secondaire,279000.0,281000.0,Oui,Oui,Oui
M10801,Kaolack,Rural,12,42.0,H,Coranique,201000.0,162000.0,Oui,Oui,Oui
M10802,Kaolack,Rural,15,65.0,H,Coranique,150000.0,141000.0,Non,Non,Non
M10803,Ziguinchor,Urbain,5,36.0,H,Secondaire,274000.0,261000.0,Oui,Oui,Oui
M10804,Dakar,Urbain,5,57.0,F,Primaire,116000.0,96000.0,Oui,Non,Oui
M10805,Thiès,Urbain,12,42.0,H,Supérieur,,418000.0,Oui,Oui,Oui
M10806,Dakar,Urbain,10,69.0,H,Secondaire,,216000.0,Oui,Oui,Oui
M10807,Thiès,Rural,12,47.0,H,Primaire,253000.0,274000.0,Non,Non,Oui
M10808,Tambacounda,Rural,8,56.0,H,Coranique,111000.0,79000.0,Non,Non,Oui
M10809,Dakar,Urbain,4,42.0,F,Supérieur,470000.0,398000.0,Oui,Oui,Oui
M10810,Dakar,Urbain,7,32.0,H,Secondaire,489000.0,315000.0,Oui,Oui,Oui
M10811,Thiès,Rural,9,52.0,H,Aucun,127000.0,111000.0,Oui,Non,Non
M10812,Dakar,Urbain,3,66.0,H,Primaire,148000.0,128000.0,Oui,Oui,Non
M10813,Kaolack,Rural,7,52.0,H,Primaire,155000.0,144000.0,Non,Non,Oui
M10814,Kaolack,Rural,11,43.0,H,Primaire,363000.0,301000.0,Non,Non,Oui
M10815,Louga,Rural,9,33.0,H,Aucun,150000.0,114000.0,Oui,Non,Oui
M10816,Tambacounda,Rural,7,34.0,F,Aucun,157000.0,106000.0,Oui,Non,Oui
M10817,Kaolack,Urbain,5,36.0,F,Primaire,,115000.0,Oui,Non,Oui
M10818,Dakar,Urbain,10,41.0,H,Secondaire,,490000.0,Oui,Non,Oui
M10819,Thiès,Rural,11,26.0,H,Aucun,208000.0,142000.0,Oui,Non,Oui
M10820,Dakar,Urbain,6,29.0,H,Primaire,273000.0,243000.0,Oui,Oui,Oui
M10821,Saint-Louis,Rural,9,41.0,H,Primaire,174000.0,165000.0,Oui,Non,Oui
M10822,Dakar,Urbain,6,56.0,H,Secondaire,472000.0,357000.0,Oui,Oui,Oui
M10823,Thiès,Rural,8,59.0,H,Primaire,63000.0,32000.0,Oui,Non,Non
M10824,Thiès,Rural,8,74.0,H,Coranique,105000.0,88000.0,Non,Non,Non
M10825,Dakar,Urbain,7,59.0,F,Supérieur,733000.0,577000.0,Oui,Oui,Oui
M10826,Louga,Rural,5,33.0,H,Coranique,141000.0,93000.0,Non,Non,Oui
M10827,Saint-Louis,Urbain,8,59.0,F,Secondaire,120000.0,96000.0,Oui,Oui,Oui
M10828,Tambacounda,Rural,9,39.0,F,Secondaire,394000.0,339000.0,Oui,Oui,Oui
M10829,Thiès,Rural,6,61.0,H,Aucun,134000.0,92000.0,Non,Non,Oui
M10830,Diourbel,Urbain,5,67.0,F,Coranique,121000.0,90000.0,Oui,Non,Oui
M10831,Thiès,Rural,10,57.0,F,Aucun,81000.0,72000.0,Oui,Non,Non
M10832,Kaolack,Rural,5,54.0,H,Coranique,121000.0,104000.0,Oui,Non,Non
M10833,Ziguinchor,Rural,5,51.0,H,Primaire,218000.0,180000.0,Oui,Non,Non
M10834,Thiès,Urbain,13,46.0,H,Primaire,399000.0,274000.0,Oui,Non,Oui
M10835,Thiès,Rural,7,48.0,H,Aucun,351000.0,278000.0,Non,Non,Non
M10836,Thiès,Urbain,5,42.0,F,Primaire,193000.0,159000.0,Oui,Non,Oui
M10837,Kaolack,Rural,7,48.0,H,Primaire,224000.0,188000.0,Oui,Oui,Oui
M10838,Tambacounda,Urbain,8,36.0,H,Secondaire,558000.0,460000.0,Oui,Oui,Oui
M10839,Ziguinchor,Urbain,8,49.0,H,Secondaire,200000.0,172000.0,Oui,Oui,Oui
M10840,Diourbel,Urbain,4,62.0,H,Secondaire,,81000.0,Oui,Oui,Oui
M10841,Tambacounda,Urbain,7,47.0,H,Aucun,98000.0,87000.0,Oui,Oui,Non
M10842,Kaolack,Urbain,5,54.0,H,Primaire,111000.0,97000.0,Oui,Non,Oui
M10843,Dakar,Urbain,6,,H,Primaire,165000.0,111000.0,Oui,Non,Oui
M10844,Dakar,Urbain,6,44.0,F,Coranique,164000.0,112000.0,Oui,Non,Oui
M10845,Ziguinchor,Rural,9,55.0,H,Aucun,,208000.0,Non,Non,Non
M10846,Diourbel,Rural,10,67.0,H,Primaire,307000.0,334000.0,Non,Non,Oui
M10847,Diourbel,Rural,8,57.0,F,Coranique,78000.0,72000.0,Non,Non,Oui
M10848,Dakar,Urbain,5,47.0,H,Primaire,358000.0,274000.0,Oui,Non,Non
M10849,Dakar,Urbain,5,36.0,H,Secondaire,373000.0,296000.0,Oui,Non,Oui
M10850,Diourbel,Rural,8,42.0,H,Primaire,156000.0,121000.0,Oui,Non,Oui
M10851,Thiès,Urbain,8,49.0,F,Secondaire,709000.0,637000.0,Oui,Oui,Non
M10852,Thiès,Rural,5,54.0,F,Coranique,84000.0,71000.0,Oui,Non,Non
M10853,Thiès,Rural,9,46.0,H,Primaire,190000.0,154000.0,Non,Non,Non
M10854,Louga,Urbain,4,47.0,H,Secondaire,364000.0,358000.0,Oui,Oui,Oui
M10855,Louga,Rural,12,40.0,F,Aucun,,48000.0,Non,Non,Non
M10856,Dakar,Urbain,4,44.0,F,Primaire,,353000.0,Oui,Oui,Oui
M10857,Ziguinchor,Urbain,6,46.0,H,Secondaire,,311000.0,Oui,Non,Oui
M10858,Ziguinchor,Rural,13,29.0,H,Primaire,269000.0,183000.0,Oui,Oui,Non
M10859,Saint-Louis,Rural,6,64.0,F,Coranique,171000.0,115000.0,Oui,Non,Non
M10860,Dakar,Urbain,4,52.0,H,Primaire,195000.0,172000.0,Oui,Oui,Oui
M10861,Ziguinchor,Rural,6,47.0,H,Aucun,64000.0,43000.0,Non,Non,Oui
M10862,Saint-Louis,Urbain,9,43.0,H,Aucun,246000.0,173000.0,Oui,Oui,Oui
M10863,Kaolack,Rural,13,54.0,H,Secondaire,429000.0,456000.0,Non,Oui,Oui
M10864,Thiès,Rural,9,60.0,H,Aucun,101000.0,71000.0,Non,Non,Oui
M10865,Dakar,Urbain,4,42.0,H,Coranique,229000.0,237000.0,Oui,Oui,Oui
M10866,Louga,Rural,9,37.0,F,Secondaire,264000.0,242000.0,Oui,Non,Oui
M10867,Tambacounda,Rural,8,42.0,H,Aucun,97000.0,43000.0,Oui,Non,Oui
M10868,Tambacounda,Rural,8,55.0,H,Coranique,448000.0,331000.0,Non,Non,Oui
M10869,Dakar,Urbain,7,48.0,H,Coranique,247000.0,187000.0,Oui,Oui,Oui
M10870,Dakar,Urbain,8,49.0,H,Primaire,230000.0,165000.0,Oui,Oui,Oui
M10871,Kaolack,Rural,7,36.0,F,Coranique,154000.0,148000.0,Oui,Non,Oui
M10872,Louga,Rural,11,41.0,H,Aucun,45000.0,41000.0,Non,Non,Oui
M10873,Dakar,Urbain,7,44.0,H,Primaire,172000.0,114000.0,Oui,Oui,Non
M10874,Thiès,Rural,11,48.0,F,Aucun,798000.0,712000.0,Non,Non,Oui
M10875,Ziguinchor,Rural,6,40.0,H,Aucun,62000.0,52000.0,Oui,Oui,Oui
M10876,Dakar,Urbain,5,64.0,H,Secondaire,219000.0,200000.0,Oui,Non,Oui
M10877,Dakar,Urbain,7,52.0,H,Primaire,489000.0,440000.0,Oui,Oui,Non
M10878,Thiès,Urbain,7,29.0,H,Secondaire,927000.0,617000.0,Oui,Oui,Oui
M10879,Dakar,Urbain,10,59.0,H,Secondaire,269000.0,249000.0,Oui,Oui,Non
M10880,Ziguinchor,Rural,7,47.0,F,Aucun,,41000.0,Non,Non,Non
M10881,Tambacounda,Urbain,8,47.0,H,Supérieur,1201000.0,1185000.0,Oui,Oui,Oui
M10882,Saint-Louis,Rural,12,45.0,F,Aucun,144000.0,110000.0,Oui,Non,Oui
M10883,Kaolack,Urbain,7,63.0,H,Coranique,225000.0,207000.0,Oui,Non,Oui
M10884,Saint-Louis,Urbain,6,48.0,H,Secondaire,120000.0,115000.0,Oui,Oui,Oui
M10885,Thiès,Urbain,11,45.0,H,Coranique,207000.0,154000.0,Oui,Oui,Oui
M10886,Dakar,Urbain,4,36.0,F,Secondaire,375000.0,314000.0,Oui,Oui,Oui
M10887,Thiès,Urbain,5,20.0,F,Primaire,181000.0,100000.0,Oui,Non,Oui
M10888,Dakar,Urbain,9,59.0,H,Supérieur,377000.0,359000.0,Oui,Oui,Oui
M10889,Tambacounda,Urbain,6,45.0,H,Primaire,130000.0,115000.0,Oui,Oui,Oui
M10890,Tambacounda,Rural,12,53.0,H,Coranique,224000.0,226000.0,Non,Non,Non
M10891,Dakar,Urbain,7,39.0,H,Supérieur,,326000.0,Oui,Oui,Oui
M10892,Tambacounda,Rural,99,60.0,F,Supérieur,226000.0,175000.0,Non,Non,Oui
M10893,Diourbel,Rural,9,36.0,H,Primaire,505000.0,445000.0,Oui,Non,Oui
M10894,Dakar,Urbain,10,26.0,H,Supérieur,646000.0,660000.0,Oui,Non,Oui
M10895,Saint-Louis,Rural,11,59.0,H,Coranique,194000.0,146000.0,Non,Non,Non
M10896,Dakar,Urbain,4,63.0,H,Primaire,174000.0,173000.0,Oui,Non,Oui
M10897,Dakar,Urbain,8,47.0,H,Primaire,387000.0,385000.0,Oui,Oui,Oui
M10898,Tambacounda,Urbain,6,39.0,H,Supérieur,1574000.0,1316000.0,Oui,Oui,Oui
M10899,Diourbel,Rural,9,69.0,H,Aucun,228000.0,195000.0,Non,Non,Oui
M10900,Dakar,Urbain,3,60.0,F,Primaire,130000.0,105000.0,Oui,Oui,Oui
M10901,Dakar,Urbain,9,56.0,F,Aucun,609000.0,508000.0,Oui,Non,Non
M10902,Diourbel,Urbain,6,39.0,H,Primaire,357000.0,184000.0,Oui,Non,Oui
M10903,Diourbel,Rural,10,50.0,H,Coranique,111000.0,81000.0,Oui,Non,Oui
M10904,Thiès,Urbain,8,60.0,H,Aucun,221000.0,180000.0,Oui,Non,Oui
M10905,Dakar,Urbain,11,52.0,H,Secondaire,500000.0,405000.0,Oui,Oui,Oui
M10906,Louga,Rural,10,60.0,H,Primaire,144000.0,117000.0,Oui,Non,Oui
M10907,Dakar,Urbain,5,54.0,H,Primaire,,882000.0,Non,Non,Oui
M10908,Dakar,Urbain,2,42.0,F,Primaire,93000.0,88000.0,Oui,Non,Oui
M10909,Kaolack,Rural,12,,H,Aucun,134000.0,134000.0,Non,Non,Non
M10910,Dakar,Rural,10,44.0,H,Primaire,160000.0,104000.0,Non,Non,Oui
M10911,Dakar,Urbain,5,35.0,H,Supérieur,547000.0,380000.0,Oui,Oui,Oui
M10912,Tambacounda,Urbain,5,26.0,H,Coranique,187000.0,181000.0,Oui,Non,Oui
M10913,Dakar,Urbain,6,35.0,H,Aucun,,141000.0,Oui,Non,Non
M10914,Ziguinchor,Rural,4,65.0,H,Aucun,144000.0,80000.0,Oui,Oui,Non
M10915,Tambacounda,Rural,7,48.0,H,Secondaire,140000.0,88000.0,Oui,Oui,Oui
M10916,Thiès,Rural,8,58.0,H,Aucun,154000.0,131000.0,Non,Non,Non
M10917,Dakar,Urbain,5,40.0,H,Aucun,62000.0,66000.0,Non,Non,Oui
M10918,Tambacounda,Rural,9,50.0,H,Aucun,61000.0,53000.0,Oui,Non,Non
M10919,Diourbel,Urbain,7,50.0,F,Aucun,,314000.0,Oui,Oui,Oui
M10920,Ziguinchor,Rural,9,69.0,H,Primaire,319000.0,290000.0,Oui,Non,Non
M10921,Kaolack,Urbain,7,43.0,H,Primaire,116000.0,81000.0,Oui,Non,Oui
M10922,Diourbel,Rural,8,53.0,F,Aucun,191000.0,136000.0,Oui,Non,Non
M10923,Kaolack,Rural,9,60.0,H,Primaire,90000.0,91000.0,Non,Non,Oui
M10924,Louga,Urbain,8,36.0,H,Aucun,621000.0,422000.0,Oui,Non,Oui
M10925,Dakar,Rural,7,51.0,H,Aucun,194000.0,180000.0,Oui,Non,Non
M10926,Diourbel,Rural,18,43.0,F,Secondaire,231000.0,217000.0,Oui,Non,Oui
M10927,Dakar,Rural,7,42.0,H,Secondaire,353000.0,289000.0,Non,Oui,Oui
M10928,Tambacounda,Urbain,6,34.0,H,Primaire,474000.0,432000.0,Oui,Oui,Oui
M10929,Dakar,Urbain,7,55.0,H,Aucun,251000.0,165000.0,Oui,Oui,Non
M10930,Tambacounda,Urbain,2,49.0,H,Primaire,,504000.0,Oui,Oui,Non
M10931,Diourbel,Urbain,9,80.0,H,Aucun,223000.0,126000.0,Oui,Non,Non
M10932,Louga,Urbain,10,39.0,F,Secondaire,119000.0,90000.0,Oui,Oui,Oui
M10933,Diourbel,Rural,8,74.0,H,Aucun,103000.0,98000.0,Non,Non,Oui
M10934,Louga,Urbain,4,47.0,H,Aucun,186000.0,162000.0,Oui,Non,Non
M10935,Diourbel,Urbain,4,47.0,F,Aucun,225000.0,167000.0,Oui,Non,Oui
M10936,Saint-Louis,Urbain,11,40.0,H,Secondaire,617000.0,468000.0,Oui,Oui,Oui
M10937,Tambacounda,Rural,11,53.0,H,Primaire,155000.0,151000.0,Non,Non,Non
M10938,Dakar,Urbain,7,43.0,H,Coranique,120000.0,116000.0,Oui,Non,Non
M10939,Kaolack,Urbain,9,44.0,H,Coranique,185000.0,169000.0,Oui,Oui,Non
M10940,Louga,Urbain,10,67.0,F,Secondaire,610000.0,379000.0,Oui,Oui,Oui
M10941,Ziguinchor,Rural,14,51.0,F,Aucun,161000.0,116000.0,Oui,Non,Non
M10942,Louga,Rural,11,36.0,F,Aucun,88000.0,87000.0,Oui,Non,Oui
M10943,Thiès,Rural,13,31.0,H,Secondaire,190000.0,196000.0,Non,Oui,Non
M10944,Dakar,Urbain,5,40.0,F,Primaire,707000.0,520000.0,Oui,Oui,Oui
M10945,Dakar,Urbain,12,54.0,H,Coranique,,249000.0,Oui,Oui,Oui
M10946,Thiès,Rural,10,63.0,F,Coranique,215000.0,115000.0,Non,Non,Non
M10947,Ziguinchor,Urbain,10,63.0,F,Supérieur,233000.0,203000.0,Oui,Oui,Oui
M10948,Dakar,Urbain,6,49.0,H,Coranique,203000.0,246000.0,Oui,Oui,Oui
M10949,Tambacounda,Rural,6,65.0,H,Secondaire,385000.0,359000.0,Oui,Oui,Oui
M10950,Dakar,Urbain,7,67.0,H,Aucun,,35000.0,Oui,Non,Oui
M10951,Louga,Rural,8,70.0,F,Aucun,156000.0,132000.0,Oui,Non,Oui
M10952,Diourbel,Rural,8,56.0,H,Secondaire,923000.0,542000.0,Non,Non,Non
M10953,Dakar,Urbain,2,31.0,H,Secondaire,98000.0,68000.0,Oui,Oui,Oui
M10954,Kaolack,Rural,13,41.0,H,Aucun,96000.0,88000.0,Non,Non,Oui
M10955,Tambacounda,Urbain,5,48.0,H,Primaire,744000.0,632000.0,Non,Oui,Oui
M10956,Ziguinchor,Rural,14,47.0,F,Coranique,193000.0,159000.0,Non,Non,Non
M10957,Saint-Louis,Rural,5,65.0,H,Aucun,,257000.0,Non,Non,Oui
M10958,Diourbel,Rural,13,46.0,H,Aucun,124000.0,116000.0,Oui,Oui,Non
M10959,Kaolack,Rural,6,40.0,F,Secondaire,484000.0,383000.0,Oui,Oui,Oui
M10960,Diourbel,Urbain,7,50.0,F,Aucun,181000.0,144000.0,Oui,Non,Oui
M10961,Saint-Louis,Rural,13,30.0,H,Aucun,56000.0,35000.0,Oui,Non,Non
M10962,Dakar,Urbain,9,50.0,H,Aucun,126000.0,93000.0,Oui,Oui,Non
M10963,Tambacounda,Urbain,9,49.0,H,Supérieur,,1136000.0,Non,Oui,Oui
M10964,Dakar,Urbain,7,43.0,H,Supérieur,252000.0,223000.0,Oui,Oui,Oui
M10965,Dakar,Urbain,4,46.0,H,Supérieur,,466000.0,Oui,Oui,Oui
M10966,Saint-Louis,Urbain,8,54.0,F,Primaire,,106000.0,Oui,Non,Non
M10967,Dakar,Rural,12,51.0,H,Primaire,353000.0,352000.0,Non,Oui,Non
M10968,Diourbel,Rural,5,49.0,H,Aucun,63000.0,49000.0,Non,Non,Oui
M10969,Ziguinchor,Urbain,8,66.0,H,Secondaire,420000.0,332000.0,Oui,Oui,Oui
M10970,Thiès,Urbain,3,40.0,H,Coranique,,103000.0,Oui,Oui,Non
M10971,Louga,Rural,9,49.0,H,Aucun,94000.0,70000.0,Oui,Non,Oui
M10972,Louga,Rural,14,58.0,H,Coranique,293000.0,246000.0,Oui,Non,Oui
M10973,Dakar,Urbain,8,56.0,H,Secondaire,334000.0,306000.0,Oui,Oui,Oui
M10974,Thiès,Rural,12,49.0,H,Secondaire,159000.0,136000.0,Oui,Oui,Non
M10975,Saint-Louis,Rural,15,38.0,F,Secondaire,236000.0,182000.0,Non,Oui,Non
M10976,Diourbel,Rural,10,49.0,H,Secondaire,133000.0,75000.0,Non,Oui,Oui
M10977,Dakar,Urbain,8,73.0,H,Supérieur,452000.0,348000.0,Oui,Non,Oui
M10978,Diourbel,Rural,8,53.0,H,Primaire,242000.0,144000.0,Oui,Non,Oui
M10979,Kaolack,Rural,16,57.0,H,Coranique,310000.0,239000.0,Non,Non,Non
M10980,Dakar,Urbain,7,63.0,H,Supérieur,299000.0,253000.0,Oui,Oui,Oui
M10981,Dakar,Urbain,2,56.0,H,Secondaire,344000.0,239000.0,Oui,Oui,Oui
M10982,Kaolack,Rural,10,40.0,H,Coranique,299000.0,289000.0,Oui,Non,Oui
M10983,Dakar,Urbain,12,31.0,H,Supérieur,847000.0,685000.0,Non,Oui,Oui
M10984,Saint-Louis,Rural,16,47.0,H,Aucun,180000.0,134000.0,Non,Non,Non
M10985,Diourbel,Urbain,5,56.0,F,Supérieur,324000.0,269000.0,Oui,Non,Oui
M10986,Dakar,Rural,5,46.0,H,Coranique,400000.0,356000.0,Non,Non,Oui
M10987,Kaolack,Urbain,11,72.0,H,Primaire,351000.0,266000.0,Non,Oui,Non
M10988,Diourbel,Urbain,3,51.0,F,Supérieur,,276000.0,Non,Oui,Oui
M10989,Diourbel,Rural,7,36.0,H,Aucun,351000.0,261000.0,Oui,Non,Non
M10990,Louga,Rural,7,61.0,H,Aucun,186000.0,168000.0,Non,Non,Oui
M10991,Dakar,Urbain,8,35.0,F,Coranique,107000.0,75000.0,Oui,Non,Oui
M10992,Thiès,Rural,10,50.0,F,Aucun,299000.0,270000.0,Non,Oui,Non
M10993,Dakar,Urbain,8,56.0,F,Aucun,1173000.0,1053000.0,Oui,Non,Non
M10994,Dakar,Urbain,4,46.0,H,Secondaire,123000.0,71000.0,Oui,Non,Oui
M10995,Ziguinchor,Rural,12,39.0,F,Secondaire,509000.0,441000.0,Oui,Oui,Oui
M10996,Dakar,Urbain,10,55.0,H,Coranique,417000.0,399000.0,Oui,Oui,Non
M10997,Dakar,Urbain,3,66.0,H,Secondaire,250000.0,187000.0,Oui,Oui,Oui
M10998,Diourbel,Urbain,5,58.0,H,Aucun,93000.0,76000.0,Oui,Non,Oui
M10999,Saint-Louis,Rural,5,25.0,H,Aucun,93000.0,83000.0,Non,Non,Oui
M11000,Kaolack,Rural,9,67.0,H,Aucun,153000.0,134000.0,Oui,Non,Oui
M11001,Saint-Louis,Rural,10,44.0,F,Aucun,278000.0,245000.0,Oui,Non,Oui
M11002,Saint-Louis,Rural,8,46.0,F,Primaire,188000.0,152000.0,Non,Non,Non
M11003,Tambacounda,Rural,7,56.0,F,Aucun,218000.0,203000.0,Non,Non,Non
M11004,Saint-Louis,Rural,14,42.0,F,Aucun,171000.0,195000.0,Non,Oui,Oui
M11005,Diourbel,Urbain,6,63.0,H,Aucun,144000.0,94000.0,Oui,Non,Oui
M11006,Thiès,Urbain,7,51.0,F,Primaire,75000.0,70000.0,Oui,Oui,Oui
M11007,Dakar,Urbain,14,56.0,H,Primaire,847000.0,546000.0,Oui,Oui,Oui
M11008,Dakar,Urbain,4,61.0,H,Secondaire,,189000.0,Oui,Oui,Oui
M11009,Ziguinchor,Urbain,7,35.0,F,Supérieur,,466000.0,Oui,Oui,Oui
M11010,Ziguinchor,Rural,5,29.0,H,Primaire,302000.0,233000.0,Non,Non,Oui
M11011,Saint-Louis,Urbain,9,58.0,H,Secondaire,279000.0,251000.0,Oui,Oui,Oui
M11012,Dakar,Urbain,4,29.0,H,Aucun,191000.0,112000.0,Oui,Non,Non
M11013,Ziguinchor,Rural,99,52.0,H,Primaire,344000.0,379000.0,Non,Non,Oui
M11014,Thiès,Rural,5,59.0,H,Aucun,74000.0,53000.0,Oui,Non,Oui
M11015,Ziguinchor,Rural,8,38.0,H,Aucun,46000.0,50000.0,Non,Oui,Non
M11016,Louga,Rural,14,61.0,H,Aucun,178000.0,160000.0,Non,Non,Oui
M11017,Saint-Louis,Rural,6,37.0,H,Supérieur,259000.0,170000.0,Non,Oui,Non
M11018,Ziguinchor,Rural,6,48.0,H,Aucun,202000.0,149000.0,Non,Oui,Non
M11019,Tambacounda,Urbain,7,39.0,H,Aucun,344000.0,234000.0,Oui,Non,Non
M11020,Kaolack,Urbain,7,46.0,F,Primaire,157000.0,171000.0,Oui,Oui,Oui
M11021,Ziguinchor,Rural,11,25.0,H,Primaire,249000.0,201000.0,Non,Non,Non
M11022,Saint-Louis,Rural,3,63.0,H,Aucun,95000.0,73000.0,Non,Non,Oui
M11023,Dakar,Urbain,2,45.0,F,Primaire,287000.0,188000.0,Oui,Oui,Non
M11024,Dakar,Urbain,3,40.0,H,Secondaire,366000.0,242000.0,Non,Non,Non
M11025,Louga,Rural,12,42.0,H,Secondaire,189000.0,168000.0,Oui,Non,Oui
M11026,Dakar,Urbain,8,,H,Aucun,231000.0,203000.0,Oui,Oui,Oui
M11027,Dakar,Urbain,11,49.0,H,Coranique,,125000.0,Oui,Non,Non
M11028,Dakar,Urbain,7,36.0,F,Aucun,146000.0,137000.0,Oui,Non,Oui
M11029,Dakar,Urbain,5,65.0,H,Primaire,296000.0,256000.0,Oui,Non,Non
M11030,Dakar,Urbain,9,67.0,H,Secondaire,673000.0,626000.0,Oui,Non,Non
M11031,Saint-Louis,Urbain,9,47.0,F,Secondaire,234000.0,210000.0,Oui,Oui,Non
M11032,Louga,Rural,10,34.0,H,Aucun,184000.0,152000.0,Oui,Non,Non
M11033,Diourbel,Rural,8,36.0,H,Primaire,67000.0,59000.0,Oui,Non,Oui
M11034,Dakar,Urbain,11,46.0,H,Supérieur,,248000.0,Oui,Oui,Oui
M11035,Thiès,Urbain,5,47.0,H,Aucun,146000.0,119000.0,Oui,Non,Oui
M11036,Kaolack,Rural,9,62.0,H,Aucun,53000.0,32000.0,Oui,Oui,Non
M11037,Dakar,Urbain,9,58.0,H,Secondaire,147000.0,125000.0,Oui,Non,Oui
M11038,Louga,Urbain,5,48.0,H,Secondaire,161000.0,141000.0,Oui,Oui,Oui
M11039,Dakar,Urbain,8,42.0,F,Secondaire,224000.0,139000.0,Oui,Oui,Oui
M11040,Tambacounda,Urbain,9,58.0,H,Secondaire,397000.0,313000.0,Oui,Oui,Non
M11041,Kaolack,Rural,4,70.0,H,Aucun,113000.0,102000.0,Non,Non,Oui
M11042,Dakar,Urbain,13,68.0,H,Secondaire,355000.0,235000.0,Oui,Oui,Oui
M11043,Saint-Louis,Urbain,10,63.0,F,Primaire,379000.0,336000.0,Oui,Oui,Oui
M11044,Saint-Louis,Urbain,8,45.0,H,Supérieur,505000.0,447000.0,Non,Oui,Oui
M11045,Dakar,Urbain,13,63.0,F,Primaire,242000.0,220000.0,Oui,Non,Non
M11046,Dakar,Urbain,7,61.0,F,Secondaire,423000.0,248000.0,Non,Oui,Oui
M11047,Thiès,Urbain,6,44.0,H,Aucun,127000.0,123000.0,Oui,Non,Non
M11048,Thiès,Rural,7,,F,Aucun,,32000.0,Non,Non,Oui
M11049,Dakar,Urbain,8,36.0,H,Primaire,1077000.0,850000.0,Oui,Oui,Oui
M11050,Dakar,Urbain,7,42.0,H,Primaire,122000.0,92000.0,Oui,Non,Oui
M11051,Louga,Rural,17,50.0,H,Coranique,187000.0,163000.0,Oui,Non,Non
M11052,Saint-Louis,Urbain,9,46.0,H,Aucun,,73000.0,Non,Oui,Oui
M11053,Saint-Louis,Rural,7,54.0,F,Aucun,82000.0,64000.0,Oui,Oui,Oui
M11054,Kaolack,Urbain,10,45.0,H,Secondaire,505000.0,417000.0,Oui,Oui,Oui
M11055,Dakar,Urbain,12,22.0,H,Secondaire,401000.0,293000.0,Oui,Oui,Non
M11056,Dakar,Urbain,5,61.0,H,Aucun,151000.0,126000.0,Oui,Oui,Non
M11057,Saint-Louis,Rural,6,52.0,H,Coranique,528000.0,364000.0,Oui,Non,Non
M11058,Ziguinchor,Rural,9,37.0,H,Primaire,315000.0,213000.0,Oui,Non,Oui
M11059,Diourbel,Rural,12,22.0,H,Primaire,197000.0,150000.0,Oui,Non,Non
M11060,Louga,Rural,8,39.0,H,Aucun,86000.0,72000.0,Oui,Non,Oui
M11061,Thiès,Rural,10,49.0,H,Supérieur,952000.0,797000.0,Oui,Non,Oui
M11062,Dakar,Urbain,5,54.0,F,Supérieur,519000.0,452000.0,Oui,Non,Oui
M11063,Thiès,Rural,9,54.0,H,Coranique,276000.0,242000.0,Non,Non,Non
M11064,Diourbel,Rural,9,62.0,H,Aucun,172000.0,160000.0,Oui,Non,Oui
M11065,Saint-Louis,Rural,8,52.0,H,Aucun,43000.0,38000.0,Oui,Oui,Non
M11066,Kaolack,Rural,9,57.0,H,Aucun,237000.0,187000.0,Non,Non,Non
M11067,Dakar,Urbain,5,28.0,H,Primaire,454000.0,343000.0,Oui,Oui,Non
M11068,Ziguinchor,Urbain,11,66.0,H,Primaire,,95000.0,Oui,Non,Oui
M11069,Dakar,Urbain,12,47.0,H,Primaire,270000.0,219000.0,Oui,Non,Oui
M11070,Diourbel,Rural,15,55.0,H,Coranique,,423000.0,Non,Non,Oui
M11071,Thiès,Rural,7,48.0,H,Secondaire,317000.0,290000.0,Oui,Non,Non
M11072,Dakar,Urbain,3,40.0,H,Secondaire,272000.0,152000.0,Oui,Non,Non
M11073,Dakar,Rural,13,53.0,H,Coranique,270000.0,207000.0,Oui,Non,Non
M11074,Thiès,Urbain,6,43.0,F,Secondaire,,146000.0,Oui,Non,Oui
M11075,Kaolack,Rural,9,36.0,H,Aucun,362000.0,296000.0,Oui,Oui,Non
M11076,Saint-Louis,Rural,17,53.0,H,Coranique,79000.0,70000.0,Non,Non,Oui
M11077,Saint-Louis,Urbain,8,32.0,H,Supérieur,1141000.0,820000.0,Oui,Oui,Oui
M11078,Dakar,Urbain,4,54.0,F,Supérieur,574000.0,595000.0,Oui,Oui,Oui
M11079,Dakar,Urbain,10,24.0,H,Secondaire,158000.0,169000.0,Oui,Oui,Oui
M11080,Dakar,Urbain,7,48.0,H,Coranique,68000.0,59000.0,Oui,Oui,Non
M11081,Kaolack,Urbain,4,47.0,F,Secondaire,121000.0,113000.0,Oui,Non,Oui
M11082,Diourbel,Urbain,6,36.0,H,Primaire,,231000.0,Oui,Non,Oui
M11083,Saint-Louis,Urbain,9,51.0,H,Primaire,169000.0,162000.0,Oui,Oui,Oui
M11084,Diourbel,Rural,9,49.0,F,Aucun,133000.0,96000.0,Non,Oui,Non
M11085,Dakar,Urbain,7,36.0,H,Supérieur,,634000.0,Oui,Oui,Oui
M11086,Tambacounda,Rural,9,23.0,H,Aucun,186000.0,164000.0,Oui,Non,Oui
M11087,Diourbel,Rural,10,44.0,H,Secondaire,145000.0,135000.0,Oui,Oui,Oui
M11088,Thiès,Rural,12,65.0,H,Secondaire,323000.0,259000.0,Non,Non,Non
M11089,Thiès,Urbain,4,51.0,H,Secondaire,453000.0,360000.0,Oui,Oui,Oui
M11090,Diourbel,Rural,8,58.0,H,Secondaire,477000.0,338000.0,Non,Oui,Oui
M11091,Dakar,Urbain,4,37.0,H,Aucun,,79000.0,Oui,Non,Non
M11092,Dakar,Urbain,8,42.0,H,Secondaire,232000.0,212000.0,Oui,Oui,Oui
M11093,Thiès,Urbain,9,58.0,H,Primaire,298000.0,220000.0,Oui,Non,Oui
M11094,Tambacounda,Urbain,7,41.0,F,Supérieur,,154000.0,Oui,Oui,Oui
M11095,Dakar,Urbain,7,41.0,F,Secondaire,561000.0,512000.0,Oui,Oui,Non
M11096,Tambacounda,Rural,6,58.0,F,Secondaire,278000.0,224000.0,Non,Non,Oui
M11097,Louga,Urbain,1,50.0,H,Secondaire,713000.0,660000.0,Oui,Oui,Oui
M11098,Diourbel,Rural,99,51.0,H,Coranique,335000.0,326000.0,Oui,Oui,Non
M11099,Dakar,Urbain,6,49.0,H,Supérieur,444000.0,368000.0,Oui,Oui,Oui
M11100,Dakar,Urbain,9,27.0,H,Supérieur,,614000.0,Oui,Non,Oui
M11101,Kaolack,Rural,8,42.0,H,Secondaire,114000.0,114000.0,Oui,Non,Oui
M11102,Saint-Louis,Urbain,7,46.0,H,Coranique,254000.0,183000.0,Oui,Non,Oui
M11103,Saint-Louis,Rural,4,53.0,H,Aucun,156000.0,102000.0,Oui,Oui,Non
M11104,Kaolack,Rural,9,62.0,H,Aucun,169000.0,143000.0,Non,Non,Non
M11105,Saint-Louis,Rural,9,47.0,H,Aucun,432000.0,492000.0,Non,Non,Non
M11106,Ziguinchor,Rural,7,52.0,H,Aucun,101000.0,71000.0,Oui,Non,Non
M11107,Thiès,Urbain,3,53.0,H,Primaire,483000.0,405000.0,Oui,Non,Oui
M11108,Dakar,Urbain,8,36.0,H,Aucun,191000.0,172000.0,Oui,Non,Non
M11109,Dakar,Urbain,9,52.0,H,Aucun,205000.0,159000.0,Oui,Non,Non
M11110,Diourbel,Rural,7,21.0,H,Coranique,32000.0,23000.0,Oui,Non,Oui
M11111,Thiès,Rural,9,59.0,F,Coranique,190000.0,148000.0,Non,Non,Oui
M11112,Tambacounda,Rural,9,45.0,F,Secondaire,471000.0,381000.0,Non,Oui,Oui
M11113,Dakar,Urbain,3,51.0,H,Supérieur,382000.0,267000.0,Non,Oui,Oui
M11114,Dakar,Urbain,3,46.0,F,Primaire,246000.0,183000.0,Oui,Non,Non
M11115,Thiès,Rural,9,,F,Primaire,326000.0,242000.0,Non,Non,Non
M11116,Dakar,Urbain,1,81.0,F,Primaire,309000.0,164000.0,Oui,Oui,Non
M11117,Tambacounda,Rural,8,57.0,H,Aucun,181000.0,128000.0,Non,Oui,Non
M11118,Dakar,Urbain,13,78.0,F,Primaire,121000.0,94000.0,Oui,Non,Oui
M11119,Diourbel,Rural,5,52.0,H,Aucun,56000.0,46000.0,Non,Non,Non
M11120,Tambacounda,Rural,7,57.0,H,Aucun,138000.0,100000.0,Non,Non,Oui
M11121,Tambacounda,Rural,15,53.0,H,Aucun,71000.0,56000.0,Oui,Non,Oui
M11122,Kaolack,Rural,7,56.0,F,Aucun,79000.0,63000.0,Oui,Non,Non
M11123,Thiès,Rural,5,41.0,H,Primaire,240000.0,133000.0,Non,Non,Non
M11124,Saint-Louis,Urbain,7,61.0,H,Secondaire,162000.0,149000.0,Oui,Non,Oui
M11125,Diourbel,Urbain,6,60.0,F,Secondaire,524000.0,398000.0,Oui,Oui,Oui
M11126,Louga,Rural,7,48.0,H,Coranique,339000.0,269000.0,Oui,Non,Oui
M11127,Kaolack,Rural,13,41.0,F,Aucun,299000.0,258000.0,Oui,Non,Non
M11128,Ziguinchor,Rural,99,50.0,F,Secondaire,136000.0,120000.0,Non,Non,Oui
M11129,Kaolack,Rural,9,42.0,H,Aucun,126000.0,95000.0,Non,Non,Non
M11130,Dakar,Urbain,7,40.0,H,Secondaire,266000.0,250000.0,Oui,Oui,Oui
M11131,Thiès,Urbain,3,,H,Primaire,216000.0,201000.0,Oui,Oui,Non
M11132,Louga,Rural,10,42.0,H,Aucun,279000.0,302000.0,Non,Non,Oui
M11133,Thiès,Urbain,11,57.0,H,Supérieur,1134000.0,805000.0,Oui,Oui,Oui
M11134,Saint-Louis,Urbain,4,36.0,F,Supérieur,1075000.0,961000.0,Non,Oui,Oui
M11135,Kaolack,Rural,11,39.0,H,Aucun,,150000.0,Non,Non,Oui
M11136,Dakar,Urbain,4,38.0,H,Secondaire,182000.0,165000.0,Oui,Oui,Oui
M11137,Saint-Louis,Rural,9,44.0,H,Aucun,109000.0,86000.0,Oui,Non,Non
M11138,Saint-Louis,Rural,13,43.0,H,Aucun,69000.0,56000.0,Oui,Non,Non
M11139,Dakar,Urbain,8,36.0,H,Secondaire,653000.0,556000.0,Oui,Non,Oui
M11140,Dakar,Urbain,4,33.0,F,Secondaire,261000.0,270000.0,Oui,Oui,Oui
M11141,Dakar,Urbain,5,77.0,H,Supérieur,659000.0,430000.0,Oui,Oui,Oui
M11142,Kaolack,Urbain,8,37.0,H,Primaire,124000.0,114000.0,Oui,Oui,Non
M11143,Dakar,Urbain,7,38.0,H,Primaire,644000.0,536000.0,Oui,Oui,Oui
M11144,Ziguinchor,Urbain,15,56.0,H,Supérieur,614000.0,629000.0,Oui,Oui,Oui
M11145,Saint-Louis,Urbain,10,,H,Secondaire,716000.0,605000.0,Oui,Oui,Oui
M11146,Dakar,Urbain,7,52.0,H,Supérieur,,1023000.0,Oui,Oui,Oui
M11147,Thiès,Rural,11,54.0,F,Primaire,184000.0,116000.0,Oui,Non,Non
M11148,Thiès,Urbain,5,30.0,H,Primaire,572000.0,583000.0,Oui,Non,Oui
M11149,Diourbel,Rural,6,54.0,H,Aucun,138000.0,104000.0,Oui,Non,Oui
M11150,Dakar,Urbain,5,58.0,H,Aucun,,383000.0,Non,Non,Non
M11151,Diourbel,Urbain,7,71.0,F,Secondaire,330000.0,295000.0,Oui,Oui,Non
M11152,Dakar,Urbain,4,55.0,H,Coranique,112000.0,96000.0,Oui,Oui,Oui
M11153,Saint-Louis,Rural,13,48.0,H,Primaire,212000.0,157000.0,Oui,Non,Non
M11154,Diourbel,Rural,7,53.0,H,Coranique,216000.0,152000.0,Non,Non,Non
M11155,Louga,Urbain,3,37.0,F,Aucun,201000.0,140000.0,Oui,Non,Oui
M11156,Ziguinchor,Urbain,4,,H,Primaire,188000.0,164000.0,Oui,Oui,Oui
M11157,Dakar,Urbain,6,36.0,H,Aucun,231000.0,200000.0,Oui,Oui,Non
M11158,Dakar,Urbain,8,51.0,F,Primaire,,126000.0,Oui,Oui,Non
M11159,Dakar,Urbain,10,51.0,H,Secondaire,219000.0,197000.0,Oui,Oui,Non
M11160,Dakar,Urbain,7,28.0,H,Aucun,214000.0,163000.0,Oui,Oui,Oui
M11161,Thiès,Urbain,8,65.0,H,Primaire,171000.0,124000.0,Oui,Oui,Oui
M11162,Saint-Louis,Rural,5,23.0,H,Secondaire,770000.0,579000.0,Non,Non,Non
M11163,Diourbel,Urbain,8,52.0,H,Secondaire,606000.0,403000.0,Oui,Non,Oui
M11164,Dakar,Urbain,7,38.0,H,Primaire,149000.0,131000.0,Oui,Oui,Non
M11165,Dakar,Urbain,13,32.0,H,Aucun,97000.0,68000.0,Oui,Non,Oui
M11166,Saint-Louis,Urbain,2,64.0,H,Secondaire,,150000.0,Oui,Non,Oui
M11167,Dakar,Urbain,14,43.0,F,Secondaire,150000.0,118000.0,Non,Oui,Oui
M11168,Ziguinchor,Rural,13,50.0,H,Secondaire,,133000.0,Non,Oui,Oui
M11169,Ziguinchor,Urbain,8,67.0,H,Aucun,204000.0,180000.0,Oui,Non,Oui
M11170,Dakar,Urbain,4,59.0,F,Aucun,267000.0,241000.0,Oui,Non,Non
M11171,Saint-Louis,Rural,5,37.0,F,Aucun,116000.0,113000.0,Non,Non,Non
M11172,Kaolack,Rural,7,59.0,F,Primaire,304000.0,284000.0,Oui,Non,Oui
M11173,Saint-Louis,Rural,12,46.0,H,Aucun,197000.0,148000.0,Non,Oui,Oui
M11174,Louga,Rural,12,45.0,F,Aucun,253000.0,189000.0,Non,Non,Non
M11175,Kaolack,Urbain,6,33.0,H,Coranique,259000.0,210000.0,Oui,Oui,Non
M11176,Dakar,Rural,10,45.0,F,Primaire,119000.0,92000.0,Oui,Oui,Oui
M11177,Kaolack,Urbain,3,55.0,H,Secondaire,379000.0,312000.0,Oui,Oui,Oui
M11178,Diourbel,Urbain,8,36.0,H,Secondaire,670000.0,723000.0,Oui,Oui,Oui
M11179,Dakar,Urbain,9,50.0,H,Primaire,315000.0,317000.0,Oui,Oui,Non
M11180,Thiès,Urbain,10,57.0,H,Supérieur,,541000.0,Oui,Oui,Oui
M11181,Saint-Louis,Rural,10,60.0,F,Aucun,163000.0,133000.0,Oui,Oui,Non
M11182,Diourbel,Urbain,8,51.0,H,Aucun,162000.0,128000.0,Oui,Non,Oui
M11183,Thiès,Rural,9,58.0,H,Aucun,189000.0,145000.0,Non,Non,Non
M11184,Louga,Rural,7,65.0,H,Aucun,75000.0,70000.0,Non,Non,Oui
M11185,Ziguinchor,Rural,7,74.0,F,Aucun,208000.0,228000.0,Non,Non,Non
M11186,Dakar,Urbain,8,54.0,H,Secondaire,268000.0,191000.0,Oui,Non,Oui
M11187,Thiès,Rural,8,40.0,H,Aucun,102000.0,79000.0,Non,Non,Non
M11188,Saint-Louis,Rural,9,41.0,F,Coranique,135000.0,123000.0,Oui,Non,Non
M11189,Louga,Urbain,6,65.0,H,Aucun,101000.0,86000.0,Oui,Non,Oui
M11190,Thiès,Rural,7,36.0,H,Primaire,299000.0,197000.0,Oui,Non,Non
M11191,Saint-Louis,Urbain,99,51.0,H,Aucun,224000.0,121000.0,Oui,Non,Non
M11192,Kaolack,Rural,8,59.0,H,Coranique,167000.0,158000.0,Oui,Non,Oui
M11193,Kaolack,Rural,14,64.0,H,Aucun,115000.0,80000.0,Non,Non,Non
M11194,Dakar,Urbain,2,66.0,H,Aucun,,92000.0,Oui,Oui,Oui
M11195,Dakar,Rural,5,48.0,H,Primaire,119000.0,112000.0,Non,Non,Oui
M11196,Dakar,Urbain,7,61.0,H,Aucun,107000.0,62000.0,Oui,Non,Oui
M11197,Dakar,Urbain,7,34.0,H,Secondaire,326000.0,218000.0,Oui,Non,Oui
M11198,Dakar,Urbain,8,52.0,F,Coranique,64000.0,54000.0,Oui,Non,Non
M11199,Dakar,Urbain,8,40.0,H,Aucun,516000.0,399000.0,Oui,Non,Oui
M11200,Diourbel,Rural,7,47.0,H,Coranique,131000.0,105000.0,Oui,Non,Oui
M11201,Dakar,Urbain,10,60.0,H,Aucun,250000.0,184000.0,Oui,Non,Oui
M11202,Louga,Urbain,4,58.0,F,Coranique,,261000.0,Oui,Non,Non
M11203,Thiès,Rural,5,66.0,F,Primaire,117000.0,83000.0,Non,Non,Non
M11204,Dakar,Rural,8,43.0,H,Coranique,213000.0,183000.0,Oui,Non,Oui
M11205,Dakar,Urbain,5,53.0,H,Aucun,125000.0,98000.0,Oui,Oui,Oui
M11206,Saint-Louis,Urbain,8,35.0,H,Supérieur,,461000.0,Oui,Non,Oui
M11207,Dakar,Urbain,6,51.0,H,Primaire,203000.0,215000.0,Oui,Oui,Oui
M11208,Saint-Louis,Urbain,7,22.0,F,Secondaire,357000.0,270000.0,Non,Non,Oui
M11209,Thiès,Rural,15,54.0,F,Aucun,135000.0,128000.0,Non,Oui,Non
M11210,Saint-Louis,Rural,11,44.0,H,Coranique,118000.0,89000.0,Oui,Oui,Non
M11211,Thiès,Urbain,8,41.0,F,Coranique,226000.0,196000.0,Oui,Oui,Oui
M11212,Diourbel,Urbain,8,59.0,H,Coranique,113000.0,98000.0,Oui,Non,Oui
M11213,Saint-Louis,Urbain,7,54.0,H,Supérieur,,1200000.0,Oui,Oui,Oui
M11214,Kaolack,Urbain,8,57.0,H,Supérieur,298000.0,263000.0,Non,Oui,Oui
M11215,Louga,Rural,9,42.0,H,Coranique,,71000.0,Oui,Oui,Oui
M11216,Diourbel,Rural,10,45.0,H,Primaire,390000.0,181000.0,Non,Non,Non
M11217,Thiès,Urbain,6,63.0,H,Secondaire,656000.0,470000.0,Oui,Non,Non
M11218,Dakar,Urbain,4,52.0,H,Primaire,290000.0,225000.0,Oui,Non,Oui
M11219,Kaolack,Rural,9,22.0,F,Secondaire,427000.0,338000.0,Non,Oui,Non
M11220,Diourbel,Urbain,6,61.0,H,Supérieur,419000.0,349000.0,Oui,Oui,Oui
M11221,Thiès,Urbain,6,55.0,H,Secondaire,338000.0,246000.0,Oui,Oui,Oui
M11222,Louga,Urbain,8,47.0,H,Supérieur,913000.0,680000.0,Oui,Oui,Oui
M11223,Diourbel,Rural,9,57.0,H,Aucun,213000.0,186000.0,Oui,Non,Non
M11224,Dakar,Urbain,2,63.0,H,Aucun,569000.0,490000.0,Oui,Non,Oui
M11225,Thiès,Rural,11,77.0,F,Secondaire,349000.0,291000.0,Oui,Non,Oui
M11226,Kaolack,Rural,14,20.0,H,Primaire,150000.0,147000.0,Non,Non,Oui
M11227,Dakar,Urbain,6,33.0,H,Secondaire,117000.0,99000.0,Oui,Oui,Oui
M11228,Saint-Louis,Urbain,9,69.0,F,Coranique,276000.0,241000.0,Oui,Oui,Oui
M11229,Ziguinchor,Rural,5,53.0,H,Primaire,110000.0,97000.0,Non,Non,Oui
M11230,Tambacounda,Rural,9,47.0,H,Aucun,,520000.0,Non,Non,Non
M11231,Dakar,Urbain,3,61.0,H,Coranique,613000.0,444000.0,Oui,Oui,Oui
M11232,Ziguinchor,Rural,11,35.0,H,Aucun,175000.0,159000.0,Non,Non,Oui
M11233,Thiès,Urbain,10,51.0,H,Secondaire,348000.0,298000.0,Oui,Oui,Oui
M11234,Tambacounda,Rural,9,44.0,F,Primaire,129000.0,105000.0,Oui,Oui,Oui
M11235,Dakar,Urbain,11,53.0,H,Secondaire,390000.0,330000.0,Oui,Oui,Oui
M11236,Tambacounda,Rural,7,40.0,H,Aucun,72000.0,66000.0,Non,Non,Oui
M11237,Tambacounda,Urbain,9,41.0,F,Primaire,484000.0,405000.0,Oui,Oui,Oui
M11238,Diourbel,Rural,8,48.0,H,Aucun,120000.0,90000.0,Oui,Non,Non
M11239,Kaolack,Urbain,5,25.0,F,Secondaire,446000.0,388000.0,Oui,Oui,Non
M11240,Dakar,Urbain,9,59.0,H,Secondaire,787000.0,623000.0,Oui,Oui,Oui
M11241,Thiès,Urbain,6,63.0,H,Secondaire,152000.0,139000.0,Oui,Oui,Oui
M11242,Kaolack,Rural,10,34.0,H,Primaire,101000.0,93000.0,Non,Non,Non
M11243,Ziguinchor,Rural,14,43.0,H,Aucun,186000.0,170000.0,Non,Non,Non
M11244,Kaolack,Rural,4,44.0,H,Aucun,264000.0,169000.0,Oui,Non,Non
M11245,Dakar,Urbain,14,42.0,H,Supérieur,605000.0,680000.0,Oui,Oui,Oui
M11246,Diourbel,Rural,3,28.0,F,Coranique,83000.0,71000.0,Non,Non,Non
M11247,Diourbel,Rural,10,44.0,H,Secondaire,687000.0,585000.0,Oui,Non,Oui
M11248,Dakar,Urbain,8,29.0,F,Secondaire,335000.0,379000.0,Oui,Oui,Oui
M11249,Ziguinchor,Urbain,5,44.0,H,Primaire,220000.0,171000.0,Oui,Oui,Oui
M11250,Dakar,Urbain,13,64.0,H,Secondaire,128000.0,118000.0,Oui,Oui,Oui
M11251,Dakar,Urbain,6,60.0,H,Primaire,,259000.0,Oui,Oui,Oui
M11252,Dakar,Urbain,9,28.0,H,Supérieur,1015000.0,849000.0,Oui,Non,Oui
M11253,Thiès,Urbain,7,69.0,H,Secondaire,,305000.0,Oui,Oui,Oui
M11254,Dakar,Urbain,7,42.0,F,Aucun,200000.0,165000.0,Oui,Non,Oui
M11255,Ziguinchor,Urbain,5,60.0,F,Aucun,101000.0,78000.0,Oui,Oui,Oui
M11256,Thiès,Urbain,7,57.0,H,Supérieur,800000.0,486000.0,Oui,Oui,Oui
M11257,Dakar,Urbain,6,49.0,H,Secondaire,,224000.0,Oui,Non,Oui
M11258,Kaolack,Rural,6,29.0,H,Aucun,69000.0,50000.0,Non,Non,Non
M11259,Kaolack,Rural,10,44.0,H,Aucun,197000.0,178000.0,Oui,Non,Non
M11260,Thiès,Rural,8,60.0,H,Aucun,120000.0,106000.0,Oui,Non,Non
M11261,Diourbel,Urbain,3,54.0,H,Secondaire,387000.0,369000.0,Oui,Oui,Oui
M11262,Louga,Urbain,5,36.0,F,Primaire,656000.0,527000.0,Oui,Oui,Oui
M11263,Diourbel,Rural,4,55.0,H,Primaire,183000.0,189000.0,Non,Non,Non
M11264,Kaolack,Urbain,5,65.0,H,Aucun,139000.0,131000.0,Oui,Oui,Oui
M11265,Kaolack,Urbain,6,37.0,H,Secondaire,192000.0,167000.0,Oui,Oui,Non
M11266,Diourbel,Rural,7,61.0,H,Primaire,148000.0,121000.0,Non,Non,Non
M11267,Saint-Louis,Urbain,8,54.0,H,Aucun,218000.0,187000.0,Oui,Non,Oui
M11268,Diourbel,Rural,8,62.0,F,Secondaire,110000.0,84000.0,Oui,Non,Oui
M11269,Dakar,Urbain,11,43.0,F,Supérieur,,459000.0,Oui,Oui,Oui
M11270,Dakar,Urbain,8,51.0,H,Secondaire,408000.0,367000.0,Oui,Oui,Oui
M11271,Diourbel,Urbain,6,36.0,F,Primaire,197000.0,148000.0,Oui,Oui,Oui
M11272,Saint-Louis,Rural,8,36.0,H,Aucun,89000.0,68000.0,Oui,Oui,Non
M11273,Thiès,Urbain,9,,F,Primaire,,415000.0,Oui,Oui,Oui
M11274,Dakar,Urbain,6,57.0,H,Coranique,268000.0,255000.0,Oui,Non,Oui
M11275,Saint-Louis,Rural,8,,F,Aucun,239000.0,183000.0,Oui,Non,Oui
M11276,Ziguinchor,Urbain,9,44.0,H,Supérieur,936000.0,900000.0,Oui,Oui,Non
M11277,Diourbel,Urbain,8,57.0,H,Coranique,110000.0,86000.0,Oui,Non,Non
M11278,Diourbel,Urbain,2,44.0,F,Supérieur,415000.0,314000.0,Oui,Oui,Oui
M11279,Dakar,Urbain,8,59.0,H,Coranique,128000.0,92000.0,Oui,Oui,Oui
M11280,Tambacounda,Urbain,5,54.0,H,Supérieur,634000.0,471000.0,Oui,Oui,Non
M11281,Diourbel,Rural,2,38.0,H,Coranique,41000.0,34000.0,Oui,Non,Non
M11282,Diourbel,Rural,9,38.0,H,Coranique,174000.0,180000.0,Non,Non,Non
M11283,Saint-Louis,Urbain,13,35.0,H,Primaire,949000.0,855000.0,Oui,Non,Non
M11284,Saint-Louis,Rural,6,56.0,H,Aucun,189000.0,159000.0,Non,Non,Non
M11285,Tambacounda,Rural,11,40.0,H,Coranique,116000.0,84000.0,Oui,Non,Non
M11286,Thiès,Rural,9,37.0,F,Coranique,118000.0,116000.0,Oui,Non,Oui
M11287,Louga,Rural,9,37.0,H,Secondaire,185000.0,159000.0,Oui,Non,Oui
M11288,Thiès,Urbain,3,25.0,H,Coranique,737000.0,684000.0,Oui,Non,Non
M11289,Ziguinchor,Rural,8,61.0,H,Supérieur,207000.0,154000.0,Non,Non,Oui
M11290,Diourbel,Urbain,6,61.0,F,Secondaire,327000.0,200000.0,Oui,Oui,Oui
M11291,Dakar,Urbain,9,40.0,H,Primaire,154000.0,129000.0,Oui,Oui,Oui
M11292,Dakar,Urbain,8,60.0,F,Aucun,289000.0,257000.0,Oui,Oui,Oui
M11293,Dakar,Urbain,8,31.0,H,Secondaire,425000.0,264000.0,Oui,Oui,Oui
M11294,Diourbel,Rural,10,42.0,F,Aucun,480000.0,380000.0,Non,Oui,Non
M11295,Dakar,Urbain,6,56.0,F,Secondaire,284000.0,313000.0,Oui,Oui,Oui
M11296,Dakar,Urbain,8,54.0,H,Primaire,330000.0,267000.0,Oui,Oui,Oui
M11297,Diourbel,Urbain,8,53.0,H,Secondaire,302000.0,311000.0,Oui,Oui,Oui
M11298,Dakar,Urbain,8,49.0,F,Aucun,240000.0,202000.0,Oui,Non,Oui
M11299,Thiès,Rural,2,63.0,H,Secondaire,343000.0,358000.0,Non,Non,Oui
M11300,Thiès,Rural,10,50.0,H,Primaire,271000.0,204000.0,Oui,Non,Oui
M11301,Dakar,Rural,10,53.0,H,Aucun,121000.0,93000.0,Oui,Non,Oui
M11302,Dakar,Urbain,5,41.0,F,Primaire,172000.0,184000.0,Oui,Non,Oui
M11303,Dakar,Urbain,4,47.0,H,Supérieur,1180000.0,806000.0,Oui,Oui,Oui
M11304,Diourbel,Rural,7,63.0,H,Aucun,108000.0,80000.0,Oui,Non,Oui
M11305,Ziguinchor,Urbain,2,36.0,F,Supérieur,438000.0,312000.0,Oui,Oui,Non
M11306,Thiès,Urbain,6,56.0,H,Aucun,225000.0,167000.0,Oui,Non,Oui
M11307,Saint-Louis,Rural,6,51.0,H,Coranique,123000.0,95000.0,Non,Non,Non
M11308,Thiès,Rural,8,51.0,H,Aucun,237000.0,186000.0,Oui,Oui,Non
M11309,Saint-Louis,Rural,11,46.0,H,Coranique,43000.0,26000.0,Non,Non,Non
M11310,Kaolack,Urbain,5,38.0,H,Coranique,,218000.0,Oui,Non,Non
M11311,Kaolack,Rural,11,62.0,H,Primaire,173000.0,160000.0,Non,Non,Oui
M11312,Tambacounda,Urbain,6,42.0,H,Secondaire,223000.0,194000.0,Oui,Non,Oui
M11313,Thiès,Urbain,7,42.0,H,Secondaire,349000.0,299000.0,Oui,Oui,Oui
M11314,Louga,Rural,7,30.0,H,Secondaire,262000.0,254000.0,Non,Non,Non
M11315,Louga,Rural,12,46.0,H,Secondaire,263000.0,187000.0,Non,Non,Non
M11316,Dakar,Urbain,10,39.0,H,Secondaire,276000.0,224000.0,Oui,Non,Oui
M11317,Kaolack,Rural,5,47.0,H,Coranique,68000.0,57000.0,Oui,Non,Non
M11318,Dakar,Urbain,8,32.0,H,Coranique,143000.0,139000.0,Non,Non,Non
M11319,Dakar,Urbain,11,35.0,F,Secondaire,231000.0,258000.0,Oui,Oui,Oui
M11320,Diourbel,Rural,8,45.0,H,Aucun,159000.0,143000.0,Oui,Non,Non
M11321,Kaolack,Urbain,8,53.0,H,Supérieur,,552000.0,Oui,Oui,Oui
M11322,Louga,Rural,13,49.0,H,Aucun,144000.0,105000.0,Non,Non,Non
M11323,Tambacounda,Rural,7,39.0,H,Aucun,82000.0,74000.0,Oui,Oui,Non
M11324,Ziguinchor,Rural,4,51.0,F,Primaire,334000.0,225000.0,Non,Non,Non
M11325,Ziguinchor,Rural,6,39.0,H,Primaire,186000.0,150000.0,Non,Oui,Oui
M11326,Dakar,Urbain,8,58.0,H,Primaire,567000.0,453000.0,Non,Non,Oui
M11327,Dakar,Rural,8,48.0,F,Primaire,105000.0,100000.0,Oui,Non,Non
M11328,Louga,Urbain,3,45.0,H,Aucun,,89000.0,Oui,Oui,Non
M11329,Kaolack,Urbain,6,39.0,F,Primaire,208000.0,169000.0,Non,Non,Oui
M11330,Dakar,Urbain,8,63.0,H,Secondaire,1174000.0,926000.0,Oui,Oui,Non
M11331,Kaolack,Urbain,6,39.0,H,Primaire,326000.0,282000.0,Oui,Non,Non
M11332,Louga,Urbain,2,60.0,H,Coranique,,131000.0,Oui,Non,Non
M11333,Tambacounda,Urbain,7,60.0,F,Secondaire,,313000.0,Oui,Oui,Oui
M11334,Ziguinchor,Urbain,8,58.0,H,Secondaire,522000.0,441000.0,Oui,Oui,Oui
M11335,Saint-Louis,Urbain,11,51.0,F,Aucun,337000.0,204000.0,Oui,Non,Oui
M11336,Kaolack,Rural,7,64.0,H,Aucun,100000.0,88000.0,Oui,Non,Non
M11337,Thiès,Rural,9,39.0,H,Aucun,137000.0,117000.0,Non,Non,Oui
M11338,Diourbel,Rural,5,29.0,H,Coranique,116000.0,90000.0,Non,Non,Non
M11339,Kaolack,Rural,6,51.0,H,Supérieur,391000.0,342000.0,Non,Oui,Non
M11340,Thiès,Urbain,2,26.0,H,Secondaire,,226000.0,Oui,Oui,Oui
M11341,Dakar,Urbain,7,56.0,F,Primaire,,110000.0,Oui,Oui,Oui
M11342,Thiès,Rural,8,59.0,H,Aucun,85000.0,58000.0,Oui,Non,Non
M11343,Thiès,Rural,7,65.0,F,Aucun,80000.0,80000.0,Non,Non,Non
M11344,Thiès,Urbain,10,34.0,H,Supérieur,565000.0,482000.0,Oui,Oui,Oui
M11345,Thiès,Rural,10,50.0,F,Aucun,103000.0,79000.0,Non,Non,Non
M11346,Dakar,Urbain,4,48.0,F,Supérieur,,366000.0,Oui,Oui,Oui
M11347,Dakar,Urbain,4,47.0,F,Coranique,88000.0,57000.0,Oui,Non,Oui
M11348,Kaolack,Urbain,11,43.0,H,Primaire,60000.0,51000.0,Oui,Non,Oui
M11349,Diourbel,Rural,17,46.0,H,Aucun,188000.0,117000.0,Non,Non,Oui
M11350,Saint-Louis,Urbain,3,40.0,H,Aucun,616000.0,532000.0,Oui,Non,Oui
M11351,Kaolack,Rural,13,62.0,H,Coranique,61000.0,35000.0,Non,Non,Non
M11352,Dakar,Urbain,7,39.0,H,Primaire,196000.0,181000.0,Oui,Oui,Non
M11353,Diourbel,Urbain,5,35.0,H,Primaire,191000.0,128000.0,Oui,Non,Non
M11354,Dakar,Urbain,13,49.0,H,Secondaire,1105000.0,709000.0,Oui,Oui,Oui
M11355,Saint-Louis,Rural,9,58.0,H,Coranique,102000.0,76000.0,Non,Non,Oui
M11356,Dakar,Urbain,11,57.0,H,Primaire,363000.0,331000.0,Oui,Non,Oui
M11357,Dakar,Urbain,7,66.0,H,Secondaire,,283000.0,Oui,Oui,Non
M11358,Diourbel,Urbain,7,55.0,H,Secondaire,,170000.0,Non,Oui,Oui
M11359,Kaolack,Urbain,10,38.0,H,Primaire,177000.0,140000.0,Oui,Oui,Oui
M11360,Louga,Rural,11,51.0,F,Primaire,125000.0,129000.0,Non,Non,Non
M11361,Kaolack,Urbain,4,41.0,F,Primaire,94000.0,77000.0,Oui,Oui,Oui
M11362,Thiès,Urbain,7,37.0,H,Aucun,,229000.0,Oui,Non,Oui
M11363,Ziguinchor,Rural,9,43.0,F,Primaire,,439000.0,Oui,Oui,Oui
M11364,Thiès,Urbain,8,33.0,F,Primaire,402000.0,329000.0,Oui,Oui,Oui
M11365,Saint-Louis,Rural,9,61.0,H,Aucun,118000.0,100000.0,Oui,Non,Non
M11366,Dakar,Urbain,4,42.0,H,Supérieur,481000.0,396000.0,Oui,Oui,Oui
M11367,Diourbel,Rural,9,41.0,F,Aucun,121000.0,108000.0,Oui,Non,Non
M11368,Saint-Louis,Urbain,6,58.0,H,Secondaire,120000.0,104000.0,Oui,Oui,Oui
M11369,Kaolack,Urbain,3,34.0,H,Secondaire,1114000.0,985000.0,Oui,Oui,Oui
M11370,Ziguinchor,Rural,10,,H,Aucun,79000.0,62000.0,Non,Non,Oui
M11371,Diourbel,Urbain,7,42.0,H,Secondaire,206000.0,208000.0,Oui,Oui,Oui
M11372,Dakar,Urbain,7,41.0,H,Secondaire,,279000.0,Oui,Oui,Oui
M11373,Kaolack,Urbain,4,30.0,H,Supérieur,837000.0,631000.0,Oui,Oui,Oui
M11374,Dakar,Urbain,6,70.0,H,Primaire,391000.0,328000.0,Oui,Non,Oui
M11375,Dakar,Urbain,4,47.0,H,Primaire,70000.0,60000.0,Oui,Non,Oui
M11376,Dakar,Urbain,6,50.0,H,Aucun,110000.0,93000.0,Oui,Non,Non
M11377,Diourbel,Urbain,6,29.0,H,Supérieur,394000.0,248000.0,Oui,Oui,Oui
M11378,Saint-Louis,Rural,10,53.0,H,Aucun,94000.0,76000.0,Oui,Non,Oui
M11379,Dakar,Urbain,5,56.0,H,Primaire,315000.0,236000.0,Non,Oui,Oui
M11380,Dakar,Urbain,7,40.0,H,Aucun,432000.0,286000.0,Oui,Non,Oui
M11381,Kaolack,Urbain,8,51.0,H,Secondaire,349000.0,297000.0,Oui,Non,Oui
M11382,Ziguinchor,Rural,9,46.0,H,Primaire,360000.0,224000.0,Non,Non,Non
M11383,Kaolack,Rural,14,52.0,H,Secondaire,528000.0,488000.0,Non,Oui,Oui
M11384,Saint-Louis,Urbain,11,58.0,H,Secondaire,205000.0,201000.0,Oui,Oui,Oui
M11385,Saint-Louis,Rural,13,51.0,F,Coranique,137000.0,101000.0,Oui,Non,Oui
M11386,Dakar,Urbain,12,35.0,H,Coranique,356000.0,252000.0,Oui,Oui,Oui
M11387,Diourbel,Urbain,6,20.0,F,Secondaire,,77000.0,Oui,Non,Oui
M11388,Thiès,Rural,10,49.0,H,Primaire,157000.0,142000.0,Non,Oui,Non
M11389,Thiès,Rural,11,53.0,H,Primaire,202000.0,177000.0,Oui,Non,Oui
M11390,Diourbel,Rural,12,63.0,H,Primaire,228000.0,209000.0,Non,Non,Oui
M11391,Kaolack,Rural,5,51.0,H,Primaire,87000.0,74000.0,Oui,Non,Oui
M11392,Tambacounda,Rural,8,39.0,H,Supérieur,354000.0,209000.0,Non,Non,Non
M11393,Saint-Louis,Urbain,8,40.0,F,Aucun,66000.0,56000.0,Oui,Oui,Oui
M11394,Dakar,Urbain,8,40.0,H,Primaire,103000.0,89000.0,Oui,Oui,Oui
M11395,Kaolack,Rural,8,62.0,H,Aucun,219000.0,168000.0,Oui,Oui,Oui
M11396,Dakar,Urbain,6,57.0,H,Supérieur,638000.0,433000.0,Oui,Oui,Oui
M11397,Dakar,Urbain,4,69.0,F,Primaire,290000.0,253000.0,Oui,Oui,Non
M11398,Saint-Louis,Rural,6,40.0,F,Primaire,193000.0,154000.0,Non,Non,Oui
M11399,Diourbel,Rural,12,41.0,F,Coranique,210000.0,130000.0,Oui,Non,Non
M11400,Ziguinchor,Urbain,5,39.0,H,Aucun,105000.0,85000.0,Oui,Non,Oui
M11401,Dakar,Urbain,4,31.0,H,Coranique,292000.0,269000.0,Oui,Non,Non
M11402,Thiès,Urbain,6,52.0,F,Primaire,157000.0,120000.0,Oui,Oui,Oui
M11403,Thiès,Urbain,5,38.0,H,Coranique,125000.0,133000.0,Oui,Oui,Oui
M11404,Dakar,Urbain,10,49.0,H,Aucun,212000.0,164000.0,Oui,Non,Oui
M11405,Ziguinchor,Urbain,8,68.0,H,Supérieur,643000.0,463000.0,Oui,Oui,Oui
M11406,Diourbel,Rural,2,52.0,H,Primaire,205000.0,155000.0,Oui,Non,Non
M11407,Kaolack,Urbain,13,,F,Supérieur,829000.0,674000.0,Oui,Oui,Non
M11408,Thiès,Rural,10,60.0,H,Aucun,53000.0,33000.0,Oui,Non,Oui
M11409,Tambacounda,Rural,11,55.0,H,Aucun,248000.0,238000.0,Oui,Non,Non
M11410,Tambacounda,Rural,9,29.0,H,Coranique,88000.0,53000.0,Oui,Non,Non
M11411,Dakar,Urbain,9,54.0,H,Aucun,130000.0,112000.0,Oui,Oui,Non
M11412,Dakar,Urbain,2,66.0,H,Secondaire,180000.0,130000.0,Oui,Non,Oui
M11413,Thiès,Urbain,5,67.0,H,Secondaire,,315000.0,Oui,Oui,Oui
M11414,Thiès,Rural,14,35.0,F,Primaire,194000.0,137000.0,Oui,Non,Non
M11415,Dakar,Urbain,6,39.0,H,Secondaire,218000.0,176000.0,Oui,Oui,Non
M11416,Louga,Urbain,6,39.0,H,Supérieur,458000.0,529000.0,Oui,Non,Oui
M11417,Dakar,Urbain,3,38.0,H,Coranique,117000.0,103000.0,Oui,Non,Oui
M11418,Diourbel,Rural,7,45.0,H,Coranique,137000.0,96000.0,Oui,Oui,Oui
M11419,Dakar,Urbain,8,49.0,F,Primaire,292000.0,240000.0,Oui,Oui,Oui
M11420,Dakar,Urbain,7,44.0,H,Coranique,239000.0,240000.0,Oui,Non,Oui
M11421,Kaolack,Rural,7,49.0,H,Aucun,227000.0,219000.0,Non,Non,Oui
M11422,Saint-Louis,Urbain,9,35.0,H,Primaire,,146000.0,Oui,Non,Non
M11423,Ziguinchor,Rural,7,45.0,H,Coranique,193000.0,125000.0,Oui,Non,Oui
M11424,Diourbel,Rural,10,20.0,H,Aucun,85000.0,69000.0,Non,Non,Non
M11425,Dakar,Urbain,8,50.0,H,Primaire,503000.0,400000.0,Oui,Oui,Oui
M11426,Dakar,Urbain,7,67.0,H,Primaire,,511000.0,Oui,Oui,Oui
M11427,Dakar,Urbain,5,22.0,H,Primaire,316000.0,239000.0,Oui,Oui,Non
M11428,Diourbel,Rural,4,48.0,H,Aucun,172000.0,126000.0,Oui,Non,Non
M11429,Kaolack,Rural,7,62.0,F,Aucun,183000.0,122000.0,Oui,Non,Non
M11430,Louga,Rural,5,56.0,H,Aucun,69000.0,67000.0,Non,Oui,Oui
M11431,Dakar,Urbain,7,42.0,F,Primaire,,140000.0,Oui,Oui,Oui
M11432,Louga,Rural,10,40.0,H,Aucun,192000.0,201000.0,Oui,Non,Oui
M11433,Dakar,Urbain,5,50.0,H,Secondaire,162000.0,137000.0,Oui,Oui,Oui
M11434,Diourbel,Rural,11,38.0,H,Coranique,168000.0,141000.0,Oui,Non,Oui
M11435,Ziguinchor,Rural,10,34.0,H,Aucun,186000.0,156000.0,Non,Non,Non
M11436,Dakar,Urbain,5,65.0,H,Supérieur,,406000.0,Oui,Oui,Oui
M11437,Thiès,Rural,8,46.0,H,Secondaire,509000.0,440000.0,Non,Non,Non
M11438,Diourbel,Rural,6,73.0,F,Primaire,64000.0,46000.0,Oui,Oui,Non
M11439,Dakar,Urbain,9,48.0,H,Aucun,103000.0,85000.0,Oui,Oui,Oui
M11440,Diourbel,Rural,6,41.0,H,Primaire,167000.0,142000.0,Oui,Non,Non
M11441,Tambacounda,Urbain,6,31.0,H,Secondaire,329000.0,337000.0,Non,Non,Non
M11442,Kaolack,Rural,13,80.0,H,Aucun,173000.0,125000.0,Oui,Non,Non
M11443,Dakar,Rural,6,44.0,H,Aucun,97000.0,81000.0,Non,Oui,Non
M11444,Dakar,Urbain,7,51.0,F,Aucun,188000.0,128000.0,Oui,Non,Oui
M11445,Dakar,Urbain,6,48.0,H,Secondaire,833000.0,613000.0,Oui,Oui,Non
M11446,Louga,Urbain,9,54.0,H,Primaire,148000.0,109000.0,Oui,Non,Oui
M11447,Dakar,Urbain,8,42.0,H,Primaire,364000.0,266000.0,Oui,Non,Oui
M11448,Dakar,Urbain,8,55.0,H,Aucun,302000.0,259000.0,Oui,Non,Oui
M11449,Tambacounda,Rural,13,66.0,H,Coranique,110000.0,98000.0,Oui,Oui,Non
M11450,Ziguinchor,Rural,9,38.0,H,Primaire,361000.0,322000.0,Non,Non,Non
M11451,Thiès,Urbain,9,43.0,H,Primaire,378000.0,346000.0,Oui,Oui,Non
M11452,Dakar,Urbain,7,45.0,H,Primaire,109000.0,94000.0,Oui,Oui,Oui
M11453,Thiès,Rural,6,35.0,H,Primaire,89000.0,74000.0,Oui,Oui,Non
M11454,Dakar,Urbain,3,41.0,H,Coranique,179000.0,175000.0,Oui,Non,Oui
M11455,Saint-Louis,Urbain,9,69.0,H,Aucun,92000.0,77000.0,Oui,Non,Non
M11456,Dakar,Urbain,6,51.0,H,Supérieur,249000.0,182000.0,Oui,Non,Oui
M11457,Kaolack,Rural,10,85.0,H,Primaire,185000.0,149000.0,Non,Oui,Non
M11458,Kaolack,Urbain,13,68.0,H,Aucun,169000.0,126000.0,Oui,Oui,Oui
M11459,Thiès,Rural,12,36.0,H,Aucun,122000.0,87000.0,Oui,Non,Non
M11460,Thiès,Urbain,6,50.0,H,Primaire,,207000.0,Oui,Oui,Non
M11461,Ziguinchor,Rural,10,52.0,F,Aucun,136000.0,145000.0,Non,Non,Oui
M11462,Dakar,Urbain,8,71.0,H,Coranique,833000.0,760000.0,Oui,Non,Non
M11463,Ziguinchor,Urbain,9,28.0,H,Supérieur,559000.0,396000.0,Oui,Oui,Non
M11464,Ziguinchor,Urbain,3,46.0,H,Aucun,127000.0,111000.0,Oui,Oui,Oui
M11465,Thiès,Urbain,9,23.0,H,Aucun,388000.0,316000.0,Oui,Non,Oui
M11466,Dakar,Urbain,7,55.0,H,Secondaire,,458000.0,Oui,Non,Non
M11467,Dakar,Urbain,6,41.0,H,Coranique,174000.0,151000.0,Oui,Oui,Non
M11468,Ziguinchor,Urbain,7,60.0,H,Aucun,490000.0,379000.0,Oui,Oui,Oui
M11469,Tambacounda,Urbain,9,56.0,H,Secondaire,350000.0,303000.0,Oui,Oui,Oui
M11470,Tambacounda,Urbain,5,52.0,F,Primaire,498000.0,448000.0,Non,Non,Oui
M11471,Tambacounda,Urbain,3,49.0,F,Primaire,208000.0,108000.0,Oui,Oui,Oui
M11472,Diourbel,Urbain,3,62.0,H,Secondaire,107000.0,72000.0,Oui,Oui,Oui
M11473,Ziguinchor,Rural,6,47.0,H,Coranique,138000.0,96000.0,Non,Oui,Non
M11474,Kaolack,Urbain,9,61.0,F,Secondaire,637000.0,588000.0,Non,Oui,Oui
M11475,Kaolack,Rural,9,31.0,H,Supérieur,349000.0,333000.0,Oui,Oui,Oui
M11476,Dakar,Urbain,6,44.0,F,Primaire,307000.0,233000.0,Oui,Non,Oui
M11477,Dakar,Urbain,10,64.0,H,Primaire,283000.0,211000.0,Oui,Oui,Oui
M11478,Saint-Louis,Rural,8,41.0,H,Aucun,264000.0,175000.0,Oui,Non,Non
M11479,Saint-Louis,Rural,5,34.0,H,Coranique,130000.0,111000.0,Non,Non,Non
M11480,Ziguinchor,Rural,8,46.0,H,Coranique,340000.0,251000.0,Non,Non,Non
M11481,Dakar,Urbain,7,30.0,H,Secondaire,,295000.0,Oui,Non,Oui
M11482,Dakar,Urbain,9,62.0,H,Primaire,419000.0,327000.0,Oui,Oui,Oui
M11483,Louga,Rural,8,49.0,F,Primaire,81000.0,75000.0,Non,Non,Non
M11484,Kaolack,Urbain,5,41.0,H,Secondaire,369000.0,230000.0,Oui,Oui,Non
M11485,Dakar,Urbain,8,31.0,H,Primaire,430000.0,359000.0,Oui,Non,Non
M11486,Dakar,Urbain,5,55.0,F,Coranique,55000.0,46000.0,Oui,Oui,Oui
M11487,Dakar,Urbain,6,53.0,H,Primaire,455000.0,310000.0,Non,Non,Non
M11488,Kaolack,Rural,15,64.0,H,Aucun,117000.0,95000.0,Oui,Non,Non
M11489,Ziguinchor,Urbain,5,65.0,F,Aucun,87000.0,75000.0,Oui,Oui,Non
M11490,Dakar,Urbain,9,43.0,F,Secondaire,854000.0,729000.0,Oui,Oui,Oui
M11491,Thiès,Urbain,7,29.0,H,Supérieur,,342000.0,Oui,Oui,Oui
M11492,Dakar,Urbain,6,38.0,H,Primaire,278000.0,274000.0,Oui,Oui,Non
M11493,Saint-Louis,Urbain,2,44.0,H,Supérieur,213000.0,154000.0,Oui,Oui,Oui
M11494,Dakar,Urbain,7,51.0,F,Coranique,120000.0,71000.0,Oui,Non,Oui
M11495,Dakar,Urbain,10,54.0,H,Secondaire,717000.0,553000.0,Oui,Oui,Oui
M11496,Kaolack,Urbain,8,52.0,F,Coranique,366000.0,250000.0,Oui,Non,Oui
M11497,Tambacounda,Urbain,5,67.0,H,Supérieur,719000.0,674000.0,Oui,Non,Oui
M11498,Thiès,Urbain,6,57.0,H,Primaire,,423000.0,Oui,Oui,Oui
M11499,Diourbel,Urbain,6,86.0,H,Coranique,228000.0,179000.0,Oui,Non,Oui
M11500,Thiès,Rural,11,56.0,F,Coranique,157000.0,151000.0,Oui,Non,Oui
M11501,Diourbel,Urbain,8,,F,Primaire,501000.0,224000.0,Oui,Oui,Oui
M11502,Saint-Louis,Urbain,11,37.0,F,Secondaire,241000.0,173000.0,Oui,Oui,Oui
M11503,Saint-Louis,Rural,10,62.0,F,Coranique,289000.0,228000.0,Non,Oui,Non
M11504,Thiès,Urbain,8,54.0,H,Supérieur,623000.0,416000.0,Oui,Oui,Oui
M11505,Diourbel,Rural,7,43.0,H,Secondaire,365000.0,245000.0,Non,Non,Non
M11506,Thiès,Rural,6,40.0,H,Coranique,208000.0,166000.0,Oui,Non,Oui
M11507,Dakar,Urbain,6,50.0,H,Aucun,165000.0,131000.0,Oui,Non,Oui
M11508,Louga,Urbain,7,54.0,F,Supérieur,601000.0,448000.0,Oui,Oui,Oui
M11509,Ziguinchor,Urbain,8,39.0,H,Aucun,195000.0,122000.0,Oui,Non,Oui
M11510,Diourbel,Urbain,6,46.0,H,Supérieur,1053000.0,854000.0,Oui,Oui,Oui
M11511,Dakar,Urbain,5,59.0,F,Primaire,296000.0,211000.0,Oui,Non,Oui
M11512,Dakar,Urbain,3,37.0,H,Supérieur,,367000.0,Oui,Oui,Oui
M11513,Dakar,Urbain,5,41.0,H,Aucun,159000.0,130000.0,Oui,Oui,Non
M11514,Dakar,Urbain,6,51.0,F,Aucun,307000.0,249000.0,Oui,Oui,Non
M11515,Saint-Louis,Urbain,4,55.0,H,Secondaire,,203000.0,Oui,Non,Oui
M11516,Dakar,Urbain,7,54.0,H,Secondaire,844000.0,764000.0,Oui,Non,Oui
M11517,Tambacounda,Rural,7,56.0,H,Coranique,20000.0,15000.0,Oui,Non,Non
M11518,Louga,Rural,5,47.0,F,Coranique,123000.0,113000.0,Oui,Non,Oui
M11519,Saint-Louis,Urbain,5,48.0,H,Secondaire,,916000.0,Oui,Oui,Non
M11520,Ziguinchor,Urbain,5,32.0,H,Primaire,118000.0,123000.0,Oui,Non,Oui
M11521,Dakar,Urbain,6,37.0,H,Secondaire,239000.0,193000.0,Oui,Oui,Oui
M11522,Louga,Rural,9,38.0,F,Aucun,740000.0,575000.0,Oui,Non,Oui
M11523,Dakar,Urbain,10,32.0,H,Aucun,154000.0,112000.0,Oui,Oui,Non
M11524,Tambacounda,Rural,12,44.0,F,Primaire,254000.0,180000.0,Oui,Non,Non
M11525,Ziguinchor,Urbain,9,49.0,H,Secondaire,252000.0,141000.0,Oui,Oui,Oui
M11526,Louga,Rural,14,63.0,H,Primaire,78000.0,82000.0,Oui,Non,Oui
M11527,Ziguinchor,Rural,9,58.0,H,Primaire,1002000.0,780000.0,Non,Non,Non
M11528,Ziguinchor,Rural,9,58.0,H,Aucun,98000.0,94000.0,Non,Non,Non
M11529,Saint-Louis,Rural,14,77.0,H,Aucun,141000.0,130000.0,Non,Non,Oui
M11530,Ziguinchor,Urbain,3,48.0,F,Secondaire,,139000.0,Oui,Non,Oui
M11531,Dakar,Urbain,6,30.0,F,Primaire,675000.0,633000.0,Oui,Oui,Oui
M11532,Dakar,Urbain,7,44.0,H,Supérieur,485000.0,434000.0,Oui,Oui,Oui
M11533,Thiès,Urbain,8,35.0,F,Coranique,,313000.0,Oui,Oui,Oui
M11534,Dakar,Urbain,6,54.0,H,Aucun,102000.0,77000.0,Oui,Oui,Oui
M11535,Dakar,Urbain,2,53.0,H,Primaire,237000.0,225000.0,Oui,Non,Oui
M11536,Diourbel,Urbain,6,63.0,H,Secondaire,429000.0,339000.0,Oui,Oui,Oui
M11537,Thiès,Rural,8,49.0,F,Aucun,,112000.0,Oui,Non,Non
M11538,Ziguinchor,Urbain,6,67.0,F,Coranique,536000.0,518000.0,Oui,Non,Oui
M11539,Thiès,Urbain,6,64.0,H,Primaire,196000.0,167000.0,Oui,Oui,Oui
M11540,Dakar,Urbain,5,53.0,H,Secondaire,268000.0,233000.0,Oui,Oui,Oui
M11541,Thiès,Rural,4,33.0,H,Aucun,191000.0,181000.0,Oui,Non,Non
M11542,Ziguinchor,Rural,5,67.0,F,Aucun,135000.0,96000.0,Non,Non,Non
M11543,Diourbel,Rural,12,52.0,F,Aucun,62000.0,45000.0,Oui,Non,Non
M11544,Thiès,Urbain,3,56.0,H,Primaire,,198000.0,Oui,Non,Oui
M11545,Ziguinchor,Urbain,8,41.0,H,Secondaire,377000.0,334000.0,Oui,Oui,Oui
M11546,Dakar,Urbain,8,50.0,H,Primaire,221000.0,168000.0,Oui,Non,Oui
M11547,Kaolack,Urbain,8,51.0,H,Aucun,195000.0,198000.0,Oui,Oui,Oui
M11548,Diourbel,Urbain,6,42.0,H,Secondaire,730000.0,556000.0,Oui,Non,Oui
M11549,Louga,Urbain,5,41.0,H,Primaire,156000.0,167000.0,Oui,Non,Non
M11550,Dakar,Rural,13,55.0,F,Coranique,263000.0,194000.0,Oui,Non,Non
M11551,Louga,Rural,7,30.0,F,Aucun,,343000.0,Non,Non,Oui
M11552,Dakar,Urbain,9,39.0,H,Supérieur,,347000.0,Oui,Oui,Oui
M11553,Diourbel,Urbain,5,49.0,H,Secondaire,165000.0,133000.0,Oui,Oui,Oui
M11554,Dakar,Urbain,7,43.0,F,Secondaire,,378000.0,Oui,Oui,Oui
M11555,Dakar,Urbain,6,50.0,F,Secondaire,542000.0,515000.0,Oui,Oui,Non
M11556,Dakar,Urbain,15,44.0,H,Supérieur,594000.0,600000.0,Oui,Oui,Non
M11557,Thiès,Rural,10,57.0,H,Coranique,79000.0,62000.0,Oui,Non,Non
M11558,Ziguinchor,Rural,11,58.0,H,Aucun,55000.0,49000.0,Oui,Oui,Oui
M11559,Ziguinchor,Urbain,7,55.0,H,Primaire,315000.0,284000.0,Oui,Oui,Oui
M11560,Dakar,Urbain,3,34.0,H,Supérieur,,302000.0,Oui,Oui,Oui
M11561,Louga,Urbain,10,57.0,H,Primaire,217000.0,198000.0,Oui,Oui,Oui
M11562,Thiès,Rural,10,52.0,F,Aucun,48000.0,34000.0,Non,Non,Oui
M11563,Diourbel,Urbain,8,49.0,F,Coranique,126000.0,100000.0,Oui,Non,Non
M11564,Saint-Louis,Rural,7,46.0,H,Aucun,120000.0,130000.0,Non,Non,Oui
M11565,Saint-Louis,Urbain,10,55.0,F,Secondaire,398000.0,292000.0,Oui,Oui,Oui
M11566,Thiès,Rural,4,47.0,H,Primaire,159000.0,135000.0,Oui,Non,Non
M11567,Thiès,Urbain,9,42.0,H,Primaire,454000.0,352000.0,Oui,Oui,Oui
M11568,Thiès,Rural,9,40.0,H,Aucun,125000.0,100000.0,Non,Oui,Oui
M11569,Kaolack,Rural,14,,H,Secondaire,217000.0,155000.0,Non,Non,Oui
M11570,Dakar,Urbain,2,35.0,H,Secondaire,310000.0,280000.0,Oui,Oui,Non
M11571,Ziguinchor,Urbain,5,44.0,H,Secondaire,,188000.0,Oui,Non,Oui
M11572,Dakar,Urbain,5,78.0,H,Primaire,521000.0,555000.0,Oui,Non,Oui
M11573,Saint-Louis,Rural,10,49.0,H,Aucun,113000.0,88000.0,Oui,Non,Oui
M11574,Diourbel,Rural,11,48.0,F,Coranique,182000.0,185000.0,Oui,Non,Oui
M11575,Thiès,Urbain,6,68.0,H,Secondaire,224000.0,171000.0,Oui,Oui,Oui
M11576,Diourbel,Urbain,11,32.0,F,Secondaire,284000.0,269000.0,Oui,Non,Oui
M11577,Dakar,Urbain,5,25.0,H,Supérieur,774000.0,559000.0,Non,Non,Oui
M11578,Dakar,Urbain,7,61.0,H,Primaire,184000.0,128000.0,Oui,Non,Oui
M11579,Dakar,Urbain,7,49.0,F,Coranique,325000.0,294000.0,Oui,Oui,Oui
M11580,Thiès,Rural,6,24.0,H,Primaire,130000.0,113000.0,Non,Non,Non
M11581,Diourbel,Urbain,5,61.0,F,Supérieur,534000.0,367000.0,Oui,Oui,Oui
M11582,Diourbel,Urbain,3,31.0,H,Aucun,162000.0,94000.0,Oui,Oui,Non
M11583,Tambacounda,Rural,10,45.0,F,Aucun,136000.0,123000.0,Non,Oui,Oui
M11584,Dakar,Urbain,15,40.0,H,Coranique,158000.0,118000.0,Oui,Oui,Oui
M11585,Dakar,Urbain,8,38.0,F,Primaire,502000.0,484000.0,Oui,Oui,Oui
M11586,Ziguinchor,Rural,6,57.0,H,Coranique,219000.0,170000.0,Oui,Non,Oui
M11587,Kaolack,Rural,14,67.0,H,Aucun,151000.0,106000.0,Non,Oui,Oui
M11588,Louga,Rural,12,53.0,H,Secondaire,260000.0,231000.0,Non,Oui,Non
M11589,Kaolack,Urbain,4,69.0,H,Secondaire,136000.0,100000.0,Oui,Non,Oui
M11590,Dakar,Urbain,6,57.0,F,Supérieur,595000.0,441000.0,Oui,Oui,Oui
M11591,Dakar,Urbain,10,39.0,H,Aucun,111000.0,99000.0,Oui,Non,Oui
M11592,Thiès,Urbain,9,39.0,F,Coranique,380000.0,257000.0,Oui,Oui,Oui
M11593,Diourbel,Urbain,4,46.0,F,Aucun,229000.0,192000.0,Oui,Oui,Oui
M11594,Dakar,Urbain,8,32.0,H,Coranique,567000.0,626000.0,Oui,Oui,Oui
M11595,Thiès,Urbain,7,43.0,H,Coranique,195000.0,160000.0,Oui,Oui,Oui
M11596,Diourbel,Urbain,9,36.0,H,Primaire,221000.0,147000.0,Oui,Non,Oui
M11597,Diourbel,Rural,8,33.0,F,Aucun,182000.0,154000.0,Oui,Non,Oui
M11598,Dakar,Urbain,4,28.0,H,Supérieur,324000.0,261000.0,Oui,Oui,Oui
M11599,Diourbel,Urbain,4,46.0,H,Secondaire,195000.0,157000.0,Oui,Non,Oui
M11600,Louga,Rural,9,44.0,H,Secondaire,73000.0,51000.0,Oui,Non,Oui
M11601,Dakar,Rural,10,38.0,H,Aucun,126000.0,88000.0,Oui,Non,Oui
M11602,Kaolack,Urbain,8,37.0,H,Secondaire,,99000.0,Oui,Non,Oui
M11603,Louga,Rural,8,57.0,F,Primaire,419000.0,273000.0,Non,Non,Non
M11604,Dakar,Urbain,11,60.0,F,Secondaire,344000.0,294000.0,Oui,Oui,Non
M11605,Dakar,Urbain,4,75.0,H,Supérieur,,375000.0,Oui,Oui,Non
M11606,Ziguinchor,Rural,9,60.0,H,Aucun,129000.0,96000.0,Non,Non,Non
M11607,Louga,Urbain,8,45.0,H,Secondaire,209000.0,134000.0,Oui,Oui,Oui
M11608,Dakar,Urbain,4,31.0,H,Coranique,356000.0,268000.0,Oui,Non,Oui
M11609,Ziguinchor,Rural,7,43.0,H,Aucun,103000.0,75000.0,Oui,Non,Oui
M11610,Dakar,Urbain,11,43.0,H,Secondaire,226000.0,131000.0,Oui,Non,Oui
M11611,Kaolack,Urbain,8,39.0,H,Secondaire,322000.0,251000.0,Oui,Oui,Oui
M11612,Louga,Urbain,5,33.0,H,Primaire,272000.0,266000.0,Oui,Oui,Oui
M11613,Thiès,Rural,7,42.0,F,Primaire,200000.0,133000.0,Oui,Non,Non
M11614,Diourbel,Urbain,3,53.0,H,Secondaire,,209000.0,Oui,Oui,Oui
M11615,Tambacounda,Urbain,5,47.0,H,Secondaire,613000.0,392000.0,Oui,Oui,Oui
M11616,Dakar,Urbain,8,78.0,H,Aucun,201000.0,200000.0,Oui,Oui,Oui
M11617,Dakar,Urbain,15,50.0,H,Primaire,577000.0,387000.0,Oui,Oui,Oui
M11618,Dakar,Urbain,5,68.0,H,Aucun,,194000.0,Oui,Oui,Oui
M11619,Dakar,Urbain,11,50.0,F,Supérieur,445000.0,362000.0,Oui,Oui,Oui
M11620,Saint-Louis,Rural,6,40.0,H,Primaire,133000.0,128000.0,Oui,Non,Non
M11621,Dakar,Urbain,4,43.0,H,Aucun,152000.0,135000.0,Oui,Oui,Oui
M11622,Dakar,Urbain,5,60.0,H,Primaire,,313000.0,Oui,Oui,Oui
M11623,Dakar,Urbain,5,31.0,H,Primaire,375000.0,318000.0,Oui,Non,Oui
M11624,Saint-Louis,Rural,8,60.0,H,Primaire,,80000.0,Non,Non,Oui
M11625,Diourbel,Rural,15,41.0,H,Coranique,286000.0,243000.0,Oui,Non,Non
M11626,Thiès,Rural,6,78.0,F,Coranique,81000.0,63000.0,Non,Non,Non
M11627,Saint-Louis,Urbain,9,44.0,F,Secondaire,267000.0,266000.0,Oui,Oui,Non
M11628,Kaolack,Urbain,6,57.0,H,Aucun,,35000.0,Oui,Oui,Oui
M11629,Dakar,Urbain,5,44.0,F,Coranique,302000.0,248000.0,Oui,Non,Oui
M11630,Thiès,Rural,7,41.0,H,Primaire,196000.0,137000.0,Oui,Non,Oui
M11631,Ziguinchor,Rural,15,49.0,F,Primaire,214000.0,127000.0,Non,Non,Non
M11632,Louga,Urbain,9,54.0,H,Secondaire,384000.0,268000.0,Oui,Non,Non
M11633,Dakar,Urbain,9,34.0,F,Coranique,144000.0,152000.0,Oui,Oui,Non
M11634,Thiès,Rural,12,60.0,H,Aucun,74000.0,77000.0,Oui,Non,Non
M11635,Dakar,Urbain,4,33.0,F,Primaire,882000.0,599000.0,Oui,Oui,Oui
M11636,Saint-Louis,Urbain,4,41.0,H,Secondaire,798000.0,807000.0,Oui,Oui,Non
M11637,Dakar,Urbain,2,49.0,F,Primaire,178000.0,149000.0,Oui,Oui,Oui
M11638,Diourbel,Rural,14,49.0,H,Aucun,418000.0,339000.0,Non,Non,Non
M11639,Thiès,Rural,13,43.0,F,Aucun,147000.0,121000.0,Oui,Non,Non
M11640,Thiès,Urbain,4,39.0,F,Primaire,361000.0,258000.0,Non,Oui,Non
M11641,Thiès,Rural,15,56.0,H,Primaire,316000.0,276000.0,Non,Non,Non
M11642,Dakar,Urbain,3,40.0,F,Secondaire,347000.0,286000.0,Oui,Oui,Oui
M11643,Diourbel,Urbain,7,36.0,F,Aucun,121000.0,96000.0,Oui,Oui,Non
M11644,Dakar,Urbain,3,69.0,H,Coranique,142000.0,129000.0,Oui,Non,Oui
M11645,Thiès,Rural,3,60.0,H,Primaire,430000.0,358000.0,Non,Oui,Oui
M11646,Dakar,Urbain,7,44.0,H,Primaire,480000.0,462000.0,Oui,Non,Oui
M11647,Diourbel,Rural,7,44.0,H,Secondaire,157000.0,95000.0,Non,Oui,Oui
M11648,Dakar,Urbain,99,51.0,H,Secondaire,,294000.0,Oui,Oui,Oui
M11649,Ziguinchor,Rural,7,49.0,H,Primaire,322000.0,186000.0,Oui,Non,Oui
M11650,Thiès,Rural,8,38.0,H,Aucun,114000.0,101000.0,Non,Non,Non
M11651,Dakar,Urbain,8,54.0,H,Supérieur,,584000.0,Oui,Oui,Oui
M11652,Diourbel,Rural,8,24.0,H,Supérieur,643000.0,426000.0,Oui,Non,Oui
M11653,Dakar,Urbain,12,54.0,H,Supérieur,320000.0,253000.0,Oui,Oui,Non
M11654,Thiès,Rural,7,56.0,H,Aucun,92000.0,84000.0,Non,Oui,Non
M11655,Dakar,Urbain,9,55.0,H,Aucun,195000.0,130000.0,Oui,Oui,Oui
M11656,Saint-Louis,Rural,2,55.0,H,Aucun,99000.0,73000.0,Non,Non,Oui
M11657,Thiès,Rural,8,62.0,F,Aucun,299000.0,277000.0,Oui,Non,Oui
M11658,Ziguinchor,Rural,9,58.0,H,Aucun,111000.0,78000.0,Oui,Non,Oui
M11659,Diourbel,Rural,10,43.0,H,Coranique,460000.0,451000.0,Non,Non,Oui
M11660,Kaolack,Urbain,6,53.0,H,Coranique,351000.0,303000.0,Oui,Oui,Oui
M11661,Tambacounda,Urbain,10,43.0,H,Primaire,93000.0,97000.0,Oui,Non,Oui
M11662,Diourbel,Rural,7,41.0,F,Secondaire,746000.0,488000.0,Non,Oui,Non
M11663,Tambacounda,Rural,12,37.0,H,Coranique,,186000.0,Non,Oui,Non
M11664,Dakar,Urbain,5,,H,Supérieur,,386000.0,Oui,Oui,Oui
M11665,Kaolack,Rural,9,47.0,H,Coranique,240000.0,233000.0,Non,Non,Oui
M11666,Diourbel,Rural,8,35.0,H,Primaire,562000.0,494000.0,Oui,Non,Oui
M11667,Dakar,Urbain,8,52.0,H,Aucun,329000.0,332000.0,Oui,Oui,Non
M11668,Dakar,Urbain,3,59.0,H,Aucun,262000.0,174000.0,Oui,Oui,Oui
M11669,Dakar,Urbain,8,30.0,H,Secondaire,368000.0,249000.0,Oui,Non,Oui
M11670,Dakar,Urbain,7,35.0,F,Secondaire,,668000.0,Oui,Oui,Non
M11671,Dakar,Urbain,2,49.0,H,Secondaire,649000.0,446000.0,Oui,Non,Oui
M11672,Thiès,Rural,15,39.0,H,Primaire,239000.0,194000.0,Non,Oui,Non
M11673,Dakar,Urbain,6,44.0,H,Secondaire,390000.0,430000.0,Oui,Non,Oui
M11674,Tambacounda,Rural,6,43.0,H,Coranique,161000.0,144000.0,Oui,Non,Non
M11675,Dakar,Urbain,7,41.0,F,Secondaire,405000.0,341000.0,Oui,Oui,Oui
M11676,Diourbel,Urbain,8,60.0,F,Supérieur,474000.0,469000.0,Oui,Oui,Oui
M11677,Tambacounda,Rural,10,,F,Aucun,160000.0,140000.0,Oui,Non,Oui
M11678,Diourbel,Rural,5,60.0,H,Coranique,91000.0,84000.0,Non,Non,Oui
M11679,Louga,Urbain,3,39.0,H,Secondaire,143000.0,108000.0,Oui,Oui,Non
M11680,Dakar,Urbain,10,40.0,H,Primaire,342000.0,310000.0,Oui,Non,Oui
M11681,Louga,Urbain,4,53.0,H,Aucun,670000.0,594000.0,Oui,Oui,Oui
M11682,Dakar,Urbain,14,55.0,H,Aucun,144000.0,124000.0,Non,Non,Oui
M11683,Kaolack,Rural,11,52.0,F,Coranique,141000.0,113000.0,Oui,Non,Oui
M11684,Dakar,Urbain,3,45.0,F,Primaire,167000.0,135000.0,Oui,Oui,Oui
M11685,Dakar,Urbain,8,52.0,H,Aucun,226000.0,194000.0,Oui,Non,Oui
M11686,Tambacounda,Rural,5,65.0,H,Coranique,111000.0,87000.0,Non,Non,Non
M11687,Ziguinchor,Urbain,12,42.0,F,Coranique,387000.0,352000.0,Oui,Non,Oui
M11688,Diourbel,Rural,6,66.0,H,Aucun,199000.0,166000.0,Non,Oui,Oui
M11689,Saint-Louis,Rural,7,,F,Coranique,112000.0,105000.0,Oui,Non,Non
M11690,Dakar,Urbain,5,,H,Supérieur,540000.0,378000.0,Oui,Oui,Non
M11691,Ziguinchor,Rural,12,40.0,F,Coranique,151000.0,137000.0,Oui,Non,Non
M11692,Ziguinchor,Urbain,4,49.0,H,Secondaire,554000.0,521000.0,Oui,Non,Oui
M11693,Diourbel,Rural,99,48.0,H,Aucun,202000.0,173000.0,Non,Non,Oui
M11694,Dakar,Urbain,9,62.0,H,Aucun,,360000.0,Oui,Oui,Oui
M11695,Diourbel,Rural,13,48.0,H,Aucun,90000.0,70000.0,Non,Non,Oui
M11696,Dakar,Urbain,9,48.0,H,Secondaire,127000.0,92000.0,Oui,Oui,Oui
M11697,Ziguinchor,Rural,8,54.0,H,Secondaire,256000.0,205000.0,Non,Oui,Oui
M11698,Diourbel,Rural,6,51.0,H,Coranique,373000.0,306000.0,Non,Non,Oui
M11699,Tambacounda,Urbain,8,37.0,H,Secondaire,483000.0,512000.0,Oui,Non,Non
M11700,Tambacounda,Rural,10,45.0,H,Coranique,,217000.0,Oui,Non,Non
M11701,Dakar,Urbain,10,68.0,H,Aucun,149000.0,122000.0,Oui,Oui,Oui
M11702,Diourbel,Rural,14,75.0,H,Aucun,121000.0,96000.0,Oui,Non,Non
M11703,Ziguinchor,Rural,12,37.0,H,Primaire,143000.0,98000.0,Non,Oui,Non
M11704,Tambacounda,Urbain,6,44.0,F,Secondaire,,66000.0,Oui,Oui,Non
M11705,Diourbel,Urbain,4,22.0,H,Secondaire,467000.0,433000.0,Oui,Oui,Oui
M11706,Kaolack,Rural,15,74.0,F,Secondaire,346000.0,263000.0,Non,Non,Non
M11707,Dakar,Rural,8,37.0,H,Coranique,107000.0,69000.0,Non,Non,Non
M11708,Thiès,Urbain,5,26.0,H,Supérieur,314000.0,218000.0,Oui,Oui,Oui
M11709,Saint-Louis,Urbain,8,51.0,H,Supérieur,454000.0,433000.0,Oui,Oui,Oui
M11710,Kaolack,Rural,8,42.0,H,Aucun,279000.0,298000.0,Oui,Non,Non
M11711,Tambacounda,Urbain,3,53.0,H,Aucun,294000.0,261000.0,Oui,Non,Oui
M11712,Dakar,Urbain,2,81.0,F,Aucun,323000.0,305000.0,Oui,Non,Non
M11713,Dakar,Urbain,3,56.0,H,Secondaire,272000.0,193000.0,Oui,Oui,Oui
M11714,Saint-Louis,Rural,7,45.0,F,Coranique,338000.0,265000.0,Oui,Non,Non
M11715,Dakar,Urbain,4,67.0,H,Aucun,288000.0,234000.0,Oui,Oui,Oui
M11716,Kaolack,Rural,4,43.0,H,Aucun,48000.0,36000.0,Oui,Non,Non
M11717,Dakar,Urbain,12,64.0,H,Aucun,290000.0,285000.0,Oui,Oui,Oui
M11718,Tambacounda,Rural,9,62.0,H,Aucun,,69000.0,Non,Non,Non
M11719,Thiès,Rural,6,53.0,H,Primaire,156000.0,93000.0,Non,Oui,Non
M11720,Tambacounda,Urbain,99,44.0,H,Primaire,318000.0,247000.0,Oui,Oui,Oui
M11721,Dakar,Urbain,5,22.0,H,Supérieur,978000.0,885000.0,Oui,Oui,Oui
M11722,Dakar,Urbain,5,51.0,H,Aucun,,189000.0,Oui,Oui,Oui
M11723,Ziguinchor,Rural,4,50.0,F,Secondaire,158000.0,126000.0,Non,Non,Non
M11724,Kaolack,Rural,4,56.0,F,Coranique,155000.0,111000.0,Oui,Non,Non
M11725,Dakar,Urbain,5,41.0,H,Primaire,,126000.0,Oui,Oui,Oui
M11726,Kaolack,Rural,11,51.0,H,Coranique,184000.0,152000.0,Oui,Non,Non
M11727,Dakar,Urbain,10,46.0,H,Primaire,151000.0,124000.0,Oui,Oui,Oui
M11728,Louga,Urbain,8,57.0,H,Primaire,394000.0,402000.0,Oui,Oui,Oui
M11729,Louga,Rural,10,46.0,H,Supérieur,982000.0,756000.0,Oui,Oui,Non
M11730,Diourbel,Rural,8,33.0,H,Aucun,123000.0,87000.0,Non,Non,Oui
M11731,Diourbel,Rural,6,57.0,H,Aucun,,210000.0,Non,Non,Oui
M11732,Ziguinchor,Rural,10,34.0,F,Coranique,196000.0,147000.0,Non,Non,Non
M11733,Ziguinchor,Rural,8,56.0,H,Aucun,295000.0,258000.0,Oui,Non,Non
M11734,Dakar,Urbain,8,53.0,F,Primaire,206000.0,162000.0,Oui,Non,Oui
M11735,Diourbel,Rural,9,49.0,F,Primaire,151000.0,145000.0,Oui,Oui,Non
M11736,Dakar,Urbain,8,39.0,F,Primaire,278000.0,273000.0,Oui,Oui,Non
M11737,Dakar,Urbain,6,67.0,F,Supérieur,609000.0,559000.0,Oui,Oui,Oui
M11738,Dakar,Urbain,4,36.0,F,Aucun,121000.0,72000.0,Non,Non,Non
M11739,Diourbel,Rural,13,62.0,H,Secondaire,392000.0,357000.0,Oui,Oui,Non
M11740,Diourbel,Rural,22,61.0,F,Primaire,388000.0,379000.0,Non,Non,Oui
M11741,Tambacounda,Urbain,10,58.0,H,Aucun,231000.0,176000.0,Oui,Oui,Oui
M11742,Thiès,Rural,9,59.0,F,Coranique,167000.0,144000.0,Oui,Non,Non
M11743,Dakar,Urbain,9,45.0,H,Primaire,,292000.0,Oui,Non,Oui
M11744,Kaolack,Urbain,6,47.0,H,Primaire,,413000.0,Oui,Oui,Oui
M11745,Ziguinchor,Rural,16,39.0,F,Aucun,248000.0,207000.0,Non,Non,Non
M11746,Saint-Louis,Rural,8,56.0,F,Primaire,282000.0,215000.0,Non,Non,Oui
M11747,Ziguinchor,Urbain,5,46.0,H,Primaire,316000.0,194000.0,Oui,Non,Oui
M11748,Saint-Louis,Urbain,9,39.0,H,Primaire,408000.0,279000.0,Oui,Oui,Non
M11749,Saint-Louis,Rural,6,42.0,H,Primaire,185000.0,169000.0,Non,Non,Non
M11750,Ziguinchor,Rural,11,47.0,H,Coranique,263000.0,193000.0,Oui,Non,Non
M11751,Dakar,Urbain,5,33.0,H,Coranique,,327000.0,Oui,Oui,Oui
M11752,Dakar,Urbain,4,49.0,H,Primaire,168000.0,160000.0,Oui,Oui,Oui
M11753,Saint-Louis,Urbain,8,45.0,F,Secondaire,738000.0,467000.0,Oui,Non,Non
M11754,Ziguinchor,Urbain,5,44.0,H,Primaire,368000.0,284000.0,Oui,Non,Oui
M11755,Dakar,Urbain,9,39.0,H,Secondaire,484000.0,362000.0,Oui,Oui,Oui
M11756,Dakar,Rural,13,53.0,H,Primaire,,278000.0,Oui,Oui,Non
M11757,Saint-Louis,Urbain,9,47.0,H,Coranique,232000.0,212000.0,Oui,Non,Oui
M11758,Dakar,Urbain,5,64.0,H,Secondaire,471000.0,444000.0,Oui,Oui,Oui
M11759,Diourbel,Urbain,8,29.0,H,Coranique,,155000.0,Oui,Oui,Oui
M11760,Dakar,Urbain,9,44.0,H,Secondaire,206000.0,162000.0,Oui,Oui,Oui
M11761,Dakar,Urbain,7,71.0,H,Supérieur,1577000.0,1299000.0,Oui,Non,Oui
M11762,Thiès,Rural,9,33.0,H,Aucun,122000.0,102000.0,Oui,Non,Oui
M11763,Tambacounda,Urbain,7,44.0,F,Secondaire,,276000.0,Oui,Oui,Oui
M11764,Thiès,Rural,7,51.0,H,Coranique,306000.0,226000.0,Non,Non,Oui
M11765,Kaolack,Rural,8,36.0,H,Primaire,198000.0,177000.0,Non,Non,Oui
M11766,Thiès,Rural,7,69.0,H,Aucun,260000.0,272000.0,Oui,Non,Oui
M11767,Louga,Rural,10,41.0,F,Aucun,114000.0,83000.0,Oui,Non,Oui
M11768,Dakar,Urbain,10,58.0,F,Primaire,241000.0,235000.0,Oui,Oui,Oui
M11769,Dakar,Urbain,7,39.0,H,Primaire,420000.0,334000.0,Oui,Oui,Oui
M11770,Thiès,Rural,9,69.0,H,Aucun,116000.0,79000.0,Oui,Non,Oui
M11771,Tambacounda,Rural,11,32.0,F,Coranique,200000.0,173000.0,Non,Non,Oui
M11772,Dakar,Urbain,6,31.0,H,Secondaire,277000.0,330000.0,Oui,Oui,Oui
M11773,Dakar,Urbain,10,38.0,H,Aucun,379000.0,333000.0,Oui,Oui,Oui
M11774,Thiès,Urbain,6,73.0,F,Secondaire,158000.0,88000.0,Oui,Oui,Oui
M11775,Dakar,Urbain,2,31.0,H,Secondaire,163000.0,136000.0,Oui,Oui,Oui
M11776,Louga,Urbain,6,58.0,F,Supérieur,679000.0,373000.0,Oui,Oui,Non
M11777,Louga,Urbain,5,26.0,H,Supérieur,1110000.0,694000.0,Oui,Oui,Oui
M11778,Saint-Louis,Urbain,4,36.0,F,Secondaire,337000.0,206000.0,Oui,Oui,Oui
M11779,Dakar,Urbain,6,39.0,H,Primaire,197000.0,148000.0,Oui,Non,Non
M11780,Thiès,Urbain,6,37.0,H,Secondaire,452000.0,400000.0,Oui,Oui,Oui
M11781,Saint-Louis,Urbain,4,39.0,H,Secondaire,631000.0,601000.0,Non,Non,Oui
M11782,Saint-Louis,Rural,7,38.0,H,Primaire,333000.0,273000.0,Non,Non,Non
M11783,Saint-Louis,Urbain,9,39.0,H,Coranique,386000.0,188000.0,Oui,Oui,Oui
M11784,Dakar,Urbain,16,38.0,F,Primaire,327000.0,341000.0,Oui,Non,Non
M11785,Thiès,Urbain,6,38.0,H,Secondaire,251000.0,218000.0,Oui,Oui,Non
M11786,Diourbel,Urbain,14,39.0,F,Coranique,138000.0,128000.0,Oui,Oui,Non
M11787,Dakar,Urbain,5,65.0,H,Primaire,128000.0,97000.0,Oui,Non,Oui
M11788,Thiès,Rural,9,31.0,H,Supérieur,317000.0,266000.0,Non,Oui,Oui
M11789,Dakar,Urbain,4,44.0,F,Aucun,228000.0,192000.0,Oui,Non,Oui
M11790,Thiès,Urbain,6,57.0,H,Primaire,309000.0,341000.0,Oui,Oui,Non
M11791,Dakar,Urbain,4,73.0,H,Secondaire,175000.0,105000.0,Oui,Oui,Non
M11792,Louga,Rural,12,48.0,H,Primaire,188000.0,112000.0,Non,Oui,Oui
M11793,Dakar,Urbain,7,49.0,F,Primaire,210000.0,183000.0,Oui,Oui,Oui
M11794,Diourbel,Rural,8,46.0,H,Aucun,60000.0,40000.0,Non,Non,Non
M11795,Louga,Urbain,7,47.0,H,Primaire,228000.0,155000.0,Oui,Oui,Non
M11796,Diourbel,Rural,9,54.0,H,Aucun,146000.0,107000.0,Non,Non,Oui
M11797,Diourbel,Rural,10,48.0,H,Aucun,156000.0,123000.0,Non,Non,Oui
M11798,Kaolack,Urbain,10,70.0,H,Aucun,,119000.0,Oui,Non,Oui
M11799,Louga,Urbain,8,28.0,H,Aucun,76000.0,74000.0,Oui,Non,Oui
M11800,Dakar,Urbain,3,63.0,H,Aucun,167000.0,144000.0,Oui,Oui,Non
M11801,Louga,Urbain,3,55.0,H,Primaire,143000.0,104000.0,Oui,Non,Non
M11802,Thiès,Rural,14,71.0,H,Primaire,171000.0,138000.0,Oui,Non,Oui
M11803,Saint-Louis,Rural,14,,H,Aucun,225000.0,179000.0,Non,Non,Non
M11804,Saint-Louis,Urbain,7,59.0,F,Secondaire,195000.0,158000.0,Oui,Non,Oui
M11805,Thiès,Urbain,6,20.0,H,Coranique,105000.0,93000.0,Oui,Non,Oui
M11806,Tambacounda,Rural,4,55.0,H,Primaire,75000.0,51000.0,Non,Non,Non
M11807,Dakar,Urbain,6,58.0,H,Coranique,263000.0,231000.0,Oui,Non,Oui
M11808,Dakar,Urbain,6,59.0,F,Aucun,474000.0,362000.0,Oui,Oui,Oui
M11809,Dakar,Urbain,8,37.0,H,Primaire,592000.0,517000.0,Oui,Non,Oui
M11810,Thiès,Rural,9,47.0,H,Aucun,81000.0,58000.0,Oui,Oui,Non
M11811,Thiès,Urbain,4,55.0,H,Aucun,147000.0,90000.0,Oui,Oui,Oui
M11812,Louga,Rural,11,48.0,H,Primaire,288000.0,182000.0,Oui,Non,Non
M11813,Thiès,Rural,6,36.0,H,Aucun,162000.0,157000.0,Oui,Oui,Non
M11814,Dakar,Urbain,16,51.0,H,Secondaire,630000.0,513000.0,Oui,Oui,Non
M11815,Thiès,Rural,5,29.0,H,Aucun,112000.0,94000.0,Oui,Non,Non
M11816,Kaolack,Rural,8,55.0,H,Primaire,451000.0,312000.0,Oui,Oui,Non
M11817,Diourbel,Rural,14,61.0,H,Aucun,278000.0,239000.0,Non,Oui,Non
M11818,Kaolack,Urbain,4,23.0,F,Secondaire,186000.0,150000.0,Oui,Oui,Oui
M11819,Tambacounda,Rural,10,27.0,H,Primaire,239000.0,203000.0,Oui,Non,Oui
M11820,Thiès,Rural,11,34.0,H,Coranique,239000.0,243000.0,Non,Non,Non
M11821,Kaolack,Urbain,10,55.0,F,Primaire,373000.0,338000.0,Oui,Oui,Oui
M11822,Kaolack,Urbain,7,45.0,F,Aucun,308000.0,286000.0,Oui,Non,Non
M11823,Louga,Rural,7,50.0,H,Coranique,99000.0,73000.0,Non,Non,Non
M11824,Kaolack,Rural,11,41.0,H,Secondaire,301000.0,290000.0,Non,Oui,Oui
M11825,Saint-Louis,Rural,10,,F,Aucun,244000.0,178000.0,Non,Non,Non
M11826,Saint-Louis,Rural,10,52.0,H,Aucun,178000.0,184000.0,Oui,Non,Non
M11827,Diourbel,Rural,10,49.0,H,Aucun,108000.0,103000.0,Oui,Non,Non
M11828,Dakar,Urbain,6,47.0,H,Aucun,444000.0,444000.0,Oui,Oui,Oui
M11829,Dakar,Urbain,7,67.0,F,Secondaire,250000.0,251000.0,Oui,Oui,Oui
M11830,Ziguinchor,Rural,7,,H,Aucun,56000.0,38000.0,Non,Non,Oui
M11831,Thiès,Urbain,7,49.0,H,Aucun,105000.0,80000.0,Oui,Oui,Oui
M11832,Tambacounda,Rural,7,61.0,H,Aucun,169000.0,134000.0,Oui,Non,Non
M11833,Dakar,Urbain,4,37.0,H,Primaire,118000.0,126000.0,Oui,Oui,Oui
M11834,Thiès,Rural,9,37.0,F,Aucun,184000.0,175000.0,Oui,Non,Non
M11835,Dakar,Urbain,13,34.0,H,Aucun,283000.0,206000.0,Oui,Non,Oui
M11836,Thiès,Urbain,12,52.0,H,Primaire,232000.0,201000.0,Oui,Non,Non
M11837,Thiès,Urbain,9,63.0,H,Aucun,453000.0,395000.0,Oui,Non,Non
M11838,Saint-Louis,Rural,6,48.0,H,Supérieur,148000.0,97000.0,Oui,Oui,Oui
M11839,Dakar,Urbain,99,51.0,F,Coranique,449000.0,353000.0,Oui,Oui,Non
M11840,Diourbel,Urbain,6,50.0,H,Secondaire,393000.0,243000.0,Oui,Oui,Oui
M11841,Thiès,Rural,9,24.0,F,Coranique,331000.0,228000.0,Oui,Non,Non
M11842,Thiès,Urbain,8,40.0,H,Aucun,172000.0,132000.0,Oui,Non,Oui
M11843,Ziguinchor,Urbain,5,26.0,H,Coranique,295000.0,260000.0,Oui,Oui,Oui
M11844,Dakar,Urbain,6,54.0,H,Primaire,124000.0,61000.0,Oui,Non,Oui
M11845,Saint-Louis,Rural,11,56.0,H,Coranique,215000.0,206000.0,Oui,Non,Non
M11846,Dakar,Rural,10,20.0,H,Coranique,141000.0,141000.0,Non,Non,Non
M11847,Dakar,Urbain,8,26.0,H,Supérieur,,992000.0,Oui,Non,Oui
M11848,Tambacounda,Rural,13,59.0,H,Coranique,271000.0,215000.0,Non,Non,Non
M11849,Dakar,Urbain,7,61.0,H,Coranique,,414000.0,Oui,Oui,Oui
M11850,Tambacounda,Urbain,7,,H,Coranique,268000.0,241000.0,Oui,Non,Non
M11851,Ziguinchor,Rural,12,54.0,H,Aucun,70000.0,57000.0,Oui,Non,Non
M11852,Dakar,Urbain,3,43.0,F,Primaire,130000.0,98000.0,Oui,Non,Oui
M11853,Louga,Rural,7,30.0,F,Coranique,74000.0,61000.0,Non,Oui,Non
M11854,Saint-Louis,Rural,7,62.0,H,Coranique,98000.0,76000.0,Non,Oui,Non
M11855,Diourbel,Urbain,4,66.0,H,Secondaire,2220000.0,1865000.0,Oui,Non,Non
M11856,Louga,Rural,12,53.0,H,Coranique,152000.0,147000.0,Oui,Non,Oui
M11857,Tambacounda,Urbain,7,46.0,H,Primaire,139000.0,116000.0,Oui,Non,Oui
M11858,Louga,Rural,6,54.0,F,Aucun,166000.0,131000.0,Oui,Oui,Oui
M11859,Dakar,Urbain,2,39.0,H,Secondaire,687000.0,470000.0,Oui,Non,Oui
M11860,Dakar,Urbain,4,43.0,H,Supérieur,604000.0,459000.0,Oui,Oui,Oui
M11861,Kaolack,Urbain,4,25.0,H,Primaire,,107000.0,Oui,Non,Oui
M11862,Dakar,Urbain,4,21.0,H,Primaire,393000.0,337000.0,Oui,Non,Oui
M11863,Kaolack,Rural,8,26.0,F,Coranique,86000.0,75000.0,Oui,Non,Oui
M11864,Ziguinchor,Rural,15,53.0,H,Primaire,166000.0,157000.0,Oui,Oui,Non
M11865,Saint-Louis,Urbain,9,40.0,H,Coranique,332000.0,269000.0,Oui,Oui,Oui
M11866,Ziguinchor,Rural,8,22.0,H,Coranique,255000.0,197000.0,Oui,Non,Non
M11867,Thiès,Rural,9,37.0,H,Aucun,311000.0,211000.0,Oui,Non,Non
M11868,Dakar,Urbain,5,45.0,H,Primaire,138000.0,95000.0,Oui,Oui,Oui
M11869,Thiès,Rural,7,42.0,H,Aucun,97000.0,86000.0,Non,Non,Non
M11870,Diourbel,Rural,7,48.0,H,Coranique,105000.0,103000.0,Oui,Oui,Oui
M11871,Ziguinchor,Urbain,9,65.0,H,Secondaire,733000.0,502000.0,Oui,Non,Oui
M11872,Dakar,Urbain,6,56.0,H,Primaire,452000.0,310000.0,Oui,Non,Oui
M11873,Diourbel,Rural,9,70.0,F,Aucun,95000.0,82000.0,Non,Non,Oui
M11874,Thiès,Rural,14,71.0,H,Primaire,182000.0,144000.0,Non,Oui,Oui
M11875,Dakar,Urbain,9,29.0,H,Secondaire,1252000.0,1032000.0,Oui,Non,Non
M11876,Diourbel,Rural,10,57.0,F,Secondaire,161000.0,122000.0,Oui,Oui,Non
M11877,Louga,Urbain,8,60.0,H,Secondaire,,311000.0,Oui,Oui,Oui
M11878,Dakar,Urbain,10,60.0,H,Supérieur,265000.0,145000.0,Oui,Oui,Oui
M11879,Dakar,Urbain,4,59.0,H,Secondaire,,133000.0,Oui,Oui,Oui
M11880,Kaolack,Rural,7,54.0,H,Primaire,152000.0,101000.0,Oui,Oui,Oui
M11881,Saint-Louis,Urbain,7,61.0,F,Secondaire,297000.0,330000.0,Oui,Oui,Oui
M11882,Kaolack,Rural,11,50.0,F,Aucun,74000.0,78000.0,Oui,Non,Non
M11883,Ziguinchor,Rural,9,42.0,H,Aucun,176000.0,141000.0,Oui,Non,Non
M11884,Louga,Urbain,3,66.0,H,Aucun,222000.0,193000.0,Oui,Oui,Oui
M11885,Ziguinchor,Rural,12,53.0,H,Coranique,175000.0,159000.0,Non,Oui,Oui
M11886,Dakar,Rural,5,53.0,H,Primaire,212000.0,173000.0,Oui,Non,Oui
M11887,Saint-Louis,Urbain,8,56.0,F,Secondaire,330000.0,311000.0,Oui,Oui,Oui
M11888,Dakar,Urbain,14,41.0,F,Aucun,,251000.0,Oui,Non,Oui
M11889,Thiès,Rural,8,58.0,F,Aucun,129000.0,120000.0,Oui,Non,Oui
M11890,Kaolack,Rural,8,64.0,H,Secondaire,,115000.0,Non,Oui,Non
M11891,Thiès,Urbain,5,52.0,H,Secondaire,255000.0,189000.0,Oui,Oui,Non
M11892,Saint-Louis,Urbain,6,34.0,H,Coranique,306000.0,244000.0,Oui,Non,Oui
M11893,Tambacounda,Rural,9,39.0,H,Aucun,93000.0,82000.0,Oui,Non,Oui
M11894,Thiès,Urbain,10,55.0,H,Secondaire,,68000.0,Oui,Non,Oui
M11895,Thiès,Rural,12,40.0,H,Primaire,151000.0,151000.0,Non,Non,Oui
M11896,Thiès,Rural,10,32.0,H,Coranique,134000.0,130000.0,Non,Non,Non
M11897,Saint-Louis,Urbain,6,47.0,H,Secondaire,1357000.0,1333000.0,Oui,Oui,Oui
M11898,Dakar,Urbain,9,54.0,H,Primaire,173000.0,140000.0,Oui,Non,Oui
M11899,Kaolack,Urbain,8,57.0,H,Aucun,533000.0,386000.0,Oui,Oui,Oui
M11900,Louga,Rural,13,35.0,F,Coranique,52000.0,36000.0,Non,Non,Oui
M11901,Kaolack,Rural,13,63.0,H,Secondaire,233000.0,200000.0,Oui,Non,Non
M11902,Kaolack,Urbain,7,31.0,F,Primaire,172000.0,133000.0,Oui,Oui,Oui
M11903,Diourbel,Rural,11,20.0,H,Aucun,272000.0,183000.0,Oui,Non,Oui
M11904,Kaolack,Rural,12,47.0,H,Aucun,183000.0,157000.0,Non,Oui,Non
M11905,Dakar,Urbain,8,45.0,H,Secondaire,351000.0,273000.0,Oui,Oui,Oui
M11906,Thiès,Rural,12,58.0,H,Aucun,176000.0,151000.0,Oui,Oui,Non
M11907,Diourbel,Rural,13,40.0,F,Aucun,95000.0,73000.0,Non,Non,Non
M11908,Thiès,Rural,3,58.0,H,Aucun,274000.0,230000.0,Oui,Non,Non
M11909,Saint-Louis,Rural,15,49.0,H,Secondaire,138000.0,121000.0,Oui,Non,Oui
M11910,Thiès,Urbain,9,53.0,H,Aucun,145000.0,129000.0,Oui,Non,Oui
M11911,Diourbel,Urbain,7,55.0,F,Primaire,312000.0,270000.0,Oui,Non,Non
M11912,Saint-Louis,Urbain,3,62.0,H,Coranique,195000.0,160000.0,Oui,Non,Non
M11913,Saint-Louis,Rural,11,76.0,F,Aucun,196000.0,128000.0,Non,Non,Oui
M11914,Thiès,Urbain,9,34.0,H,Primaire,203000.0,146000.0,Oui,Oui,Oui
M11915,Tambacounda,Rural,6,57.0,H,Aucun,137000.0,144000.0,Non,Non,Oui
M11916,Tambacounda,Urbain,6,21.0,F,Secondaire,90000.0,72000.0,Oui,Oui,Oui
M11917,Saint-Louis,Urbain,5,50.0,H,Secondaire,213000.0,133000.0,Oui,Oui,Non
M11918,Dakar,Urbain,7,55.0,H,Primaire,205000.0,174000.0,Oui,Oui,Oui
M11919,Thiès,Rural,11,64.0,H,Primaire,213000.0,187000.0,Oui,Non,Oui
M11920,Thiès,Rural,5,41.0,H,Aucun,142000.0,115000.0,Oui,Non,Oui
M11921,Thiès,Urbain,13,60.0,F,Primaire,427000.0,371000.0,Oui,Non,Oui
M11922,Dakar,Urbain,10,24.0,H,Secondaire,867000.0,701000.0,Oui,Oui,Oui
M11923,Saint-Louis,Rural,4,34.0,H,Coranique,105000.0,104000.0,Oui,Non,Non
M11924,Kaolack,Urbain,10,56.0,H,Coranique,183000.0,144000.0,Oui,Non,Oui
M11925,Thiès,Rural,13,54.0,H,Aucun,183000.0,156000.0,Oui,Non,Oui
M11926,Kaolack,Rural,11,65.0,H,Coranique,169000.0,97000.0,Oui,Non,Non
M11927,Dakar,Urbain,11,44.0,H,Secondaire,231000.0,224000.0,Oui,Oui,Oui
M11928,Kaolack,Urbain,7,51.0,F,Supérieur,191000.0,153000.0,Oui,Oui,Oui
M11929,Kaolack,Rural,8,30.0,H,Primaire,370000.0,284000.0,Oui,Non,Non
M11930,Dakar,Urbain,8,53.0,H,Primaire,188000.0,171000.0,Oui,Oui,Oui
M11931,Tambacounda,Urbain,9,32.0,H,Aucun,394000.0,352000.0,Oui,Oui,Oui
M11932,Louga,Rural,10,54.0,F,Secondaire,156000.0,111000.0,Oui,Non,Non
M11933,Ziguinchor,Urbain,5,21.0,H,Aucun,,116000.0,Oui,Non,Oui
M11934,Diourbel,Urbain,7,39.0,H,Secondaire,237000.0,152000.0,Oui,Oui,Oui
M11935,Dakar,Urbain,4,36.0,H,Coranique,320000.0,248000.0,Oui,Non,Non
M11936,Tambacounda,Rural,13,33.0,H,Secondaire,201000.0,209000.0,Oui,Non,Non
M11937,Kaolack,Rural,10,72.0,H,Supérieur,367000.0,318000.0,Non,Oui,Non
M11938,Tambacounda,Rural,9,62.0,H,Aucun,204000.0,162000.0,Non,Non,Non
M11939,Ziguinchor,Urbain,6,49.0,H,Secondaire,513000.0,430000.0,Oui,Oui,Oui
M11940,Dakar,Urbain,5,61.0,F,Primaire,372000.0,336000.0,Oui,Oui,Oui
M11941,Thiès,Urbain,8,34.0,H,Primaire,614000.0,349000.0,Oui,Non,Oui
M11942,Dakar,Urbain,6,64.0,F,Supérieur,191000.0,139000.0,Oui,Oui,Oui
M11943,Thiès,Rural,12,37.0,H,Aucun,181000.0,207000.0,Oui,Non,Oui
M11944,Saint-Louis,Rural,10,32.0,H,Coranique,253000.0,200000.0,Non,Non,Non
M11945,Thiès,Rural,11,50.0,F,Aucun,70000.0,48000.0,Non,Non,Non
M11946,Thiès,Rural,10,20.0,H,Coranique,152000.0,84000.0,Non,Oui,Non
M11947,Kaolack,Urbain,6,35.0,F,Secondaire,259000.0,254000.0,Oui,Non,Oui
M11948,Thiès,Urbain,6,33.0,H,Supérieur,,311000.0,Oui,Oui,Oui
M11949,Ziguinchor,Urbain,4,37.0,H,Primaire,,371000.0,Oui,Oui,Oui
M11950,Diourbel,Rural,4,51.0,H,Coranique,89000.0,52000.0,Oui,Non,Oui
M11951,Saint-Louis,Urbain,9,58.0,F,Supérieur,1174000.0,807000.0,Oui,Oui,Oui
M11952,Dakar,Urbain,5,48.0,F,Supérieur,,540000.0,Oui,Non,Oui
M11953,Ziguinchor,Urbain,6,30.0,F,Supérieur,1063000.0,967000.0,Oui,Oui,Oui
M11954,Dakar,Urbain,5,48.0,H,Secondaire,415000.0,319000.0,Oui,Oui,Oui
M11955,Diourbel,Urbain,7,74.0,H,Supérieur,557000.0,454000.0,Oui,Oui,Non
M11956,Tambacounda,Rural,9,42.0,H,Primaire,89000.0,90000.0,Oui,Non,Non
M11957,Thiès,Rural,8,55.0,H,Aucun,68000.0,53000.0,Non,Non,Non
M11958,Dakar,Urbain,12,62.0,H,Secondaire,187000.0,163000.0,Oui,Non,Oui
M11959,Saint-Louis,Urbain,9,51.0,F,Primaire,438000.0,357000.0,Oui,Oui,Non
M11960,Louga,Rural,10,45.0,F,Aucun,253000.0,177000.0,Oui,Non,Oui
M11961,Diourbel,Urbain,11,32.0,H,Aucun,303000.0,229000.0,Oui,Non,Oui
M11962,Louga,Rural,5,45.0,H,Coranique,159000.0,120000.0,Oui,Non,Non
M11963,Dakar,Urbain,11,30.0,H,Secondaire,246000.0,195000.0,Oui,Oui,Oui
M11964,Louga,Urbain,11,53.0,H,Secondaire,425000.0,327000.0,Oui,Oui,Oui
M11965,Dakar,Urbain,2,38.0,H,Aucun,,166000.0,Oui,Oui,Oui
M11966,Dakar,Urbain,5,61.0,F,Primaire,226000.0,182000.0,Oui,Non,Oui
M11967,Dakar,Urbain,8,67.0,F,Aucun,407000.0,392000.0,Oui,Oui,Oui
M11968,Dakar,Urbain,13,66.0,F,Aucun,421000.0,331000.0,Oui,Non,Oui
M11969,Dakar,Urbain,12,38.0,H,Coranique,288000.0,246000.0,Oui,Non,Non
M11970,Saint-Louis,Rural,11,70.0,H,Secondaire,70000.0,59000.0,Oui,Non,Non
M11971,Kaolack,Urbain,6,68.0,H,Primaire,233000.0,230000.0,Oui,Non,Oui
M11972,Thiès,Rural,13,49.0,H,Coranique,235000.0,230000.0,Oui,Non,Oui
M11973,Louga,Rural,5,58.0,H,Primaire,63000.0,62000.0,Non,Non,Oui
M11974,Saint-Louis,Rural,7,60.0,H,Secondaire,165000.0,195000.0,Non,Oui,Oui
M11975,Ziguinchor,Urbain,15,62.0,H,Aucun,147000.0,127000.0,Oui,Non,Oui
M11976,Louga,Rural,5,59.0,F,Primaire,95000.0,80000.0,Oui,Non,Non
M11977,Louga,Urbain,12,47.0,H,Supérieur,907000.0,698000.0,Oui,Oui,Oui
M11978,Thiès,Rural,7,54.0,H,Primaire,362000.0,337000.0,Non,Non,Non
M11979,Ziguinchor,Urbain,5,26.0,F,Secondaire,,378000.0,Oui,Non,Oui
M11980,Dakar,Urbain,8,51.0,H,Primaire,324000.0,266000.0,Oui,Oui,Oui
M11981,Thiès,Rural,12,49.0,H,Primaire,87000.0,73000.0,Non,Non,Oui
M11982,Dakar,Urbain,11,48.0,H,Secondaire,360000.0,340000.0,Oui,Non,Oui
M11983,Louga,Urbain,8,43.0,F,Primaire,248000.0,197000.0,Oui,Oui,Non
M11984,Dakar,Urbain,9,41.0,H,Secondaire,309000.0,333000.0,Oui,Oui,Non
M11985,Tambacounda,Urbain,2,42.0,H,Primaire,151000.0,155000.0,Oui,Oui,Oui
M11986,Ziguinchor,Urbain,6,38.0,H,Secondaire,653000.0,631000.0,Oui,Oui,Oui
M11987,Dakar,Urbain,17,48.0,F,Aucun,,265000.0,Oui,Oui,Non
M11988,Diourbel,Rural,15,26.0,F,Coranique,409000.0,381000.0,Oui,Non,Non
M11989,Tambacounda,Rural,8,55.0,H,Primaire,189000.0,159000.0,Non,Non,Non
M11990,Ziguinchor,Rural,5,26.0,H,Primaire,156000.0,112000.0,Oui,Non,Non
M11991,Saint-Louis,Urbain,9,65.0,H,Primaire,269000.0,277000.0,Oui,Non,Oui
M11992,Dakar,Urbain,8,28.0,H,Secondaire,169000.0,143000.0,Oui,Oui,Non
M11993,Ziguinchor,Rural,6,51.0,H,Aucun,218000.0,130000.0,Oui,Non,Oui
M11994,Dakar,Urbain,6,54.0,F,Coranique,364000.0,310000.0,Oui,Non,Oui
M11995,Ziguinchor,Rural,10,70.0,H,Primaire,169000.0,169000.0,Oui,Non,Oui
M11996,Diourbel,Urbain,8,58.0,H,Primaire,134000.0,93000.0,Oui,Non,Non
M11997,Kaolack,Rural,6,54.0,F,Aucun,169000.0,131000.0,Oui,Non,Oui
M11998,Dakar,Urbain,10,46.0,H,Secondaire,869000.0,643000.0,Oui,Non,Non
M11999,Dakar,Urbain,4,70.0,H,Supérieur,,360000.0,Oui,Oui,Oui
M12000,Ziguinchor,Urbain,4,56.0,H,Primaire,254000.0,190000.0,Oui,Non,Non
M12001,Thiès,Rural,11,36.0,F,Coranique,133000.0,112000.0,Oui,Non,Oui
M12002,Diourbel,Rural,12,37.0,H,Aucun,128000.0,115000.0,Non,Non,Oui
M12003,Dakar,Urbain,13,49.0,H,Supérieur,356000.0,257000.0,Oui,Oui,Oui
M12004,Saint-Louis,Rural,6,56.0,H,Primaire,111000.0,82000.0,Oui,Non,Oui
M12005,Saint-Louis,Rural,13,69.0,H,Secondaire,195000.0,166000.0,Oui,Non,Oui
M12006,Kaolack,Rural,6,55.0,F,Aucun,140000.0,135000.0,Oui,Non,Non
M12007,Ziguinchor,Urbain,9,49.0,F,Primaire,373000.0,339000.0,Oui,Oui,Oui
M12008,Diourbel,Urbain,9,20.0,H,Coranique,193000.0,190000.0,Oui,Oui,Non
M12009,Dakar,Urbain,4,55.0,F,Primaire,329000.0,294000.0,Oui,Oui,Oui
M12010,Dakar,Urbain,7,43.0,H,Secondaire,357000.0,328000.0,Oui,Oui,Oui
M12011,Louga,Rural,99,30.0,H,Aucun,379000.0,263000.0,Oui,Non,Oui
M12012,Dakar,Urbain,7,30.0,H,Secondaire,267000.0,211000.0,Oui,Oui,Oui
M12013,Dakar,Urbain,7,55.0,H,Primaire,200000.0,119000.0,Oui,Oui,Oui
M12014,Saint-Louis,Urbain,7,61.0,H,Coranique,283000.0,253000.0,Oui,Non,Non
M12015,Saint-Louis,Urbain,7,48.0,H,Supérieur,191000.0,202000.0,Oui,Non,Oui
M12016,Louga,Rural,7,48.0,H,Aucun,,248000.0,Oui,Non,Oui
M12017,Saint-Louis,Rural,11,42.0,H,Aucun,,57000.0,Non,Non,Oui
M12018,Diourbel,Rural,99,44.0,F,Coranique,353000.0,307000.0,Non,Oui,Non
M12019,Ziguinchor,Rural,6,67.0,F,Primaire,134000.0,114000.0,Oui,Oui,Non
M12020,Dakar,Urbain,10,34.0,F,Supérieur,352000.0,263000.0,Oui,Oui,Oui
M12021,Dakar,Urbain,2,44.0,H,Supérieur,374000.0,370000.0,Oui,Oui,Oui
M12022,Kaolack,Rural,4,29.0,H,Aucun,155000.0,126000.0,Non,Oui,Non
M12023,Louga,Rural,6,43.0,H,Aucun,185000.0,210000.0,Oui,Non,Non
M12024,Tambacounda,Rural,15,63.0,H,Coranique,91000.0,77000.0,Oui,Non,Oui
M12025,Ziguinchor,Rural,4,54.0,H,Secondaire,351000.0,290000.0,Oui,Non,Non
M12026,Kaolack,Rural,9,66.0,H,Aucun,209000.0,159000.0,Non,Non,Non
M12027,Kaolack,Rural,9,52.0,H,Primaire,168000.0,155000.0,Non,Non,Non
M12028,Dakar,Urbain,10,51.0,F,Secondaire,223000.0,192000.0,Oui,Oui,Oui
M12029,Ziguinchor,Rural,7,56.0,H,Supérieur,315000.0,218000.0,Oui,Oui,Oui
M12030,Dakar,Urbain,3,57.0,H,Primaire,,148000.0,Oui,Oui,Oui
M12031,Ziguinchor,Rural,12,44.0,H,Coranique,,395000.0,Non,Non,Oui
M12032,Diourbel,Urbain,6,56.0,H,Primaire,79000.0,58000.0,Oui,Oui,Oui
M12033,Kaolack,Rural,12,55.0,H,Primaire,62000.0,48000.0,Non,Non,Non
M12034,Diourbel,Rural,19,49.0,H,Coranique,190000.0,148000.0,Non,Non,Non
M12035,Thiès,Rural,9,65.0,H,Primaire,188000.0,153000.0,Non,Non,Oui
M12036,Thiès,Urbain,7,51.0,H,Secondaire,184000.0,144000.0,Oui,Non,Oui
M12037,Ziguinchor,Urbain,9,34.0,H,Secondaire,217000.0,168000.0,Oui,Oui,Oui
M12038,Dakar,Urbain,8,50.0,H,Primaire,423000.0,318000.0,Non,Oui,Oui
M12039,Diourbel,Rural,11,58.0,H,Primaire,,226000.0,Oui,Non,Oui
M12040,Dakar,Urbain,7,25.0,H,Secondaire,240000.0,240000.0,Oui,Non,Oui
M12041,Diourbel,Rural,4,30.0,H,Aucun,172000.0,163000.0,Oui,Non,Oui
M12042,Saint-Louis,Urbain,11,61.0,H,Aucun,353000.0,303000.0,Non,Non,Oui
M12043,Diourbel,Urbain,6,66.0,H,Secondaire,139000.0,132000.0,Oui,Oui,Non
M12044,Louga,Rural,5,63.0,F,Coranique,29000.0,26000.0,Non,Non,Non
M12045,Dakar,Urbain,8,60.0,F,Secondaire,222000.0,180000.0,Oui,Oui,Oui
M12046,Thiès,Rural,13,29.0,H,Coranique,85000.0,74000.0,Oui,Non,Oui
M12047,Louga,Rural,8,37.0,H,Primaire,95000.0,88000.0,Non,Oui,Oui
M12048,Ziguinchor,Urbain,8,72.0,H,Aucun,194000.0,144000.0,Oui,Non,Oui
M12049,Dakar,Urbain,6,41.0,H,Aucun,,151000.0,Oui,Non,Oui
M12050,Dakar,Urbain,12,41.0,F,Secondaire,151000.0,125000.0,Non,Oui,Non
M12051,Dakar,Urbain,7,43.0,F,Primaire,88000.0,63000.0,Oui,Oui,Oui
M12052,Diourbel,Urbain,12,52.0,H,Coranique,326000.0,266000.0,Oui,Oui,Oui
M12053,Ziguinchor,Rural,9,64.0,H,Aucun,351000.0,355000.0,Oui,Non,Non
M12054,Thiès,Urbain,8,32.0,H,Aucun,167000.0,139000.0,Oui,Oui,Non
M12055,Kaolack,Rural,3,42.0,H,Coranique,89000.0,74000.0,Non,Non,Oui
M12056,Thiès,Rural,8,34.0,H,Coranique,128000.0,103000.0,Oui,Non,Non
M12057,Dakar,Urbain,11,,H,Primaire,664000.0,615000.0,Oui,Non,Oui
M12058,Dakar,Urbain,8,64.0,H,Primaire,328000.0,246000.0,Oui,Non,Oui
M12059,Thiès,Rural,12,51.0,H,Primaire,359000.0,257000.0,Non,Non,Oui
M12060,Dakar,Urbain,5,43.0,H,Secondaire,202000.0,164000.0,Oui,Oui,Oui
M12061,Kaolack,Urbain,6,61.0,H,Primaire,285000.0,230000.0,Oui,Oui,Oui
M12062,Diourbel,Rural,99,56.0,H,Primaire,357000.0,295000.0,Non,Non,Non
M12063,Tambacounda,Urbain,10,54.0,F,Aucun,223000.0,199000.0,Oui,Oui,Oui
M12064,Thiès,Rural,99,45.0,H,Coranique,112000.0,100000.0,Oui,Non,Non
M12065,Saint-Louis,Urbain,8,36.0,H,Primaire,211000.0,182000.0,Oui,Non,Non
M12066,Diourbel,Urbain,11,53.0,F,Primaire,,140000.0,Oui,Non,Oui
M12067,Kaolack,Rural,7,35.0,H,Coranique,240000.0,227000.0,Non,Non,Oui
M12068,Dakar,Urbain,4,39.0,H,Coranique,398000.0,418000.0,Oui,Non,Non
M12069,Dakar,Urbain,6,53.0,H,Secondaire,392000.0,414000.0,Oui,Oui,Oui
M12070,Diourbel,Rural,13,32.0,F,Aucun,92000.0,65000.0,Non,Non,Oui
M12071,Dakar,Urbain,8,24.0,H,Supérieur,739000.0,791000.0,Oui,Non,Oui
M12072,Thiès,Rural,11,51.0,H,Secondaire,222000.0,215000.0,Non,Non,Non
M12073,Dakar,Urbain,3,43.0,F,Coranique,238000.0,136000.0,Non,Oui,Non
M12074,Dakar,Urbain,7,43.0,H,Secondaire,412000.0,360000.0,Oui,Non,Oui
M12075,Tambacounda,Rural,14,61.0,H,Coranique,632000.0,500000.0,Oui,Non,Non
M12076,Ziguinchor,Rural,11,57.0,F,Secondaire,176000.0,112000.0,Non,Oui,Non
M12077,Dakar,Urbain,6,41.0,H,Primaire,,156000.0,Oui,Non,Oui
M12078,Saint-Louis,Urbain,6,38.0,F,Secondaire,721000.0,609000.0,Oui,Oui,Oui
M12079,Dakar,Urbain,10,48.0,H,Coranique,147000.0,137000.0,Oui,Non,Oui
M12080,Thiès,Rural,3,46.0,H,Secondaire,90000.0,67000.0,Non,Non,Non
M12081,Ziguinchor,Rural,7,54.0,H,Primaire,158000.0,151000.0,Non,Non,Oui
M12082,Dakar,Urbain,11,56.0,H,Primaire,113000.0,78000.0,Oui,Oui,Non
M12083,Tambacounda,Rural,15,37.0,F,Coranique,103000.0,77000.0,Oui,Non,Non
M12084,Louga,Urbain,5,46.0,F,Primaire,,400000.0,Oui,Oui,Non
M12085,Dakar,Urbain,7,48.0,H,Primaire,225000.0,173000.0,Oui,Oui,Oui
M12086,Diourbel,Rural,4,42.0,H,Aucun,52000.0,37000.0,Oui,Non,Non
M12087,Diourbel,Rural,7,30.0,F,Coranique,180000.0,132000.0,Non,Non,Non
M12088,Dakar,Urbain,10,49.0,H,Supérieur,420000.0,342000.0,Oui,Oui,Oui
M12089,Kaolack,Urbain,6,37.0,H,Aucun,435000.0,302000.0,Oui,Oui,Oui
M12090,Diourbel,Rural,5,50.0,H,Aucun,53000.0,43000.0,Non,Non,Non
M12091,Louga,Rural,9,55.0,H,Aucun,263000.0,203000.0,Oui,Oui,Oui
M12092,Dakar,Urbain,9,45.0,H,Aucun,309000.0,248000.0,Oui,Non,Non
M12093,Dakar,Urbain,6,49.0,H,Secondaire,,403000.0,Oui,Oui,Oui
M12094,Thiès,Rural,4,57.0,H,Primaire,110000.0,89000.0,Non,Oui,Non
M12095,Dakar,Urbain,5,82.0,H,Secondaire,380000.0,295000.0,Oui,Non,Oui
M12096,Saint-Louis,Urbain,6,86.0,H,Aucun,458000.0,308000.0,Oui,Non,Oui
M12097,Dakar,Urbain,10,41.0,H,Primaire,,327000.0,Oui,Non,Non
M12098,Thiès,Rural,5,40.0,H,Primaire,365000.0,385000.0,Oui,Non,Non
M12099,Ziguinchor,Rural,8,36.0,H,Aucun,65000.0,41000.0,Oui,Non,Oui
M12100,Diourbel,Urbain,8,50.0,H,Secondaire,245000.0,207000.0,Oui,Oui,Non
M12101,Tambacounda,Rural,7,32.0,H,Secondaire,143000.0,120000.0,Non,Non,Non
M12102,Thiès,Urbain,6,38.0,H,Aucun,127000.0,97000.0,Oui,Oui,Oui
M12103,Louga,Rural,4,32.0,H,Aucun,123000.0,70000.0,Oui,Non,Non
M12104,Diourbel,Urbain,9,58.0,H,Aucun,307000.0,275000.0,Oui,Oui,Non
M12105,Saint-Louis,Rural,8,45.0,F,Aucun,176000.0,132000.0,Non,Oui,Oui
M12106,Kaolack,Urbain,11,49.0,F,Secondaire,2790000.0,2393000.0,Oui,Non,Oui
M12107,Thiès,Urbain,7,45.0,H,Primaire,273000.0,230000.0,Oui,Non,Oui
M12108,Louga,Urbain,5,41.0,F,Primaire,304000.0,305000.0,Oui,Non,Oui
M12109,Diourbel,Rural,6,48.0,H,Coranique,149000.0,92000.0,Non,Non,Oui
M12110,Dakar,Urbain,7,20.0,F,Secondaire,490000.0,403000.0,Oui,Oui,Oui
M12111,Thiès,Rural,15,23.0,F,Primaire,333000.0,267000.0,Oui,Non,Oui
M12112,Diourbel,Rural,8,32.0,H,Coranique,51000.0,47000.0,Oui,Non,Non
M12113,Louga,Urbain,3,54.0,H,Aucun,283000.0,246000.0,Oui,Non,Oui
M12114,Tambacounda,Rural,4,47.0,H,Primaire,123000.0,78000.0,Oui,Oui,Oui
M12115,Thiès,Urbain,7,55.0,H,Secondaire,409000.0,348000.0,Oui,Non,Oui
M12116,Dakar,Urbain,5,31.0,F,Supérieur,215000.0,182000.0,Oui,Oui,Oui
M12117,Dakar,Urbain,7,37.0,H,Primaire,93000.0,55000.0,Oui,Non,Non
M12118,Dakar,Urbain,6,43.0,H,Aucun,,111000.0,Oui,Non,Oui
M12119,Dakar,Urbain,8,54.0,H,Primaire,322000.0,261000.0,Oui,Non,Oui
M12120,Tambacounda,Rural,8,51.0,H,Coranique,,100000.0,Non,Non,Oui
M12121,Louga,Rural,7,44.0,H,Coranique,115000.0,95000.0,Non,Non,Oui
M12122,Thiès,Urbain,9,56.0,H,Coranique,533000.0,461000.0,Oui,Oui,Oui
M12123,Dakar,Urbain,8,44.0,F,Aucun,287000.0,223000.0,Oui,Non,Non
M12124,Kaolack,Urbain,9,35.0,H,Coranique,148000.0,115000.0,Oui,Non,Oui
M12125,Diourbel,Urbain,9,28.0,F,Primaire,301000.0,222000.0,Oui,Non,Oui
M12126,Ziguinchor,Urbain,7,44.0,H,Secondaire,592000.0,392000.0,Oui,Oui,Oui
M12127,Saint-Louis,Rural,8,29.0,H,Aucun,119000.0,102000.0,Non,Non,Non
M12128,Dakar,Urbain,9,50.0,F,Supérieur,149000.0,117000.0,Oui,Oui,Oui
M12129,Kaolack,Rural,10,41.0,F,Aucun,698000.0,721000.0,Oui,Non,Non
M12130,Diourbel,Urbain,7,34.0,F,Aucun,81000.0,59000.0,Oui,Oui,Oui
M12131,Saint-Louis,Rural,3,52.0,H,Primaire,,51000.0,Non,Non,Non
M12132,Dakar,Urbain,8,61.0,F,Supérieur,602000.0,463000.0,Oui,Oui,Oui
M12133,Diourbel,Rural,7,35.0,H,Coranique,123000.0,111000.0,Non,Oui,Oui
M12134,Thiès,Rural,14,28.0,H,Coranique,160000.0,131000.0,Non,Oui,Non
M12135,Saint-Louis,Urbain,9,26.0,H,Coranique,231000.0,206000.0,Oui,Non,Oui
M12136,Saint-Louis,Rural,9,62.0,H,Primaire,196000.0,141000.0,Oui,Oui,Non
M12137,Thiès,Rural,8,49.0,H,Primaire,329000.0,324000.0,Non,Non,Oui
M12138,Ziguinchor,Rural,14,44.0,H,Aucun,,268000.0,Non,Non,Non
M12139,Kaolack,Rural,13,,H,Coranique,124000.0,118000.0,Oui,Oui,Non
M12140,Thiès,Urbain,10,58.0,H,Primaire,411000.0,363000.0,Oui,Oui,Oui
M12141,Dakar,Urbain,99,54.0,H,Supérieur,,872000.0,Oui,Oui,Non
M12142,Louga,Rural,8,64.0,H,Aucun,119000.0,89000.0,Oui,Oui,Oui
M12143,Thiès,Rural,6,70.0,H,Coranique,,517000.0,Non,Non,Oui
M12144,Saint-Louis,Urbain,10,62.0,H,Secondaire,231000.0,221000.0,Oui,Non,Oui
M12145,Dakar,Urbain,6,61.0,H,Secondaire,,108000.0,Oui,Oui,Oui
M12146,Saint-Louis,Urbain,5,49.0,H,Aucun,99000.0,78000.0,Oui,Oui,Oui
M12147,Thiès,Urbain,5,58.0,H,Supérieur,,673000.0,Non,Oui,Oui
M12148,Diourbel,Urbain,4,31.0,F,Secondaire,,153000.0,Oui,Non,Oui
M12149,Ziguinchor,Urbain,2,34.0,H,Secondaire,245000.0,235000.0,Oui,Non,Non
M12150,Thiès,Rural,6,56.0,H,Aucun,244000.0,198000.0,Non,Oui,Oui
M12151,Ziguinchor,Rural,7,50.0,H,Aucun,158000.0,143000.0,Non,Non,Oui
M12152,Dakar,Urbain,5,57.0,H,Primaire,888000.0,711000.0,Oui,Non,Oui
M12153,Saint-Louis,Urbain,7,45.0,H,Secondaire,,180000.0,Oui,Oui,Oui
M12154,Dakar,Urbain,8,32.0,H,Supérieur,815000.0,722000.0,Oui,Oui,Oui
M12155,Kaolack,Urbain,5,81.0,F,Primaire,185000.0,177000.0,Oui,Oui,Oui
M12156,Saint-Louis,Rural,11,58.0,H,Aucun,219000.0,193000.0,Oui,Non,Non
M12157,Saint-Louis,Urbain,3,44.0,H,Supérieur,848000.0,861000.0,Oui,Oui,Oui
M12158,Ziguinchor,Rural,14,63.0,H,Aucun,263000.0,231000.0,Non,Non,Oui
M12159,Dakar,Urbain,10,47.0,H,Aucun,469000.0,425000.0,Oui,Non,Oui
M12160,Kaolack,Urbain,8,51.0,H,Aucun,163000.0,144000.0,Oui,Non,Non
M12161,Louga,Rural,5,43.0,H,Coranique,178000.0,148000.0,Non,Non,Oui
M12162,Diourbel,Rural,5,51.0,F,Aucun,73000.0,61000.0,Oui,Non,Oui
M12163,Kaolack,Rural,10,51.0,H,Aucun,225000.0,211000.0,Oui,Non,Non
M12164,Thiès,Urbain,8,52.0,H,Aucun,550000.0,458000.0,Oui,Oui,Oui
M12165,Thiès,Rural,9,57.0,H,Primaire,352000.0,295000.0,Non,Non,Oui
M12166,Saint-Louis,Urbain,11,46.0,F,Supérieur,1006000.0,761000.0,Oui,Oui,Oui
M12167,Dakar,Urbain,7,82.0,F,Primaire,176000.0,141000.0,Oui,Non,Oui
M12168,Louga,Rural,12,28.0,H,Coranique,461000.0,343000.0,Non,Non,Non
M12169,Saint-Louis,Rural,9,61.0,H,Secondaire,460000.0,347000.0,Oui,Non,Non
M12170,Louga,Rural,7,55.0,F,Primaire,271000.0,215000.0,Non,Oui,Oui
M12171,Dakar,Urbain,6,61.0,H,Supérieur,836000.0,605000.0,Oui,Oui,Oui
M12172,Kaolack,Rural,9,50.0,F,Coranique,227000.0,165000.0,Oui,Non,Oui
M12173,Thiès,Urbain,9,41.0,H,Supérieur,340000.0,269000.0,Non,Oui,Oui
M12174,Thiès,Rural,7,57.0,H,Aucun,102000.0,60000.0,Non,Non,Non
M12175,Dakar,Urbain,9,57.0,H,Primaire,,268000.0,Oui,Oui,Non
M12176,Louga,Rural,6,56.0,H,Coranique,106000.0,113000.0,Non,Non,Oui
M12177,Tambacounda,Rural,9,31.0,H,Aucun,148000.0,116000.0,Oui,Non,Non
M12178,Kaolack,Rural,7,52.0,H,Aucun,71000.0,66000.0,Oui,Non,Oui
M12179,Dakar,Urbain,5,46.0,F,Supérieur,,574000.0,Oui,Oui,Oui
M12180,Thiès,Rural,6,35.0,H,Primaire,133000.0,124000.0,Oui,Non,Non
M12181,Saint-Louis,Urbain,9,,H,Supérieur,683000.0,643000.0,Oui,Oui,Oui
M12182,Thiès,Rural,10,31.0,H,Aucun,106000.0,130000.0,Non,Non,Non
M12183,Dakar,Urbain,8,58.0,H,Primaire,228000.0,194000.0,Oui,Non,Non
M12184,Diourbel,Urbain,7,56.0,H,Coranique,113000.0,94000.0,Oui,Non,Oui
M12185,Diourbel,Rural,7,56.0,H,Secondaire,298000.0,212000.0,Non,Non,Oui
M12186,Saint-Louis,Rural,12,64.0,H,Primaire,382000.0,373000.0,Oui,Non,Oui
M12187,Dakar,Urbain,9,40.0,F,Coranique,572000.0,429000.0,Oui,Oui,Oui
M12188,Thiès,Urbain,7,51.0,H,Supérieur,741000.0,689000.0,Oui,Oui,Oui
M12189,Ziguinchor,Rural,10,37.0,H,Primaire,77000.0,76000.0,Oui,Non,Oui
M12190,Louga,Urbain,7,53.0,F,Secondaire,175000.0,127000.0,Oui,Non,Oui
M12191,Diourbel,Urbain,11,47.0,H,Secondaire,211000.0,195000.0,Oui,Oui,Non
M12192,Diourbel,Rural,9,40.0,F,Aucun,119000.0,110000.0,Oui,Non,Oui
M12193,Tambacounda,Rural,14,53.0,H,Supérieur,792000.0,352000.0,Non,Oui,Oui
M12194,Louga,Urbain,3,38.0,F,Coranique,489000.0,369000.0,Oui,Non,Oui
M12195,Dakar,Urbain,9,50.0,H,Aucun,545000.0,474000.0,Non,Non,Oui
M12196,Ziguinchor,Urbain,5,62.0,H,Primaire,189000.0,133000.0,Oui,Oui,Oui
M12197,Louga,Urbain,7,68.0,H,Secondaire,1026000.0,973000.0,Non,Non,Non
M12198,Dakar,Urbain,6,44.0,H,Primaire,,375000.0,Oui,Non,Oui
M12199,Thiès,Urbain,9,35.0,H,Coranique,284000.0,285000.0,Oui,Non,Oui
M12200,Thiès,Urbain,5,61.0,H,Coranique,182000.0,181000.0,Oui,Non,Oui
M12201,Kaolack,Rural,8,64.0,H,Coranique,351000.0,318000.0,Oui,Oui,Oui
M12202,Ziguinchor,Rural,9,69.0,F,Primaire,82000.0,78000.0,Oui,Oui,Non
M12203,Dakar,Urbain,7,38.0,H,Aucun,468000.0,441000.0,Oui,Oui,Oui
M12204,Tambacounda,Urbain,8,24.0,H,Aucun,95000.0,57000.0,Oui,Oui,Non
M12205,Dakar,Urbain,7,36.0,H,Aucun,215000.0,171000.0,Oui,Non,Oui
M12206,Thiès,Rural,9,43.0,F,Primaire,162000.0,168000.0,Non,Non,Non
M12207,Kaolack,Urbain,7,41.0,H,Coranique,79000.0,63000.0,Oui,Non,Oui
M12208,Dakar,Urbain,5,44.0,F,Secondaire,321000.0,212000.0,Oui,Non,Non
M12209,Dakar,Urbain,5,63.0,H,Secondaire,323000.0,323000.0,Oui,Non,Oui
M12210,Dakar,Urbain,8,45.0,H,Supérieur,796000.0,657000.0,Oui,Non,Oui
M12211,Dakar,Urbain,6,48.0,F,Secondaire,244000.0,192000.0,Oui,Oui,Oui
M12212,Louga,Urbain,4,41.0,H,Aucun,232000.0,194000.0,Oui,Non,Oui
M12213,Kaolack,Urbain,7,46.0,H,Supérieur,738000.0,501000.0,Oui,Oui,Oui
M12214,Diourbel,Rural,10,51.0,H,Supérieur,,285000.0,Non,Oui,Oui
M12215,Kaolack,Rural,4,57.0,H,Aucun,555000.0,525000.0,Oui,Non,Non
M12216,Dakar,Urbain,3,32.0,F,Secondaire,348000.0,303000.0,Oui,Oui,Oui
M12217,Dakar,Urbain,3,37.0,F,Coranique,,193000.0,Oui,Non,Non
M12218,Louga,Urbain,8,61.0,H,Supérieur,558000.0,502000.0,Oui,Oui,Oui
M12219,Diourbel,Rural,10,59.0,H,Primaire,92000.0,78000.0,Non,Non,Oui
M12220,Dakar,Urbain,15,51.0,H,Secondaire,642000.0,599000.0,Oui,Oui,Non
M12221,Tambacounda,Rural,11,44.0,F,Aucun,381000.0,282000.0,Non,Oui,Non
M12222,Diourbel,Rural,11,46.0,H,Primaire,212000.0,169000.0,Oui,Oui,Non
M12223,Thiès,Rural,4,55.0,F,Aucun,,46000.0,Non,Oui,Non
M12224,Diourbel,Urbain,6,47.0,H,Aucun,749000.0,651000.0,Oui,Oui,Oui
M12225,Dakar,Urbain,2,46.0,F,Coranique,,198000.0,Oui,Oui,Oui
M12226,Ziguinchor,Rural,5,55.0,H,Aucun,73000.0,57000.0,Oui,Non,Non
M12227,Kaolack,Rural,13,58.0,H,Coranique,128000.0,107000.0,Non,Non,Oui
M12228,Dakar,Urbain,11,57.0,F,Supérieur,699000.0,595000.0,Oui,Oui,Oui
M12229,Tambacounda,Rural,9,50.0,H,Primaire,367000.0,300000.0,Non,Oui,Non
M12230,Saint-Louis,Urbain,8,63.0,F,Primaire,181000.0,145000.0,Oui,Oui,Oui
M12231,Thiès,Rural,8,60.0,H,Primaire,332000.0,290000.0,Non,Non,Oui
M12232,Dakar,Urbain,6,57.0,H,Supérieur,338000.0,268000.0,Oui,Oui,Non
M12233,Tambacounda,Rural,8,58.0,H,Coranique,180000.0,169000.0,Non,Non,Oui
M12234,Dakar,Urbain,7,47.0,H,Primaire,284000.0,225000.0,Oui,Non,Oui
M12235,Thiès,Rural,12,44.0,H,Aucun,170000.0,156000.0,Non,Non,Oui
M12236,Louga,Urbain,7,48.0,F,Secondaire,,529000.0,Oui,Oui,Oui
M12237,Thiès,Urbain,7,,H,Supérieur,,572000.0,Oui,Oui,Oui
M12238,Ziguinchor,Urbain,9,40.0,H,Primaire,219000.0,200000.0,Oui,Non,Oui
M12239,Dakar,Urbain,2,44.0,H,Secondaire,,154000.0,Oui,Oui,Oui
M12240,Thiès,Urbain,5,47.0,H,Aucun,,191000.0,Oui,Oui,Oui
M12241,Louga,Rural,99,47.0,H,Primaire,515000.0,360000.0,Non,Non,Oui
M12242,Saint-Louis,Urbain,9,36.0,F,Primaire,,544000.0,Oui,Non,Oui
M12243,Dakar,Urbain,10,54.0,H,Supérieur,1277000.0,1211000.0,Oui,Oui,Oui
M12244,Louga,Urbain,3,49.0,H,Supérieur,466000.0,363000.0,Oui,Oui,Oui
M12245,Saint-Louis,Rural,9,46.0,H,Primaire,78000.0,67000.0,Oui,Non,Non
M12246,Diourbel,Rural,8,36.0,F,Aucun,139000.0,86000.0,Oui,Non,Oui
M12247,Dakar,Urbain,2,88.0,H,Secondaire,344000.0,309000.0,Oui,Oui,Oui
M12248,Dakar,Urbain,7,44.0,F,Primaire,,230000.0,Oui,Non,Oui
M12249,Kaolack,Rural,17,54.0,H,Primaire,180000.0,207000.0,Non,Non,Non
M12250,Thiès,Rural,7,46.0,F,Primaire,107000.0,86000.0,Non,Non,Oui
M12251,Saint-Louis,Urbain,6,39.0,H,Aucun,103000.0,70000.0,Oui,Non,Oui
M12252,Louga,Urbain,9,34.0,H,Aucun,288000.0,289000.0,Oui,Non,Oui
M12253,Dakar,Urbain,9,73.0,F,Primaire,572000.0,473000.0,Oui,Oui,Oui
M12254,Kaolack,Rural,11,40.0,F,Coranique,157000.0,138000.0,Non,Non,Non
M12255,Diourbel,Rural,9,54.0,H,Secondaire,260000.0,263000.0,Oui,Oui,Oui
M12256,Kaolack,Rural,12,34.0,F,Primaire,246000.0,233000.0,Non,Non,Non
M12257,Dakar,Urbain,5,59.0,H,Primaire,188000.0,170000.0,Oui,Non,Non
M12258,Ziguinchor,Rural,13,39.0,F,Secondaire,396000.0,313000.0,Non,Non,Oui
M12259,Ziguinchor,Rural,5,48.0,F,Primaire,103000.0,102000.0,Non,Oui,Oui
M12260,Dakar,Urbain,6,37.0,H,Aucun,117000.0,83000.0,Oui,Non,Oui
M12261,Tambacounda,Urbain,5,46.0,H,Aucun,269000.0,203000.0,Oui,Oui,Oui
M12262,Dakar,Urbain,7,35.0,H,Secondaire,204000.0,162000.0,Oui,Oui,Oui
M12263,Tambacounda,Urbain,7,22.0,H,Secondaire,,563000.0,Oui,Oui,Oui
M12264,Diourbel,Rural,8,56.0,H,Aucun,85000.0,57000.0,Oui,Non,Non
M12265,Saint-Louis,Urbain,7,38.0,H,Aucun,,125000.0,Oui,Oui,Oui
M12266,Dakar,Urbain,5,48.0,F,Supérieur,484000.0,242000.0,Oui,Oui,Oui
M12267,Dakar,Urbain,7,60.0,H,Aucun,401000.0,296000.0,Oui,Non,Oui
M12268,Diourbel,Urbain,10,53.0,H,Supérieur,316000.0,288000.0,Oui,Oui,Oui
M12269,Dakar,Urbain,1,30.0,H,Aucun,127000.0,100000.0,Oui,Non,Non
M12270,Ziguinchor,Urbain,8,68.0,H,Secondaire,189000.0,168000.0,Oui,Oui,Oui
M12271,Dakar,Urbain,8,76.0,H,Secondaire,307000.0,295000.0,Oui,Oui,Oui
M12272,Saint-Louis,Rural,3,50.0,H,Aucun,380000.0,302000.0,Non,Non,Non
M12273,Kaolack,Urbain,5,51.0,H,Aucun,174000.0,127000.0,Oui,Non,Oui
M12274,Dakar,Urbain,5,44.0,H,Aucun,120000.0,126000.0,Oui,Non,Non
M12275,Dakar,Urbain,8,46.0,H,Coranique,290000.0,240000.0,Oui,Non,Non
M12276,Dakar,Urbain,7,47.0,F,Supérieur,385000.0,245000.0,Oui,Oui,Oui
M12277,Louga,Rural,5,54.0,H,Aucun,94000.0,71000.0,Oui,Non,Non
M12278,Diourbel,Rural,9,52.0,H,Secondaire,151000.0,136000.0,Non,Non,Non
M12279,Saint-Louis,Rural,6,37.0,F,Primaire,128000.0,116000.0,Non,Non,Non
M12280,Kaolack,Rural,8,37.0,H,Aucun,63000.0,47000.0,Non,Non,Non
M12281,Diourbel,Urbain,6,33.0,H,Aucun,184000.0,124000.0,Oui,Non,Oui
M12282,Ziguinchor,Urbain,8,39.0,H,Secondaire,507000.0,333000.0,Oui,Non,Oui
M12283,Dakar,Urbain,7,22.0,F,Aucun,145000.0,126000.0,Oui,Non,Oui
M12284,Dakar,Urbain,6,48.0,F,Secondaire,380000.0,338000.0,Non,Non,Oui
M12285,Diourbel,Urbain,9,50.0,H,Supérieur,,370000.0,Oui,Oui,Oui
M12286,Thiès,Rural,9,46.0,H,Primaire,253000.0,165000.0,Oui,Non,Oui
M12287,Dakar,Urbain,99,20.0,H,Primaire,,623000.0,Oui,Oui,Oui
M12288,Dakar,Urbain,10,37.0,H,Secondaire,567000.0,476000.0,Non,Oui,Non
M12289,Thiès,Rural,10,64.0,H,Aucun,89000.0,92000.0,Non,Non,Non
M12290,Thiès,Rural,3,39.0,H,Aucun,81000.0,75000.0,Non,Non,Oui
M12291,Diourbel,Urbain,3,40.0,H,Coranique,303000.0,256000.0,Oui,Non,Oui
M12292,Diourbel,Rural,10,53.0,F,Primaire,164000.0,155000.0,Non,Non,Non
M12293,Kaolack,Rural,11,36.0,H,Secondaire,98000.0,90000.0,Oui,Non,Oui
M12294,Kaolack,Rural,6,48.0,H,Coranique,167000.0,84000.0,Non,Non,Non
M12295,Dakar,Urbain,5,40.0,H,Secondaire,257000.0,220000.0,Oui,Non,Oui
M12296,Kaolack,Urbain,8,51.0,H,Coranique,,160000.0,Oui,Non,Oui
M12297,Louga,Rural,7,43.0,F,Aucun,142000.0,115000.0,Oui,Non,Non
M12298,Thiès,Rural,9,67.0,H,Aucun,332000.0,208000.0,Non,Non,Oui
M12299,Louga,Urbain,3,35.0,H,Supérieur,,259000.0,Oui,Oui,Oui
M12300,Louga,Rural,9,44.0,H,Primaire,32000.0,29000.0,Oui,Non,Oui
M12301,Thiès,Rural,5,64.0,H,Aucun,85000.0,69000.0,Oui,Non,Non
M12302,Dakar,Urbain,6,64.0,F,Secondaire,,642000.0,Oui,Oui,Oui
M12303,Diourbel,Rural,8,45.0,H,Aucun,158000.0,112000.0,Non,Non,Non
M12304,Saint-Louis,Urbain,7,42.0,H,Primaire,76000.0,63000.0,Oui,Oui,Oui
M12305,Saint-Louis,Rural,11,57.0,H,Primaire,79000.0,55000.0,Oui,Non,Oui
M12306,Diourbel,Rural,11,49.0,F,Aucun,106000.0,81000.0,Non,Non,Non
M12307,Diourbel,Rural,10,33.0,H,Aucun,252000.0,196000.0,Non,Non,Non
M12308,Diourbel,Urbain,6,55.0,F,Secondaire,1411000.0,744000.0,Oui,Oui,Oui
M12309,Dakar,Urbain,8,60.0,F,Aucun,208000.0,184000.0,Oui,Non,Non
M12310,Saint-Louis,Urbain,4,43.0,H,Coranique,493000.0,362000.0,Oui,Oui,Oui
M12311,Dakar,Urbain,10,36.0,H,Secondaire,199000.0,138000.0,Oui,Oui,Oui
M12312,Dakar,Urbain,4,,H,Primaire,,134000.0,Oui,Oui,Oui
M12313,Dakar,Urbain,12,37.0,F,Primaire,215000.0,166000.0,Oui,Oui,Oui
M12314,Kaolack,Rural,9,55.0,H,Aucun,359000.0,344000.0,Non,Non,Oui
M12315,Louga,Rural,11,63.0,H,Coranique,915000.0,859000.0,Non,Oui,Non
M12316,Kaolack,Urbain,8,,H,Aucun,254000.0,210000.0,Oui,Oui,Non
M12317,Kaolack,Urbain,2,29.0,F,Secondaire,684000.0,566000.0,Oui,Oui,Non
M12318,Ziguinchor,Urbain,9,42.0,H,Aucun,263000.0,235000.0,Oui,Non,Oui
M12319,Dakar,Urbain,5,51.0,H,Secondaire,251000.0,225000.0,Oui,Oui,Oui
M12320,Thiès,Urbain,9,63.0,H,Coranique,,151000.0,Non,Non,Non
M12321,Thiès,Rural,9,57.0,H,Secondaire,91000.0,102000.0,Non,Oui,Non
M12322,Kaolack,Rural,6,34.0,H,Coranique,129000.0,97000.0,Oui,Non,Oui
M12323,Saint-Louis,Urbain,10,20.0,H,Secondaire,533000.0,444000.0,Oui,Non,Oui
M12324,Diourbel,Urbain,99,39.0,H,Primaire,150000.0,125000.0,Oui,Non,Oui
M12325,Dakar,Urbain,6,36.0,H,Supérieur,591000.0,353000.0,Oui,Oui,Oui
M12326,Diourbel,Rural,5,64.0,F,Secondaire,258000.0,249000.0,Oui,Non,Oui
M12327,Louga,Rural,9,59.0,H,Primaire,261000.0,194000.0,Non,Non,Oui
M12328,Thiès,Rural,9,54.0,H,Primaire,113000.0,113000.0,Non,Non,Non
M12329,Diourbel,Rural,4,59.0,H,Aucun,,156000.0,Non,Non,Oui
M12330,Ziguinchor,Rural,8,32.0,H,Aucun,149000.0,118000.0,Non,Oui,Oui
M12331,Saint-Louis,Rural,13,49.0,H,Aucun,106000.0,84000.0,Oui,Oui,Oui
M12332,Dakar,Urbain,3,61.0,H,Supérieur,258000.0,309000.0,Oui,Oui,Oui
M12333,Thiès,Rural,6,53.0,H,Secondaire,73000.0,65000.0,Non,Non,Non
M12334,Thiès,Urbain,5,35.0,F,Primaire,247000.0,192000.0,Non,Oui,Oui
M12335,Thiès,Urbain,11,56.0,H,Secondaire,635000.0,608000.0,Oui,Oui,Oui
M12336,Thiès,Rural,8,47.0,H,Primaire,410000.0,348000.0,Oui,Oui,Non
M12337,Dakar,Urbain,14,42.0,H,Primaire,293000.0,221000.0,Oui,Non,Oui
M12338,Diourbel,Rural,8,41.0,H,Aucun,,33000.0,Non,Non,Oui
M12339,Saint-Louis,Rural,13,33.0,H,Primaire,320000.0,177000.0,Oui,Non,Non
M12340,Saint-Louis,Rural,12,37.0,H,Supérieur,868000.0,518000.0,Non,Non,Non
M12341,Tambacounda,Rural,11,39.0,H,Coranique,82000.0,67000.0,Oui,Non,Non
M12342,Thiès,Rural,4,43.0,H,Secondaire,145000.0,129000.0,Non,Non,Non
M12343,Kaolack,Rural,4,40.0,H,Primaire,,88000.0,Oui,Oui,Oui
M12344,Dakar,Urbain,6,58.0,H,Supérieur,,532000.0,Oui,Oui,Oui
M12345,Ziguinchor,Rural,13,48.0,H,Secondaire,370000.0,323000.0,Non,Oui,Oui
M12346,Louga,Urbain,10,50.0,H,Supérieur,,586000.0,Oui,Oui,Oui
M12347,Kaolack,Rural,8,59.0,H,Aucun,102000.0,86000.0,Oui,Oui,Non
M12348,Saint-Louis,Urbain,6,49.0,F,Primaire,,322000.0,Non,Oui,Oui
M12349,Dakar,Urbain,1,44.0,H,Coranique,295000.0,204000.0,Oui,Oui,Non
M12350,Ziguinchor,Rural,4,67.0,H,Primaire,420000.0,440000.0,Non,Non,Oui
M12351,Diourbel,Rural,4,50.0,H,Primaire,145000.0,100000.0,Oui,Non,Non
M12352,Diourbel,Rural,9,36.0,F,Aucun,143000.0,125000.0,Non,Non,Non
M12353,Tambacounda,Rural,8,31.0,F,Primaire,280000.0,277000.0,Non,Non,Non
M12354,Dakar,Urbain,8,44.0,H,Supérieur,474000.0,449000.0,Oui,Oui,Oui
M12355,Thiès,Rural,4,41.0,H,Coranique,55000.0,50000.0,Oui,Non,Oui
M12356,Dakar,Urbain,9,64.0,F,Supérieur,474000.0,377000.0,Oui,Oui,Oui
M12357,Thiès,Urbain,8,45.0,H,Aucun,435000.0,312000.0,Oui,Oui,Oui
M12358,Dakar,Urbain,10,50.0,H,Secondaire,374000.0,281000.0,Oui,Oui,Oui
M12359,Dakar,Urbain,8,39.0,F,Supérieur,1026000.0,930000.0,Oui,Oui,Oui
M12360,Dakar,Urbain,4,33.0,H,Supérieur,678000.0,510000.0,Oui,Oui,Oui
M12361,Saint-Louis,Rural,13,56.0,H,Coranique,,90000.0,Non,Non,Oui
M12362,Ziguinchor,Urbain,7,53.0,H,Primaire,255000.0,233000.0,Non,Non,Non
M12363,Saint-Louis,Rural,7,44.0,F,Secondaire,56000.0,36000.0,Non,Non,Non
M12364,Louga,Rural,9,66.0,H,Aucun,97000.0,93000.0,Oui,Non,Oui
M12365,Kaolack,Rural,14,61.0,H,Primaire,154000.0,190000.0,Oui,Non,Oui
M12366,Saint-Louis,Rural,6,40.0,H,Aucun,231000.0,205000.0,Non,Oui,Oui
M12367,Thiès,Urbain,10,58.0,H,Secondaire,427000.0,310000.0,Oui,Oui,Oui
M12368,Dakar,Urbain,4,57.0,F,Primaire,264000.0,158000.0,Oui,Oui,Oui
M12369,Dakar,Urbain,99,52.0,F,Supérieur,1240000.0,1105000.0,Oui,Oui,Oui
M12370,Tambacounda,Urbain,15,78.0,H,Primaire,215000.0,169000.0,Oui,Oui,Oui
M12371,Diourbel,Rural,9,60.0,H,Primaire,137000.0,168000.0,Oui,Non,Non
M12372,Kaolack,Urbain,5,52.0,H,Aucun,27000.0,19000.0,Oui,Oui,Oui
M12373,Dakar,Urbain,5,53.0,F,Coranique,136000.0,95000.0,Oui,Non,Non
M12374,Dakar,Urbain,6,53.0,H,Primaire,207000.0,214000.0,Oui,Oui,Oui
M12375,Thiès,Rural,10,45.0,H,Primaire,,91000.0,Oui,Oui,Oui
M12376,Diourbel,Urbain,7,59.0,F,Coranique,278000.0,184000.0,Oui,Non,Oui
M12377,Dakar,Urbain,4,57.0,F,Secondaire,173000.0,167000.0,Oui,Oui,Oui
M12378,Kaolack,Rural,8,50.0,H,Coranique,105000.0,99000.0,Oui,Oui,Non
M12379,Ziguinchor,Rural,12,46.0,H,Primaire,186000.0,188000.0,Non,Non,Oui
M12380,Kaolack,Urbain,10,40.0,F,Aucun,339000.0,265000.0,Oui,Oui,Oui
M12381,Diourbel,Rural,9,39.0,F,Coranique,180000.0,125000.0,Oui,Oui,Non
M12382,Saint-Louis,Urbain,7,49.0,H,Primaire,143000.0,126000.0,Oui,Oui,Oui
M12383,Thiès,Rural,10,64.0,H,Aucun,174000.0,126000.0,Oui,Non,Non
M12384,Diourbel,Rural,13,60.0,H,Aucun,52000.0,40000.0,Oui,Non,Non
M12385,Dakar,Rural,11,43.0,H,Secondaire,440000.0,349000.0,Oui,Non,Non
M12386,Dakar,Urbain,4,46.0,H,Secondaire,152000.0,138000.0,Oui,Oui,Oui
M12387,Saint-Louis,Rural,5,22.0,H,Primaire,82000.0,45000.0,Oui,Oui,Oui
M12388,Diourbel,Rural,11,44.0,F,Aucun,193000.0,162000.0,Oui,Non,Oui
M12389,Dakar,Urbain,7,41.0,H,Coranique,111000.0,86000.0,Oui,Oui,Non
M12390,Ziguinchor,Rural,13,41.0,H,Aucun,130000.0,119000.0,Non,Non,Oui
M12391,Diourbel,Urbain,8,69.0,H,Aucun,,158000.0,Oui,Oui,Non
M12392,Dakar,Urbain,5,31.0,H,Supérieur,,910000.0,Oui,Oui,Non
M12393,Kaolack,Rural,8,35.0,H,Secondaire,245000.0,158000.0,Oui,Non,Non
M12394,Diourbel,Urbain,14,46.0,H,Primaire,494000.0,328000.0,Oui,Non,Oui
M12395,Saint-Louis,Rural,11,55.0,H,Coranique,81000.0,75000.0,Oui,Non,Oui
M12396,Tambacounda,Rural,7,60.0,H,Aucun,80000.0,67000.0,Non,Oui,Non
M12397,Thiès,Urbain,6,51.0,F,Primaire,,186000.0,Oui,Oui,Oui
M12398,Ziguinchor,Urbain,6,47.0,H,Primaire,,192000.0,Oui,Non,Oui
M12399,Diourbel,Rural,8,32.0,F,Primaire,186000.0,171000.0,Oui,Oui,Oui
M12400,Dakar,Urbain,6,72.0,H,Primaire,454000.0,334000.0,Oui,Oui,Oui
M12401,Dakar,Urbain,7,52.0,F,Secondaire,96000.0,80000.0,Oui,Oui,Oui
M12402,Louga,Rural,11,44.0,H,Aucun,174000.0,128000.0,Oui,Non,Oui
M12403,Ziguinchor,Urbain,5,20.0,F,Supérieur,,177000.0,Oui,Oui,Oui
M12404,Dakar,Urbain,5,44.0,F,Aucun,,74000.0,Oui,Non,Non
M12405,Dakar,Urbain,8,53.0,H,Primaire,111000.0,73000.0,Oui,Non,Oui
M12406,Dakar,Urbain,4,57.0,H,Primaire,309000.0,277000.0,Oui,Oui,Oui
M12407,Diourbel,Urbain,5,50.0,F,Supérieur,499000.0,398000.0,Oui,Oui,Oui
M12408,Saint-Louis,Rural,8,51.0,H,Coranique,210000.0,207000.0,Oui,Non,Oui
M12409,Saint-Louis,Rural,8,46.0,H,Coranique,123000.0,119000.0,Oui,Non,Non
M12410,Ziguinchor,Urbain,11,59.0,H,Coranique,,117000.0,Oui,Oui,Non
M12411,Dakar,Urbain,5,27.0,H,Supérieur,,776000.0,Oui,Oui,Oui
M12412,Tambacounda,Rural,6,52.0,F,Primaire,268000.0,223000.0,Oui,Non,Non
M12413,Thiès,Rural,11,50.0,H,Aucun,80000.0,68000.0,Non,Oui,Oui
M12414,Thiès,Urbain,3,61.0,H,Supérieur,585000.0,471000.0,Non,Oui,Oui
M12415,Thiès,Urbain,7,58.0,F,Aucun,156000.0,114000.0,Oui,Oui,Non
M12416,Thiès,Rural,10,58.0,F,Aucun,87000.0,72000.0,Non,Non,Oui
M12417,Ziguinchor,Urbain,3,24.0,H,Primaire,86000.0,75000.0,Oui,Non,Oui
M12418,Dakar,Urbain,5,50.0,H,Supérieur,,227000.0,Oui,Oui,Oui
M12419,Dakar,Urbain,6,52.0,H,Supérieur,,328000.0,Oui,Oui,Oui
M12420,Saint-Louis,Rural,3,46.0,H,Aucun,147000.0,87000.0,Non,Non,Non
M12421,Thiès,Rural,6,63.0,F,Aucun,165000.0,146000.0,Oui,Oui,Oui
M12422,Saint-Louis,Rural,5,58.0,H,Primaire,497000.0,354000.0,Non,Oui,Non
M12423,Saint-Louis,Rural,8,,H,Aucun,238000.0,183000.0,Oui,Non,Oui
M12424,Diourbel,Rural,8,37.0,H,Secondaire,295000.0,204000.0,Non,Non,Non
M12425,Dakar,Urbain,9,67.0,H,Coranique,349000.0,248000.0,Oui,Non,Non
M12426,Dakar,Urbain,5,51.0,H,Secondaire,213000.0,133000.0,Oui,Oui,Oui
M12427,Diourbel,Urbain,9,65.0,H,Aucun,259000.0,173000.0,Oui,Oui,Oui
M12428,Thiès,Rural,9,68.0,F,Supérieur,151000.0,107000.0,Oui,Oui,Non
M12429,Saint-Louis,Urbain,8,45.0,F,Secondaire,1163000.0,877000.0,Oui,Non,Non
M12430,Diourbel,Rural,13,39.0,F,Aucun,108000.0,77000.0,Non,Non,Non
M12431,Ziguinchor,Urbain,8,47.0,H,Supérieur,1724000.0,1115000.0,Oui,Oui,Oui
M12432,Dakar,Urbain,6,46.0,H,Primaire,538000.0,443000.0,Oui,Non,Oui
M12433,Kaolack,Rural,12,59.0,H,Secondaire,125000.0,113000.0,Oui,Oui,Non
M12434,Diourbel,Rural,7,44.0,F,Secondaire,193000.0,141000.0,Non,Oui,Non
M12435,Louga,Rural,5,,H,Aucun,248000.0,159000.0,Non,Non,Oui
M12436,Thiès,Urbain,7,44.0,H,Coranique,107000.0,62000.0,Oui,Non,Oui
M12437,Thiès,Urbain,10,34.0,H,Primaire,320000.0,224000.0,Non,Non,Non
M12438,Diourbel,Urbain,10,26.0,F,Aucun,192000.0,144000.0,Oui,Oui,Oui
M12439,Dakar,Urbain,8,34.0,F,Primaire,,75000.0,Non,Oui,Oui
M12440,Dakar,Urbain,3,44.0,H,Aucun,164000.0,124000.0,Oui,Oui,Non
M12441,Dakar,Urbain,9,54.0,H,Aucun,125000.0,76000.0,Oui,Non,Oui
M12442,Kaolack,Urbain,13,38.0,H,Supérieur,,568000.0,Oui,Oui,Oui
M12443,Louga,Rural,9,31.0,H,Aucun,78000.0,79000.0,Non,Non,Oui
M12444,Kaolack,Urbain,8,40.0,H,Primaire,118000.0,86000.0,Oui,Non,Oui
M12445,Kaolack,Rural,13,38.0,H,Primaire,179000.0,158000.0,Non,Non,Oui
M12446,Tambacounda,Urbain,7,39.0,H,Primaire,358000.0,242000.0,Oui,Oui,Oui
M12447,Dakar,Urbain,12,40.0,H,Coranique,334000.0,252000.0,Oui,Oui,Oui
M12448,Ziguinchor,Rural,12,62.0,H,Aucun,274000.0,249000.0,Oui,Non,Non
M12449,Thiès,Urbain,8,29.0,H,Supérieur,,395000.0,Oui,Oui,Oui
M12450,Ziguinchor,Rural,6,29.0,F,Coranique,127000.0,109000.0,Oui,Oui,Oui
M12451,Saint-Louis,Rural,10,53.0,H,Primaire,120000.0,90000.0,Non,Non,Oui
M12452,Tambacounda,Rural,6,51.0,H,Coranique,236000.0,136000.0,Oui,Non,Non
M12453,Thiès,Urbain,9,40.0,F,Coranique,128000.0,112000.0,Oui,Oui,Oui
M12454,Kaolack,Rural,10,34.0,H,Secondaire,102000.0,110000.0,Non,Non,Oui
M12455,Kaolack,Rural,11,56.0,H,Primaire,300000.0,265000.0,Oui,Non,Non
M12456,Diourbel,Urbain,9,44.0,H,Aucun,176000.0,138000.0,Oui,Oui,Oui
M12457,Kaolack,Urbain,2,42.0,H,Secondaire,92000.0,85000.0,Oui,Non,Non
M12458,Ziguinchor,Rural,6,42.0,H,Secondaire,182000.0,173000.0,Oui,Oui,Oui
M12459,Tambacounda,Rural,8,40.0,H,Aucun,154000.0,123000.0,Oui,Non,Non
M12460,Thiès,Rural,5,61.0,H,Coranique,214000.0,147000.0,Non,Non,Oui
M12461,Tambacounda,Rural,7,51.0,H,Aucun,198000.0,133000.0,Non,Non,Non
M12462,Thiès,Urbain,4,43.0,H,Secondaire,335000.0,216000.0,Non,Non,Oui
M12463,Dakar,Urbain,7,47.0,F,Primaire,173000.0,150000.0,Oui,Oui,Oui
M12464,Diourbel,Rural,12,48.0,H,Aucun,382000.0,318000.0,Non,Non,Non
M12465,Dakar,Rural,9,55.0,H,Secondaire,,168000.0,Non,Oui,Oui
M12466,Louga,Rural,9,34.0,H,Secondaire,280000.0,165000.0,Oui,Oui,Oui
M12467,Ziguinchor,Rural,10,41.0,F,Aucun,178000.0,145000.0,Oui,Non,Non
M12468,Kaolack,Urbain,3,56.0,H,Coranique,250000.0,176000.0,Oui,Oui,Oui
M12469,Kaolack,Rural,7,53.0,H,Primaire,97000.0,90000.0,Oui,Non,Non
M12470,Tambacounda,Urbain,7,39.0,H,Supérieur,341000.0,331000.0,Oui,Non,Oui
M12471,Kaolack,Rural,13,41.0,H,Primaire,405000.0,322000.0,Oui,Non,Oui
M12472,Diourbel,Urbain,7,65.0,F,Secondaire,276000.0,231000.0,Oui,Non,Non
M12473,Dakar,Urbain,8,53.0,F,Primaire,,157000.0,Oui,Non,Oui
M12474,Dakar,Urbain,8,40.0,H,Primaire,759000.0,816000.0,Oui,Non,Non
M12475,Diourbel,Rural,4,55.0,H,Aucun,,89000.0,Oui,Oui,Non
M12476,Louga,Urbain,7,78.0,F,Coranique,200000.0,138000.0,Oui,Non,Oui
M12477,Diourbel,Rural,11,30.0,F,Aucun,172000.0,124000.0,Non,Non,Oui
M12478,Thiès,Rural,6,80.0,H,Aucun,131000.0,81000.0,Oui,Non,Non
M12479,Dakar,Urbain,9,48.0,F,Secondaire,1202000.0,1010000.0,Oui,Oui,Oui
M12480,Saint-Louis,Rural,6,57.0,H,Primaire,121000.0,97000.0,Non,Non,Non
M12481,Thiès,Urbain,12,46.0,H,Aucun,144000.0,137000.0,Oui,Non,Oui
M12482,Louga,Rural,6,60.0,H,Aucun,181000.0,99000.0,Non,Oui,Non
M12483,Dakar,Urbain,8,36.0,H,Secondaire,,232000.0,Oui,Oui,Oui
M12484,Diourbel,Urbain,7,54.0,H,Primaire,443000.0,358000.0,Oui,Non,Oui
M12485,Louga,Rural,12,48.0,H,Aucun,182000.0,210000.0,Non,Non,Non
M12486,Kaolack,Urbain,10,43.0,H,Secondaire,263000.0,195000.0,Oui,Non,Oui
M12487,Louga,Urbain,4,41.0,F,Primaire,329000.0,298000.0,Oui,Oui,Non
M12488,Dakar,Urbain,4,51.0,H,Primaire,473000.0,372000.0,Oui,Oui,Oui
M12489,Saint-Louis,Rural,13,40.0,H,Primaire,131000.0,105000.0,Oui,Non,Non
M12490,Dakar,Urbain,8,67.0,F,Secondaire,175000.0,131000.0,Oui,Oui,Oui
M12491,Louga,Rural,7,59.0,H,Aucun,94000.0,84000.0,Non,Oui,Oui
M12492,Ziguinchor,Rural,10,21.0,H,Aucun,92000.0,77000.0,Oui,Non,Non
M12493,Thiès,Urbain,10,,F,Secondaire,,374000.0,Oui,Non,Oui
M12494,Thiès,Rural,16,67.0,H,Primaire,166000.0,152000.0,Non,Non,Oui
M12495,Louga,Rural,4,63.0,H,Primaire,125000.0,96000.0,Non,Non,Oui
M12496,Saint-Louis,Rural,8,23.0,H,Coranique,139000.0,102000.0,Non,Non,Oui
M12497,Saint-Louis,Rural,8,56.0,H,Aucun,95000.0,82000.0,Non,Non,Oui
M12498,Diourbel,Urbain,6,46.0,F,Aucun,,138000.0,Oui,Oui,Oui
M12499,Dakar,Urbain,9,50.0,F,Supérieur,466000.0,423000.0,Oui,Oui,Oui
M12500,Louga,Rural,6,31.0,H,Aucun,158000.0,124000.0,Oui,Non,Non
M12501,Tambacounda,Urbain,7,58.0,F,Primaire,,305000.0,Oui,Oui,Oui
M12502,Dakar,Urbain,7,44.0,H,Coranique,,89000.0,Oui,Oui,Non
M12503,Thiès,Rural,7,51.0,H,Aucun,244000.0,210000.0,Oui,Non,Non
M12504,Saint-Louis,Rural,8,56.0,H,Aucun,214000.0,216000.0,Non,Non,Oui
M12505,Dakar,Urbain,3,34.0,H,Supérieur,1306000.0,1156000.0,Oui,Oui,Oui
M12506,Ziguinchor,Rural,12,42.0,H,Primaire,120000.0,99000.0,Non,Oui,Oui
M12507,Tambacounda,Urbain,12,62.0,H,Primaire,298000.0,232000.0,Oui,Oui,Oui
M12508,Thiès,Rural,13,76.0,H,Coranique,255000.0,252000.0,Oui,Non,Oui
M12509,Kaolack,Urbain,5,55.0,H,Secondaire,241000.0,172000.0,Oui,Non,Oui
M12510,Diourbel,Rural,10,49.0,F,Secondaire,69000.0,54000.0,Non,Non,Oui
M12511,Dakar,Rural,7,,H,Secondaire,212000.0,158000.0,Oui,Non,Oui
M12512,Tambacounda,Urbain,4,52.0,H,Supérieur,483000.0,357000.0,Oui,Non,Oui
M12513,Thiès,Urbain,6,56.0,F,Primaire,,137000.0,Oui,Oui,Oui
M12514,Saint-Louis,Rural,10,50.0,H,Primaire,164000.0,118000.0,Oui,Non,Oui
M12515,Dakar,Urbain,4,20.0,H,Primaire,209000.0,220000.0,Oui,Oui,Oui
M12516,Kaolack,Rural,8,28.0,F,Aucun,79000.0,62000.0,Non,Non,Oui
M12517,Kaolack,Rural,2,61.0,H,Aucun,78000.0,64000.0,Oui,Non,Non
M12518,Tambacounda,Rural,7,54.0,H,Aucun,79000.0,53000.0,Non,Non,Non
M12519,Dakar,Urbain,6,46.0,H,Aucun,,152000.0,Oui,Non,Oui
M12520,Dakar,Urbain,12,35.0,H,Supérieur,,614000.0,Oui,Oui,Oui
M12521,Louga,Urbain,11,44.0,F,Aucun,407000.0,311000.0,Oui,Non,Oui
M12522,Diourbel,Urbain,6,64.0,H,Primaire,,110000.0,Oui,Non,Non
M12523,Dakar,Urbain,6,45.0,H,Coranique,127000.0,91000.0,Oui,Non,Non
M12524,Saint-Louis,Rural,6,32.0,H,Aucun,236000.0,169000.0,Oui,Oui,Oui
M12525,Kaolack,Urbain,9,63.0,H,Aucun,134000.0,132000.0,Oui,Non,Oui
M12526,Dakar,Rural,5,78.0,H,Coranique,248000.0,204000.0,Non,Non,Non
M12527,Tambacounda,Urbain,6,54.0,F,Secondaire,296000.0,188000.0,Oui,Oui,Oui
M12528,Louga,Urbain,8,55.0,H,Aucun,111000.0,90000.0,Oui,Oui,Non
M12529,Saint-Louis,Rural,6,52.0,H,Primaire,180000.0,127000.0,Non,Non,Oui
M12530,Ziguinchor,Rural,9,49.0,H,Primaire,218000.0,210000.0,Non,Oui,Non
M12531,Thiès,Rural,9,42.0,H,Coranique,223000.0,220000.0,Non,Non,Non
M12532,Diourbel,Rural,8,65.0,H,Aucun,159000.0,138000.0,Non,Non,Oui
M12533,Dakar,Urbain,9,33.0,H,Aucun,154000.0,146000.0,Oui,Non,Non
M12534,Dakar,Urbain,6,58.0,H,Aucun,265000.0,239000.0,Oui,Non,Non
M12535,Kaolack,Urbain,7,43.0,H,Secondaire,262000.0,205000.0,Oui,Non,Non
M12536,Dakar,Urbain,4,48.0,H,Primaire,70000.0,60000.0,Oui,Oui,Non
M12537,Saint-Louis,Rural,4,53.0,H,Coranique,154000.0,115000.0,Oui,Non,Non
M12538,Diourbel,Urbain,13,,H,Supérieur,1116000.0,1064000.0,Oui,Oui,Oui
M12539,Dakar,Urbain,10,47.0,H,Secondaire,502000.0,336000.0,Oui,Non,Non
M12540,Dakar,Urbain,6,30.0,F,Secondaire,,177000.0,Oui,Oui,Oui
M12541,Ziguinchor,Urbain,7,45.0,H,Secondaire,350000.0,271000.0,Oui,Oui,Oui
M12542,Ziguinchor,Urbain,6,63.0,F,Primaire,401000.0,351000.0,Oui,Non,Oui
M12543,Saint-Louis,Urbain,9,53.0,H,Primaire,,136000.0,Oui,Oui,Oui
M12544,Dakar,Urbain,13,47.0,F,Secondaire,689000.0,666000.0,Oui,Oui,Oui
M12545,Dakar,Urbain,9,46.0,H,Secondaire,594000.0,440000.0,Oui,Non,Oui
M12546,Thiès,Rural,12,30.0,H,Primaire,273000.0,217000.0,Non,Non,Non
M12547,Dakar,Urbain,5,21.0,H,Secondaire,338000.0,293000.0,Oui,Non,Oui
M12548,Dakar,Urbain,11,68.0,F,Aucun,180000.0,127000.0,Oui,Oui,Oui
M12549,Louga,Rural,12,70.0,H,Coranique,354000.0,273000.0,Oui,Non,Oui
M12550,Saint-Louis,Rural,6,,H,Coranique,233000.0,175000.0,Oui,Non,Non
M12551,Saint-Louis,Urbain,5,66.0,H,Secondaire,173000.0,122000.0,Oui,Oui,Oui
M12552,Thiès,Rural,7,47.0,F,Aucun,128000.0,107000.0,Oui,Non,Oui
M12553,Saint-Louis,Rural,11,,H,Aucun,94000.0,87000.0,Oui,Non,Non
M12554,Dakar,Urbain,7,44.0,F,Secondaire,641000.0,525000.0,Oui,Non,Non
M12555,Thiès,Rural,8,68.0,H,Primaire,133000.0,113000.0,Oui,Oui,Non
M12556,Louga,Rural,8,46.0,H,Aucun,18000.0,17000.0,Oui,Non,Oui
M12557,Thiès,Urbain,8,57.0,H,Supérieur,,484000.0,Oui,Oui,Oui
M12558,Thiès,Rural,11,58.0,H,Coranique,194000.0,157000.0,Oui,Non,Oui
M12559,Diourbel,Urbain,10,42.0,H,Supérieur,663000.0,610000.0,Oui,Non,Oui
M12560,Kaolack,Urbain,8,57.0,H,Supérieur,453000.0,400000.0,Oui,Oui,Non
M12561,Kaolack,Urbain,6,32.0,F,Coranique,181000.0,145000.0,Oui,Oui,Oui
M12562,Ziguinchor,Rural,5,56.0,H,Primaire,162000.0,133000.0,Non,Non,Non
M12563,Louga,Rural,6,44.0,F,Secondaire,56000.0,42000.0,Non,Oui,Non
M12564,Dakar,Urbain,2,38.0,F,Secondaire,225000.0,171000.0,Oui,Oui,Oui
M12565,Saint-Louis,Urbain,7,42.0,H,Aucun,,277000.0,Oui,Non,Oui
M12566,Dakar,Urbain,6,45.0,H,Coranique,193000.0,143000.0,Oui,Non,Oui
M12567,Dakar,Urbain,6,43.0,H,Primaire,146000.0,72000.0,Oui,Non,Oui
M12568,Diourbel,Urbain,7,61.0,H,Primaire,134000.0,106000.0,Oui,Oui,Oui
M12569,Diourbel,Rural,5,33.0,H,Primaire,179000.0,173000.0,Oui,Non,Non
M12570,Saint-Louis,Rural,99,62.0,H,Coranique,128000.0,111000.0,Oui,Non,Non
M12571,Diourbel,Urbain,7,48.0,H,Secondaire,434000.0,311000.0,Oui,Oui,Oui
M12572,Kaolack,Urbain,5,49.0,H,Secondaire,801000.0,560000.0,Oui,Non,Oui
M12573,Kaolack,Urbain,6,45.0,H,Secondaire,579000.0,404000.0,Oui,Oui,Oui
M12574,Kaolack,Urbain,5,52.0,F,Secondaire,875000.0,675000.0,Oui,Non,Oui
M12575,Thiès,Urbain,7,54.0,F,Aucun,104000.0,99000.0,Oui,Non,Oui
M12576,Tambacounda,Rural,10,66.0,H,Aucun,241000.0,238000.0,Oui,Non,Oui
M12577,Tambacounda,Rural,8,54.0,H,Aucun,115000.0,85000.0,Non,Non,Oui
M12578,Saint-Louis,Rural,8,57.0,H,Coranique,134000.0,107000.0,Oui,Non,Oui
M12579,Dakar,Urbain,9,21.0,H,Coranique,581000.0,506000.0,Oui,Oui,Non
M12580,Ziguinchor,Urbain,6,37.0,H,Supérieur,323000.0,305000.0,Oui,Oui,Oui
M12581,Saint-Louis,Rural,5,55.0,H,Primaire,235000.0,159000.0,Non,Non,Oui
M12582,Saint-Louis,Rural,5,56.0,H,Coranique,48000.0,39000.0,Oui,Non,Oui
M12583,Ziguinchor,Urbain,8,56.0,F,Primaire,529000.0,420000.0,Oui,Non,Oui
M12584,Thiès,Urbain,99,48.0,H,Supérieur,635000.0,490000.0,Oui,Oui,Non
M12585,Saint-Louis,Urbain,2,46.0,H,Aucun,190000.0,202000.0,Oui,Non,Oui
M12586,Dakar,Urbain,8,53.0,H,Coranique,89000.0,95000.0,Oui,Non,Non
M12587,Ziguinchor,Rural,10,47.0,H,Coranique,72000.0,54000.0,Non,Oui,Oui
M12588,Ziguinchor,Rural,4,38.0,H,Primaire,,188000.0,Oui,Oui,Non
M12589,Diourbel,Urbain,3,52.0,H,Coranique,226000.0,171000.0,Oui,Non,Oui
M12590,Kaolack,Rural,13,49.0,H,Coranique,152000.0,106000.0,Non,Non,Non
M12591,Dakar,Urbain,8,30.0,H,Supérieur,372000.0,331000.0,Oui,Oui,Oui
M12592,Dakar,Urbain,7,,F,Primaire,158000.0,119000.0,Oui,Oui,Oui
M12593,Dakar,Urbain,5,63.0,H,Secondaire,261000.0,243000.0,Oui,Oui,Non
M12594,Dakar,Urbain,3,59.0,F,Primaire,205000.0,174000.0,Oui,Oui,Oui
M12595,Diourbel,Rural,11,36.0,H,Coranique,525000.0,441000.0,Oui,Non,Non
M12596,Thiès,Rural,8,38.0,F,Primaire,153000.0,103000.0,Oui,Non,Non
M12597,Diourbel,Urbain,3,45.0,H,Primaire,379000.0,365000.0,Oui,Non,Oui
M12598,Dakar,Urbain,10,23.0,F,Supérieur,378000.0,289000.0,Oui,Oui,Oui
M12599,Louga,Rural,8,57.0,F,Primaire,,104000.0,Non,Oui,Oui
M12600,Thiès,Urbain,4,47.0,H,Aucun,120000.0,93000.0,Oui,Non,Oui
M12601,Thiès,Urbain,6,46.0,F,Primaire,338000.0,222000.0,Oui,Non,Oui
M12602,Dakar,Urbain,6,40.0,H,Secondaire,382000.0,330000.0,Oui,Non,Oui
M12603,Thiès,Rural,12,56.0,F,Primaire,157000.0,148000.0,Non,Non,Non
M12604,Thiès,Rural,12,49.0,H,Primaire,180000.0,107000.0,Non,Oui,Oui
M12605,Louga,Rural,13,49.0,H,Aucun,196000.0,162000.0,Oui,Oui,Non
M12606,Dakar,Urbain,8,34.0,H,Secondaire,409000.0,406000.0,Oui,Oui,Oui
M12607,Dakar,Urbain,13,48.0,H,Primaire,334000.0,219000.0,Oui,Non,Oui
M12608,Dakar,Urbain,3,34.0,H,Aucun,218000.0,160000.0,Oui,Oui,Oui
M12609,Louga,Urbain,7,47.0,H,Primaire,,1037000.0,Oui,Oui,Oui
M12610,Diourbel,Urbain,9,56.0,H,Secondaire,,271000.0,Oui,Oui,Oui
M12611,Kaolack,Urbain,6,47.0,H,Aucun,152000.0,114000.0,Oui,Non,Non
M12612,Dakar,Urbain,99,66.0,H,Secondaire,267000.0,223000.0,Oui,Oui,Non
M12613,Diourbel,Urbain,9,42.0,H,Coranique,221000.0,188000.0,Oui,Non,Oui
M12614,Louga,Urbain,8,49.0,H,Primaire,192000.0,143000.0,Non,Non,Oui
M12615,Diourbel,Rural,8,43.0,H,Aucun,57000.0,42000.0,Oui,Non,Non
M12616,Thiès,Urbain,7,65.0,F,Aucun,,66000.0,Non,Oui,Non
M12617,Thiès,Rural,14,56.0,H,Secondaire,135000.0,113000.0,Oui,Non,Non
M12618,Kaolack,Rural,7,62.0,H,Aucun,61000.0,55000.0,Oui,Non,Oui
M12619,Kaolack,Rural,7,71.0,H,Aucun,72000.0,62000.0,Non,Non,Oui
M12620,Dakar,Urbain,5,43.0,H,Supérieur,325000.0,314000.0,Oui,Oui,Oui
M12621,Dakar,Urbain,5,52.0,H,Secondaire,,124000.0,Oui,Non,Non
M12622,Dakar,Urbain,6,35.0,H,Secondaire,248000.0,169000.0,Oui,Oui,Non
M12623,Thiès,Rural,13,49.0,H,Primaire,54000.0,55000.0,Oui,Oui,Oui
M12624,Louga,Urbain,10,61.0,F,Aucun,394000.0,392000.0,Oui,Oui,Oui
M12625,Dakar,Urbain,3,38.0,H,Primaire,260000.0,183000.0,Oui,Non,Oui
M12626,Kaolack,Rural,5,61.0,F,Coranique,403000.0,328000.0,Non,Non,Non
M12627,Thiès,Rural,13,45.0,H,Primaire,255000.0,164000.0,Non,Non,Oui
M12628,Dakar,Urbain,10,,F,Supérieur,1214000.0,956000.0,Oui,Non,Oui
M12629,Kaolack,Rural,7,69.0,H,Coranique,269000.0,211000.0,Non,Non,Oui
M12630,Diourbel,Rural,8,36.0,H,Secondaire,225000.0,151000.0,Non,Oui,Oui
M12631,Dakar,Urbain,6,56.0,F,Primaire,230000.0,182000.0,Oui,Non,Oui
M12632,Diourbel,Rural,5,68.0,H,Aucun,42000.0,30000.0,Oui,Non,Oui
M12633,Thiès,Rural,4,51.0,F,Primaire,267000.0,237000.0,Oui,Non,Non
M12634,Dakar,Urbain,7,38.0,F,Secondaire,,245000.0,Oui,Oui,Oui
M12635,Dakar,Urbain,3,44.0,H,Secondaire,273000.0,210000.0,Oui,Oui,Oui
M12636,Tambacounda,Rural,5,43.0,H,Aucun,118000.0,102000.0,Oui,Non,Non
M12637,Dakar,Urbain,8,20.0,H,Secondaire,305000.0,260000.0,Oui,Oui,Oui
M12638,Diourbel,Rural,14,29.0,H,Aucun,303000.0,219000.0,Oui,Non,Oui
M12639,Dakar,Urbain,7,40.0,F,Secondaire,760000.0,623000.0,Oui,Non,Oui
M12640,Dakar,Urbain,5,47.0,H,Secondaire,425000.0,305000.0,Oui,Oui,Oui
M12641,Kaolack,Urbain,3,40.0,H,Aucun,,150000.0,Oui,Non,Oui
M12642,Diourbel,Rural,13,45.0,H,Primaire,473000.0,405000.0,Non,Oui,Non
M12643,Diourbel,Urbain,4,33.0,H,Secondaire,440000.0,407000.0,Oui,Non,Oui
M12644,Dakar,Urbain,9,59.0,H,Primaire,248000.0,189000.0,Oui,Oui,Non
M12645,Kaolack,Rural,8,40.0,H,Primaire,85000.0,77000.0,Oui,Non,Non
M12646,Saint-Louis,Rural,10,47.0,H,Aucun,208000.0,157000.0,Non,Non,Oui
M12647,Thiès,Urbain,4,40.0,H,Supérieur,1021000.0,840000.0,Oui,Oui,Oui
M12648,Dakar,Urbain,4,61.0,F,Primaire,358000.0,336000.0,Oui,Oui,Non
M12649,Tambacounda,Rural,4,42.0,H,Secondaire,269000.0,238000.0,Oui,Non,Non
M12650,Thiès,Urbain,10,51.0,H,Secondaire,422000.0,361000.0,Oui,Oui,Oui
M12651,Dakar,Urbain,5,47.0,H,Aucun,176000.0,146000.0,Oui,Non,Oui
M12652,Kaolack,Urbain,3,30.0,H,Aucun,789000.0,556000.0,Oui,Oui,Oui
M12653,Thiès,Urbain,6,51.0,H,Aucun,,144000.0,Oui,Oui,Oui
M12654,Saint-Louis,Rural,11,38.0,H,Primaire,817000.0,685000.0,Oui,Non,Oui
M12655,Dakar,Urbain,6,56.0,H,Secondaire,,526000.0,Oui,Oui,Oui
M12656,Dakar,Urbain,14,29.0,F,Supérieur,1735000.0,1504000.0,Oui,Oui,Oui
M12657,Louga,Urbain,7,48.0,H,Secondaire,239000.0,183000.0,Oui,Oui,Oui
M12658,Diourbel,Urbain,8,56.0,H,Secondaire,104000.0,62000.0,Oui,Non,Oui
M12659,Dakar,Urbain,8,42.0,H,Primaire,421000.0,418000.0,Oui,Oui,Non
M12660,Dakar,Urbain,6,36.0,F,Aucun,167000.0,149000.0,Oui,Oui,Non
M12661,Dakar,Urbain,8,51.0,H,Supérieur,1285000.0,870000.0,Oui,Oui,Oui
M12662,Kaolack,Urbain,8,21.0,H,Secondaire,191000.0,142000.0,Oui,Oui,Oui
M12663,Dakar,Urbain,8,52.0,H,Aucun,207000.0,169000.0,Oui,Non,Non
M12664,Dakar,Urbain,7,90.0,H,Aucun,,192000.0,Oui,Non,Oui
M12665,Dakar,Urbain,5,61.0,F,Aucun,324000.0,218000.0,Oui,Oui,Oui
M12666,Thiès,Rural,11,43.0,H,Secondaire,186000.0,179000.0,Non,Non,Oui
M12667,Dakar,Urbain,9,65.0,H,Coranique,265000.0,169000.0,Oui,Non,Oui
M12668,Thiès,Rural,14,57.0,F,Aucun,268000.0,212000.0,Non,Non,Oui
M12669,Diourbel,Urbain,11,,F,Secondaire,257000.0,195000.0,Oui,Non,Oui
M12670,Dakar,Urbain,10,28.0,F,Supérieur,,359000.0,Oui,Oui,Oui
M12671,Diourbel,Rural,13,37.0,F,Coranique,104000.0,93000.0,Oui,Non,Non
M12672,Kaolack,Rural,7,50.0,H,Primaire,154000.0,103000.0,Non,Non,Non
M12673,Ziguinchor,Rural,7,46.0,H,Aucun,121000.0,85000.0,Non,Non,Oui
M12674,Dakar,Urbain,8,57.0,H,Supérieur,514000.0,420000.0,Oui,Oui,Oui
M12675,Tambacounda,Urbain,10,73.0,H,Secondaire,460000.0,455000.0,Oui,Oui,Oui
M12676,Thiès,Urbain,9,41.0,F,Secondaire,,529000.0,Oui,Oui,Oui
M12677,Dakar,Urbain,10,56.0,H,Primaire,377000.0,313000.0,Oui,Oui,Non
M12678,Dakar,Urbain,8,50.0,H,Aucun,138000.0,119000.0,Oui,Non,Non
M12679,Thiès,Urbain,6,57.0,F,Secondaire,253000.0,231000.0,Non,Non,Non
M12680,Ziguinchor,Rural,10,27.0,H,Aucun,102000.0,70000.0,Oui,Non,Non
M12681,Dakar,Urbain,6,57.0,F,Coranique,62000.0,65000.0,Oui,Non,Oui
M12682,Diourbel,Rural,11,69.0,H,Coranique,117000.0,79000.0,Oui,Oui,Non
M12683,Kaolack,Rural,7,52.0,H,Coranique,111000.0,82000.0,Non,Non,Oui
M12684,Saint-Louis,Rural,8,50.0,H,Coranique,119000.0,104000.0,Oui,Non,Oui
M12685,Dakar,Urbain,11,30.0,H,Primaire,526000.0,357000.0,Oui,Non,Oui
M12686,Ziguinchor,Rural,8,65.0,H,Primaire,248000.0,195000.0,Non,Non,Oui
M12687,Dakar,Urbain,8,37.0,F,Primaire,199000.0,134000.0,Non,Oui,Non
M12688,Dakar,Urbain,6,49.0,F,Supérieur,1287000.0,1035000.0,Oui,Oui,Oui
M12689,Ziguinchor,Rural,11,57.0,H,Secondaire,634000.0,483000.0,Oui,Oui,Non
M12690,Dakar,Urbain,7,44.0,F,Coranique,464000.0,337000.0,Non,Oui,Oui
M12691,Tambacounda,Urbain,11,48.0,H,Coranique,452000.0,467000.0,Oui,Non,Oui
M12692,Thiès,Rural,16,65.0,F,Aucun,69000.0,55000.0,Non,Non,Oui
M12693,Dakar,Urbain,6,54.0,H,Primaire,208000.0,190000.0,Oui,Non,Oui
M12694,Thiès,Rural,4,20.0,H,Coranique,124000.0,97000.0,Oui,Non,Non
M12695,Ziguinchor,Rural,8,50.0,H,Coranique,157000.0,128000.0,Non,Non,Non
M12696,Dakar,Urbain,6,57.0,F,Secondaire,761000.0,545000.0,Oui,Oui,Oui
M12697,Dakar,Rural,10,55.0,F,Secondaire,253000.0,256000.0,Oui,Non,Non
M12698,Thiès,Rural,12,56.0,H,Coranique,234000.0,191000.0,Non,Non,Non
M12699,Dakar,Urbain,7,55.0,H,Secondaire,706000.0,696000.0,Oui,Oui,Oui
M12700,Ziguinchor,Rural,8,51.0,F,Coranique,120000.0,102000.0,Oui,Non,Oui
M12701,Dakar,Urbain,4,76.0,H,Aucun,246000.0,187000.0,Oui,Non,Non
M12702,Diourbel,Rural,11,43.0,H,Secondaire,163000.0,137000.0,Non,Oui,Oui
M12703,Tambacounda,Rural,11,28.0,H,Aucun,140000.0,99000.0,Oui,Non,Oui
M12704,Dakar,Urbain,6,33.0,H,Supérieur,303000.0,225000.0,Oui,Oui,Oui
M12705,Dakar,Urbain,6,38.0,H,Aucun,332000.0,203000.0,Non,Non,Oui
M12706,Kaolack,Rural,11,54.0,F,Primaire,104000.0,84000.0,Oui,Non,Non
M12707,Thiès,Urbain,8,52.0,F,Supérieur,534000.0,562000.0,Oui,Non,Oui
M12708,Thiès,Rural,9,57.0,H,Primaire,110000.0,97000.0,Oui,Oui,Non
M12709,Saint-Louis,Urbain,8,59.0,H,Aucun,83000.0,72000.0,Oui,Oui,Non
M12710,Dakar,Urbain,10,51.0,H,Coranique,211000.0,188000.0,Oui,Oui,Oui
M12711,Tambacounda,Urbain,12,57.0,H,Secondaire,,827000.0,Oui,Oui,Non
M12712,Thiès,Urbain,8,57.0,H,Secondaire,137000.0,125000.0,Oui,Oui,Oui
M12713,Ziguinchor,Urbain,7,64.0,H,Coranique,164000.0,134000.0,Oui,Non,Oui
M12714,Kaolack,Rural,10,43.0,H,Aucun,334000.0,315000.0,Oui,Non,Non
M12715,Thiès,Rural,12,38.0,F,Secondaire,162000.0,163000.0,Non,Non,Non
M12716,Saint-Louis,Urbain,6,45.0,H,Coranique,151000.0,82000.0,Oui,Oui,Oui
M12717,Kaolack,Rural,10,54.0,H,Coranique,118000.0,79000.0,Non,Non,Non
M12718,Dakar,Urbain,5,36.0,F,Supérieur,227000.0,191000.0,Oui,Oui,Oui
M12719,Dakar,Urbain,6,52.0,H,Aucun,,135000.0,Non,Non,Oui
M12720,Thiès,Urbain,6,42.0,F,Secondaire,184000.0,192000.0,Non,Oui,Oui
M12721,Dakar,Urbain,9,29.0,F,Secondaire,485000.0,426000.0,Oui,Oui,Oui
M12722,Kaolack,Urbain,4,45.0,H,Secondaire,480000.0,423000.0,Oui,Oui,Oui
M12723,Thiès,Rural,3,53.0,H,Primaire,195000.0,150000.0,Oui,Non,Oui
M12724,Diourbel,Rural,5,68.0,H,Aucun,,157000.0,Non,Non,Non
M12725,Diourbel,Rural,8,41.0,F,Primaire,167000.0,118000.0,Oui,Non,Non
M12726,Diourbel,Rural,9,66.0,H,Coranique,77000.0,61000.0,Oui,Non,Oui
M12727,Diourbel,Urbain,6,45.0,H,Primaire,315000.0,212000.0,Oui,Oui,Oui
M12728,Dakar,Urbain,4,44.0,H,Primaire,,298000.0,Oui,Oui,Oui
M12729,Thiès,Rural,10,32.0,H,Aucun,134000.0,109000.0,Non,Non,Non
M12730,Diourbel,Urbain,7,48.0,F,Aucun,119000.0,88000.0,Oui,Oui,Oui
M12731,Kaolack,Urbain,7,47.0,F,Supérieur,195000.0,162000.0,Oui,Oui,Oui
M12732,Saint-Louis,Rural,3,25.0,H,Supérieur,123000.0,120000.0,Oui,Oui,Non
M12733,Diourbel,Rural,8,36.0,F,Coranique,103000.0,82000.0,Non,Oui,Non
M12734,Saint-Louis,Rural,8,35.0,H,Aucun,128000.0,112000.0,Oui,Non,Oui
M12735,Kaolack,Rural,10,56.0,F,Aucun,142000.0,98000.0,Oui,Non,Oui
M12736,Thiès,Urbain,3,59.0,H,Primaire,221000.0,183000.0,Oui,Non,Oui
M12737,Dakar,Urbain,4,43.0,F,Supérieur,619000.0,506000.0,Oui,Oui,Oui
M12738,Saint-Louis,Urbain,5,37.0,H,Secondaire,149000.0,145000.0,Oui,Non,Oui
M12739,Ziguinchor,Rural,10,20.0,F,Primaire,458000.0,391000.0,Oui,Oui,Oui
M12740,Dakar,Rural,7,50.0,H,Primaire,591000.0,467000.0,Oui,Non,Oui
M12741,Louga,Rural,5,,F,Aucun,187000.0,180000.0,Non,Non,Oui
M12742,Louga,Urbain,7,43.0,F,Aucun,444000.0,277000.0,Oui,Oui,Oui
M12743,Diourbel,Urbain,4,45.0,H,Coranique,,235000.0,Oui,Oui,Oui
M12744,Dakar,Urbain,7,26.0,H,Primaire,161000.0,132000.0,Oui,Oui,Oui
M12745,Ziguinchor,Rural,10,25.0,H,Aucun,73000.0,56000.0,Oui,Non,Non
M12746,Kaolack,Urbain,4,52.0,H,Coranique,183000.0,140000.0,Oui,Oui,Oui
M12747,Ziguinchor,Rural,7,43.0,H,Aucun,169000.0,129000.0,Non,Non,Non
M12748,Kaolack,Rural,10,56.0,H,Coranique,127000.0,108000.0,Oui,Non,Oui
M12749,Louga,Urbain,6,44.0,F,Primaire,585000.0,382000.0,Oui,Non,Oui
M12750,Dakar,Urbain,4,47.0,F,Supérieur,770000.0,514000.0,Oui,Oui,Oui
M12751,Dakar,Urbain,4,47.0,H,Secondaire,295000.0,271000.0,Oui,Non,Oui
M12752,Saint-Louis,Rural,6,29.0,H,Primaire,110000.0,91000.0,Non,Non,Oui
M12753,Ziguinchor,Urbain,8,29.0,H,Secondaire,223000.0,141000.0,Oui,Non,Oui
M12754,Ziguinchor,Rural,6,42.0,F,Coranique,127000.0,108000.0,Oui,Non,Oui
M12755,Dakar,Urbain,5,60.0,F,Primaire,107000.0,102000.0,Oui,Oui,Oui
M12756,Saint-Louis,Rural,5,74.0,H,Aucun,123000.0,121000.0,Non,Non,Non
M12757,Diourbel,Rural,11,43.0,H,Primaire,101000.0,75000.0,Oui,Non,Oui
M12758,Kaolack,Rural,4,,F,Coranique,110000.0,100000.0,Oui,Non,Non
M12759,Kaolack,Urbain,7,42.0,H,Secondaire,,396000.0,Oui,Oui,Oui
M12760,Thiès,Urbain,12,37.0,H,Primaire,877000.0,786000.0,Oui,Oui,Oui
M12761,Kaolack,Rural,13,43.0,H,Secondaire,347000.0,331000.0,Non,Oui,Non
M12762,Louga,Rural,5,50.0,F,Aucun,216000.0,210000.0,Non,Non,Non
M12763,Dakar,Urbain,11,39.0,H,Supérieur,863000.0,692000.0,Oui,Oui,Oui
M12764,Dakar,Urbain,5,82.0,H,Coranique,434000.0,343000.0,Oui,Oui,Oui
M12765,Tambacounda,Urbain,9,37.0,H,Secondaire,248000.0,186000.0,Oui,Oui,Oui
M12766,Diourbel,Rural,4,33.0,F,Aucun,109000.0,77000.0,Non,Oui,Non
M12767,Saint-Louis,Rural,11,40.0,H,Primaire,487000.0,463000.0,Oui,Non,Oui
M12768,Thiès,Rural,13,42.0,H,Aucun,157000.0,161000.0,Non,Non,Oui
M12769,Saint-Louis,Urbain,7,45.0,H,Coranique,,268000.0,Oui,Non,Non
M12770,Ziguinchor,Urbain,5,46.0,H,Secondaire,778000.0,509000.0,Oui,Non,Oui
M12771,Ziguinchor,Urbain,8,43.0,H,Supérieur,644000.0,628000.0,Oui,Non,Oui
M12772,Kaolack,Rural,8,59.0,F,Secondaire,229000.0,185000.0,Non,Oui,Oui
M12773,Kaolack,Rural,8,48.0,H,Coranique,154000.0,125000.0,Oui,Oui,Oui
M12774,Dakar,Urbain,7,38.0,H,Secondaire,249000.0,212000.0,Oui,Oui,Non
M12775,Tambacounda,Rural,8,55.0,H,Aucun,384000.0,324000.0,Non,Non,Oui
M12776,Saint-Louis,Rural,14,61.0,H,Aucun,147000.0,116000.0,Non,Non,Non
M12777,Kaolack,Rural,8,32.0,H,Secondaire,191000.0,150000.0,Non,Non,Oui
M12778,Kaolack,Rural,4,50.0,H,Primaire,68000.0,55000.0,Oui,Non,Non
M12779,Dakar,Urbain,7,20.0,H,Aucun,289000.0,221000.0,Oui,Non,Oui
M12780,Thiès,Rural,5,72.0,F,Coranique,69000.0,51000.0,Non,Non,Oui
M12781,Dakar,Urbain,7,53.0,F,Aucun,101000.0,65000.0,Oui,Oui,Oui
M12782,Tambacounda,Urbain,6,57.0,H,Aucun,351000.0,341000.0,Oui,Oui,Non
M12783,Dakar,Urbain,5,48.0,H,Supérieur,334000.0,299000.0,Oui,Oui,Oui
M12784,Dakar,Urbain,8,39.0,H,Secondaire,528000.0,428000.0,Oui,Non,Oui
M12785,Thiès,Urbain,10,45.0,F,Coranique,178000.0,157000.0,Oui,Oui,Oui
M12786,Dakar,Urbain,5,68.0,H,Secondaire,282000.0,278000.0,Oui,Oui,Oui
M12787,Tambacounda,Urbain,9,42.0,H,Supérieur,716000.0,572000.0,Oui,Oui,Oui
M12788,Ziguinchor,Rural,11,45.0,H,Supérieur,446000.0,370000.0,Oui,Non,Oui
M12789,Dakar,Urbain,8,47.0,H,Primaire,604000.0,593000.0,Non,Oui,Oui
M12790,Ziguinchor,Rural,12,34.0,H,Secondaire,944000.0,773000.0,Non,Oui,Oui
M12791,Dakar,Urbain,3,40.0,H,Primaire,581000.0,442000.0,Oui,Non,Oui
M12792,Louga,Rural,6,60.0,H,Secondaire,,331000.0,Non,Oui,Oui
M12793,Dakar,Urbain,8,44.0,H,Primaire,273000.0,208000.0,Oui,Oui,Non
M12794,Kaolack,Rural,11,48.0,F,Secondaire,,134000.0,Non,Non,Oui
M12795,Kaolack,Rural,5,55.0,F,Aucun,112000.0,83000.0,Oui,Non,Non
M12796,Dakar,Urbain,12,59.0,H,Primaire,,592000.0,Oui,Oui,Oui
M12797,Dakar,Urbain,6,47.0,F,Secondaire,302000.0,280000.0,Oui,Oui,Oui
M12798,Louga,Rural,7,46.0,H,Primaire,170000.0,120000.0,Oui,Oui,Oui
M12799,Dakar,Urbain,4,49.0,H,Supérieur,,366000.0,Oui,Oui,Oui
M12800,Kaolack,Rural,17,36.0,H,Coranique,215000.0,186000.0,Oui,Non,Non
M12801,Dakar,Urbain,15,55.0,H,Aucun,,305000.0,Oui,Oui,Oui
M12802,Dakar,Urbain,7,48.0,H,Supérieur,,336000.0,Non,Oui,Oui
M12803,Diourbel,Rural,10,,F,Coranique,227000.0,182000.0,Oui,Non,Non
M12804,Tambacounda,Rural,8,20.0,H,Aucun,86000.0,79000.0,Oui,Non,Oui
M12805,Ziguinchor,Rural,4,46.0,H,Aucun,64000.0,55000.0,Non,Non,Non
M12806,Kaolack,Rural,13,66.0,H,Primaire,79000.0,54000.0,Oui,Oui,Oui
M12807,Kaolack,Urbain,4,35.0,H,Primaire,291000.0,248000.0,Oui,Non,Oui
M12808,Tambacounda,Rural,10,51.0,H,Aucun,194000.0,165000.0,Non,Non,Non
M12809,Ziguinchor,Rural,6,53.0,H,Coranique,162000.0,105000.0,Non,Non,Oui
M12810,Saint-Louis,Rural,8,49.0,H,Supérieur,223000.0,174000.0,Oui,Non,Non
M12811,Saint-Louis,Rural,10,50.0,F,Coranique,106000.0,83000.0,Non,Non,Oui
M12812,Thiès,Urbain,5,41.0,H,Primaire,94000.0,78000.0,Oui,Non,Oui
M12813,Thiès,Urbain,12,60.0,F,Supérieur,,308000.0,Oui,Oui,Oui
M12814,Thiès,Urbain,6,50.0,F,Coranique,254000.0,196000.0,Oui,Non,Non
M12815,Dakar,Rural,7,65.0,H,Aucun,99000.0,86000.0,Oui,Non,Non
M12816,Dakar,Urbain,6,30.0,F,Primaire,174000.0,95000.0,Oui,Non,Oui
M12817,Saint-Louis,Rural,8,31.0,H,Primaire,109000.0,109000.0,Non,Non,Non
M12818,Diourbel,Rural,13,42.0,H,Primaire,190000.0,120000.0,Oui,Non,Oui
M12819,Thiès,Urbain,8,70.0,H,Secondaire,272000.0,138000.0,Oui,Oui,Oui
M12820,Dakar,Urbain,6,61.0,H,Secondaire,493000.0,441000.0,Oui,Non,Oui
M12821,Thiès,Rural,7,54.0,H,Aucun,201000.0,122000.0,Oui,Non,Non
M12822,Kaolack,Rural,3,43.0,H,Aucun,98000.0,84000.0,Non,Non,Non
M12823,Louga,Urbain,9,38.0,F,Aucun,314000.0,244000.0,Oui,Non,Non
M12824,Diourbel,Rural,5,43.0,F,Aucun,138000.0,130000.0,Non,Non,Non
M12825,Dakar,Urbain,5,36.0,H,Primaire,170000.0,97000.0,Oui,Non,Oui
M12826,Dakar,Urbain,8,51.0,H,Coranique,200000.0,181000.0,Oui,Oui,Non
M12827,Thiès,Urbain,11,56.0,H,Secondaire,373000.0,307000.0,Oui,Oui,Oui
M12828,Dakar,Urbain,6,75.0,H,Primaire,136000.0,85000.0,Oui,Oui,Oui
M12829,Dakar,Urbain,5,53.0,H,Primaire,130000.0,107000.0,Non,Oui,Oui
M12830,Dakar,Urbain,4,45.0,H,Supérieur,237000.0,210000.0,Oui,Oui,Oui
M12831,Diourbel,Urbain,8,33.0,H,Secondaire,877000.0,879000.0,Oui,Oui,Oui
M12832,Kaolack,Rural,9,35.0,H,Secondaire,274000.0,259000.0,Oui,Oui,Oui
M12833,Saint-Louis,Rural,10,33.0,F,Secondaire,292000.0,248000.0,Non,Non,Oui
M12834,Thiès,Rural,5,52.0,H,Coranique,114000.0,102000.0,Oui,Non,Oui
M12835,Tambacounda,Urbain,13,39.0,H,Primaire,165000.0,141000.0,Oui,Oui,Oui
M12836,Thiès,Rural,9,29.0,H,Coranique,181000.0,146000.0,Oui,Non,Oui
M12837,Saint-Louis,Rural,11,41.0,H,Coranique,99000.0,91000.0,Oui,Oui,Oui
M12838,Tambacounda,Urbain,5,40.0,H,Primaire,246000.0,197000.0,Oui,Oui,Oui
M12839,Dakar,Urbain,4,46.0,H,Aucun,224000.0,147000.0,Oui,Oui,Oui
M12840,Thiès,Rural,9,32.0,H,Secondaire,295000.0,214000.0,Non,Non,Oui
M12841,Dakar,Urbain,3,43.0,H,Supérieur,,153000.0,Oui,Oui,Non
M12842,Thiès,Rural,10,48.0,H,Aucun,247000.0,250000.0,Non,Non,Non
M12843,Tambacounda,Rural,2,70.0,F,Primaire,239000.0,182000.0,Non,Non,Oui
M12844,Tambacounda,Urbain,10,33.0,H,Aucun,,289000.0,Oui,Oui,Oui
M12845,Kaolack,Urbain,6,62.0,H,Secondaire,238000.0,174000.0,Oui,Non,Non
M12846,Dakar,Urbain,2,38.0,F,Primaire,114000.0,67000.0,Oui,Oui,Non
M12847,Diourbel,Rural,10,54.0,H,Aucun,479000.0,434000.0,Non,Non,Non
M12848,Dakar,Urbain,2,44.0,H,Supérieur,361000.0,315000.0,Oui,Oui,Oui
M12849,Louga,Urbain,6,36.0,H,Primaire,557000.0,418000.0,Oui,Oui,Oui
M12850,Thiès,Urbain,6,43.0,H,Primaire,,148000.0,Oui,Oui,Oui
M12851,Louga,Urbain,6,50.0,H,Aucun,301000.0,265000.0,Oui,Non,Oui
M12852,Diourbel,Rural,11,49.0,H,Coranique,104000.0,101000.0,Oui,Non,Non
M12853,Saint-Louis,Rural,9,44.0,H,Aucun,106000.0,74000.0,Non,Non,Non
M12854,Dakar,Urbain,4,56.0,H,Coranique,210000.0,164000.0,Oui,Oui,Oui
M12855,Dakar,Urbain,4,36.0,H,Primaire,376000.0,305000.0,Oui,Oui,Non
M12856,Dakar,Urbain,9,50.0,F,Aucun,,173000.0,Oui,Oui,Oui
M12857,Dakar,Urbain,3,38.0,H,Primaire,150000.0,126000.0,Oui,Non,Non
M12858,Saint-Louis,Urbain,4,38.0,F,Aucun,138000.0,99000.0,Non,Non,Oui
M12859,Saint-Louis,Rural,8,42.0,H,Primaire,229000.0,274000.0,Non,Non,Non
M12860,Saint-Louis,Urbain,14,46.0,H,Secondaire,847000.0,665000.0,Oui,Oui,Oui
M12861,Thiès,Urbain,5,82.0,H,Supérieur,404000.0,289000.0,Oui,Oui,Oui
M12862,Dakar,Urbain,7,43.0,F,Secondaire,313000.0,260000.0,Oui,Non,Non
M12863,Diourbel,Urbain,4,82.0,H,Secondaire,425000.0,394000.0,Oui,Oui,Oui
M12864,Saint-Louis,Rural,9,28.0,F,Primaire,125000.0,128000.0,Oui,Non,Non
M12865,Louga,Urbain,4,67.0,H,Supérieur,346000.0,261000.0,Oui,Oui,Oui
M12866,Saint-Louis,Urbain,11,52.0,H,Secondaire,524000.0,412000.0,Oui,Non,Oui
M12867,Ziguinchor,Rural,6,53.0,H,Aucun,151000.0,106000.0,Non,Non,Non
M12868,Saint-Louis,Urbain,10,49.0,H,Aucun,115000.0,78000.0,Oui,Oui,Oui
M12869,Ziguinchor,Rural,6,68.0,H,Coranique,59000.0,43000.0,Non,Non,Non
M12870,Kaolack,Rural,6,25.0,H,Primaire,268000.0,242000.0,Oui,Non,Oui
M12871,Kaolack,Urbain,10,50.0,F,Secondaire,,244000.0,Oui,Oui,Oui
M12872,Dakar,Urbain,9,68.0,H,Supérieur,,214000.0,Oui,Non,Oui
M12873,Thiès,Rural,6,55.0,H,Primaire,410000.0,307000.0,Oui,Non,Non
M12874,Kaolack,Urbain,7,,F,Primaire,319000.0,228000.0,Oui,Oui,Oui
M12875,Diourbel,Urbain,6,57.0,H,Supérieur,932000.0,518000.0,Oui,Oui,Oui
M12876,Dakar,Rural,7,45.0,H,Aucun,305000.0,192000.0,Oui,Non,Oui
M12877,Thiès,Urbain,12,58.0,H,Coranique,201000.0,168000.0,Oui,Oui,Non
M12878,Dakar,Urbain,6,60.0,F,Secondaire,,355000.0,Oui,Oui,Oui
M12879,Tambacounda,Urbain,7,24.0,H,Supérieur,718000.0,615000.0,Oui,Non,Oui
M12880,Ziguinchor,Urbain,4,59.0,F,Secondaire,,554000.0,Non,Oui,Oui
M12881,Diourbel,Urbain,6,57.0,H,Secondaire,406000.0,293000.0,Oui,Oui,Non
M12882,Ziguinchor,Rural,7,37.0,F,Primaire,256000.0,263000.0,Oui,Non,Non
M12883,Saint-Louis,Urbain,7,46.0,H,Secondaire,287000.0,273000.0,Oui,Oui,Oui
M12884,Dakar,Urbain,5,37.0,H,Supérieur,,622000.0,Oui,Oui,Oui
M12885,Tambacounda,Rural,10,28.0,H,Primaire,151000.0,89000.0,Oui,Non,Oui
M12886,Saint-Louis,Rural,7,48.0,H,Aucun,52000.0,42000.0,Non,Non,Oui
M12887,Ziguinchor,Urbain,10,65.0,H,Supérieur,446000.0,416000.0,Oui,Non,Oui
M12888,Dakar,Urbain,7,61.0,H,Aucun,,285000.0,Oui,Non,Non
M12889,Saint-Louis,Urbain,4,32.0,H,Primaire,535000.0,465000.0,Oui,Non,Non
M12890,Kaolack,Rural,7,67.0,H,Secondaire,323000.0,241000.0,Non,Non,Oui
M12891,Thiès,Rural,11,50.0,H,Aucun,,230000.0,Oui,Non,Non
M12892,Thiès,Rural,4,37.0,H,Coranique,92000.0,57000.0,Oui,Oui,Oui
M12893,Dakar,Urbain,9,22.0,F,Supérieur,186000.0,114000.0,Oui,Oui,Non
M12894,Dakar,Rural,12,40.0,H,Aucun,105000.0,99000.0,Oui,Non,Non
M12895,Saint-Louis,Rural,7,49.0,H,Aucun,113000.0,106000.0,Oui,Non,Oui
M12896,Kaolack,Rural,12,69.0,H,Secondaire,360000.0,289000.0,Oui,Non,Oui
M12897,Ziguinchor,Urbain,9,57.0,H,Secondaire,473000.0,386000.0,Oui,Oui,Oui
M12898,Louga,Urbain,99,54.0,F,Aucun,137000.0,87000.0,Oui,Oui,Oui
M12899,Saint-Louis,Urbain,8,76.0,H,Aucun,163000.0,140000.0,Oui,Oui,Oui
M12900,Thiès,Rural,9,49.0,H,Secondaire,240000.0,191000.0,Non,Non,Non
M12901,Dakar,Rural,7,42.0,H,Secondaire,356000.0,263000.0,Oui,Non,Non
M12902,Dakar,Urbain,7,45.0,H,Supérieur,1467000.0,1329000.0,Oui,Oui,Oui
M12903,Thiès,Rural,9,44.0,H,Primaire,341000.0,364000.0,Non,Non,Oui
M12904,Ziguinchor,Rural,10,52.0,F,Aucun,159000.0,119000.0,Oui,Non,Oui
M12905,Saint-Louis,Rural,6,56.0,H,Coranique,81000.0,69000.0,Non,Non,Oui
M12906,Saint-Louis,Rural,10,42.0,F,Aucun,85000.0,82000.0,Non,Non,Non
M12907,Dakar,Urbain,5,64.0,H,Secondaire,373000.0,401000.0,Oui,Oui,Oui
M12908,Louga,Urbain,10,46.0,H,Primaire,181000.0,206000.0,Oui,Oui,Oui
M12909,Dakar,Urbain,8,41.0,H,Aucun,81000.0,69000.0,Oui,Non,Oui
M12910,Tambacounda,Urbain,4,38.0,F,Secondaire,158000.0,143000.0,Oui,Non,Non
M12911,Diourbel,Rural,8,51.0,H,Secondaire,94000.0,66000.0,Oui,Oui,Non
M12912,Saint-Louis,Rural,13,58.0,H,Aucun,112000.0,90000.0,Non,Non,Oui
M12913,Ziguinchor,Urbain,9,37.0,F,Secondaire,299000.0,243000.0,Oui,Oui,Non
M12914,Louga,Rural,7,53.0,H,Aucun,218000.0,204000.0,Non,Oui,Non
M12915,Louga,Rural,16,54.0,H,Aucun,111000.0,88000.0,Non,Non,Non
M12916,Dakar,Rural,8,39.0,H,Coranique,120000.0,75000.0,Non,Non,Non
M12917,Tambacounda,Urbain,5,24.0,H,Primaire,106000.0,80000.0,Oui,Oui,Non
M12918,Louga,Urbain,7,63.0,H,Coranique,197000.0,124000.0,Oui,Non,Oui
M12919,Saint-Louis,Rural,3,45.0,H,Secondaire,219000.0,129000.0,Oui,Non,Oui
M12920,Diourbel,Urbain,4,49.0,H,Primaire,159000.0,147000.0,Oui,Non,Non
M12921,Thiès,Urbain,13,40.0,H,Secondaire,421000.0,337000.0,Oui,Oui,Oui
M12922,Thiès,Rural,8,73.0,H,Aucun,97000.0,85000.0,Oui,Non,Non
M12923,Kaolack,Rural,10,38.0,H,Primaire,105000.0,67000.0,Non,Non,Oui
M12924,Tambacounda,Urbain,9,54.0,H,Aucun,324000.0,210000.0,Oui,Non,Oui
M12925,Saint-Louis,Urbain,7,50.0,F,Coranique,375000.0,311000.0,Oui,Non,Oui
M12926,Diourbel,Urbain,4,45.0,F,Secondaire,758000.0,643000.0,Oui,Oui,Oui
M12927,Thiès,Rural,3,47.0,H,Aucun,35000.0,27000.0,Oui,Oui,Oui
M12928,Ziguinchor,Rural,5,36.0,F,Primaire,210000.0,188000.0,Oui,Non,Oui
M12929,Dakar,Urbain,12,20.0,H,Aucun,203000.0,174000.0,Oui,Oui,Non
M12930,Dakar,Urbain,9,39.0,H,Supérieur,852000.0,819000.0,Oui,Oui,Oui
M12931,Dakar,Urbain,7,27.0,H,Aucun,145000.0,117000.0,Oui,Non,Oui
M12932,Ziguinchor,Urbain,7,41.0,H,Primaire,309000.0,330000.0,Oui,Oui,Oui
M12933,Dakar,Urbain,9,49.0,H,Secondaire,181000.0,183000.0,Oui,Oui,Oui
M12934,Diourbel,Urbain,8,,H,Secondaire,277000.0,160000.0,Oui,Oui,Oui
M12935,Tambacounda,Rural,16,63.0,H,Coranique,125000.0,92000.0,Non,Oui,Oui
M12936,Thiès,Rural,14,27.0,H,Primaire,226000.0,193000.0,Oui,Oui,Oui
M12937,Diourbel,Rural,12,44.0,H,Secondaire,228000.0,206000.0,Non,Non,Non
M12938,Saint-Louis,Rural,10,57.0,F,Primaire,397000.0,324000.0,Oui,Non,Oui
M12939,Thiès,Rural,12,41.0,H,Primaire,146000.0,108000.0,Non,Non,Non
M12940,Dakar,Urbain,6,48.0,H,Secondaire,,105000.0,Oui,Oui,Oui
M12941,Dakar,Urbain,7,77.0,F,Secondaire,186000.0,146000.0,Oui,Non,Oui
M12942,Dakar,Urbain,8,38.0,F,Supérieur,,235000.0,Oui,Non,Oui
M12943,Saint-Louis,Rural,7,61.0,F,Aucun,67000.0,65000.0,Oui,Non,Oui
M12944,Louga,Urbain,5,47.0,H,Supérieur,238000.0,216000.0,Oui,Oui,Oui
M12945,Thiès,Rural,10,38.0,F,Aucun,152000.0,131000.0,Non,Non,Oui
M12946,Dakar,Urbain,5,49.0,H,Secondaire,290000.0,261000.0,Oui,Non,Non
M12947,Dakar,Rural,6,30.0,H,Primaire,149000.0,113000.0,Non,Non,Oui
M12948,Kaolack,Urbain,10,49.0,F,Primaire,238000.0,205000.0,Oui,Non,Oui
M12949,Diourbel,Urbain,7,45.0,H,Primaire,181000.0,140000.0,Oui,Oui,Oui
M12950,Tambacounda,Rural,14,37.0,H,Primaire,180000.0,162000.0,Oui,Non,Non
M12951,Thiès,Rural,13,48.0,H,Coranique,159000.0,106000.0,Non,Non,Non
M12952,Thiès,Urbain,7,57.0,F,Aucun,,116000.0,Oui,Non,Oui
M12953,Kaolack,Rural,4,54.0,F,Coranique,219000.0,193000.0,Non,Non,Oui
M12954,Diourbel,Urbain,4,64.0,H,Primaire,270000.0,241000.0,Oui,Oui,Oui
M12955,Dakar,Urbain,8,37.0,H,Aucun,176000.0,122000.0,Oui,Oui,Oui
M12956,Kaolack,Rural,99,34.0,H,Aucun,149000.0,106000.0,Oui,Non,Oui
M12957,Dakar,Urbain,6,33.0,H,Secondaire,,357000.0,Non,Oui,Oui
M12958,Diourbel,Rural,5,51.0,H,Secondaire,,326000.0,Oui,Non,Non
M12959,Thiès,Rural,12,41.0,H,Aucun,72000.0,59000.0,Oui,Non,Non
M12960,Saint-Louis,Urbain,8,60.0,H,Primaire,206000.0,175000.0,Oui,Oui,Oui
M12961,Thiès,Urbain,6,31.0,H,Secondaire,198000.0,177000.0,Oui,Oui,Non
M12962,Kaolack,Rural,14,20.0,F,Primaire,212000.0,170000.0,Oui,Non,Oui
M12963,Dakar,Urbain,4,42.0,H,Coranique,256000.0,156000.0,Oui,Oui,Oui
M12964,Diourbel,Rural,7,86.0,F,Secondaire,283000.0,214000.0,Non,Non,Oui
M12965,Thiès,Rural,5,44.0,H,Secondaire,180000.0,113000.0,Non,Non,Non
M12966,Diourbel,Urbain,8,46.0,H,Supérieur,392000.0,237000.0,Oui,Non,Oui
M12967,Dakar,Urbain,9,47.0,H,Supérieur,299000.0,197000.0,Oui,Oui,Oui
M12968,Dakar,Urbain,10,61.0,H,Secondaire,295000.0,241000.0,Oui,Non,Oui
M12969,Tambacounda,Rural,13,34.0,F,Coranique,84000.0,56000.0,Non,Non,Oui
M12970,Kaolack,Rural,4,38.0,H,Supérieur,175000.0,158000.0,Non,Non,Oui
M12971,Ziguinchor,Urbain,4,46.0,H,Aucun,110000.0,87000.0,Oui,Oui,Non
M12972,Dakar,Urbain,6,39.0,H,Secondaire,,166000.0,Oui,Oui,Oui
M12973,Dakar,Urbain,8,52.0,H,Aucun,245000.0,183000.0,Oui,Oui,Non
M12974,Thiès,Urbain,8,50.0,H,Aucun,297000.0,306000.0,Non,Oui,Oui
M12975,Tambacounda,Urbain,6,43.0,F,Secondaire,249000.0,170000.0,Oui,Oui,Oui
M12976,Kaolack,Urbain,11,52.0,H,Primaire,285000.0,246000.0,Oui,Non,Non
M12977,Tambacounda,Rural,17,56.0,H,Primaire,329000.0,254000.0,Non,Non,Non
M12978,Thiès,Urbain,8,62.0,H,Primaire,377000.0,252000.0,Oui,Oui,Oui
M12979,Thiès,Rural,13,33.0,F,Aucun,111000.0,96000.0,Oui,Non,Non
M12980,Dakar,Rural,10,46.0,H,Aucun,154000.0,158000.0,Non,Non,Oui
M12981,Diourbel,Urbain,3,59.0,H,Coranique,156000.0,151000.0,Oui,Oui,Oui
M12982,Diourbel,Rural,10,77.0,F,Primaire,268000.0,259000.0,Non,Non,Non
M12983,Kaolack,Rural,10,,H,Coranique,193000.0,140000.0,Oui,Oui,Non
M12984,Dakar,Urbain,15,51.0,H,Aucun,245000.0,138000.0,Oui,Oui,Non
M12985,Dakar,Urbain,7,41.0,F,Supérieur,1966000.0,1631000.0,Oui,Oui,Oui
M12986,Dakar,Urbain,5,50.0,H,Aucun,110000.0,99000.0,Oui,Non,Non
M12987,Thiès,Urbain,6,36.0,H,Supérieur,,327000.0,Oui,Oui,Non
M12988,Ziguinchor,Urbain,2,53.0,F,Secondaire,,103000.0,Oui,Oui,Oui
M12989,Dakar,Urbain,13,57.0,H,Supérieur,472000.0,333000.0,Oui,Oui,Oui
M12990,Diourbel,Rural,6,48.0,H,Secondaire,122000.0,94000.0,Oui,Oui,Oui
M12991,Thiès,Rural,11,60.0,H,Aucun,213000.0,174000.0,Non,Non,Oui
M12992,Dakar,Urbain,2,56.0,H,Coranique,45000.0,27000.0,Oui,Non,Oui
M12993,Kaolack,Rural,3,62.0,F,Aucun,107000.0,88000.0,Non,Non,Non
M12994,Thiès,Urbain,3,57.0,F,Secondaire,439000.0,303000.0,Oui,Non,Oui
M12995,Thiès,Rural,5,57.0,H,Primaire,58000.0,59000.0,Oui,Non,Non
M12996,Louga,Rural,11,29.0,H,Aucun,84000.0,57000.0,Non,Oui,Oui
M12997,Dakar,Urbain,8,42.0,H,Aucun,139000.0,116000.0,Oui,Non,Non
M12998,Diourbel,Urbain,9,38.0,H,Coranique,100000.0,78000.0,Oui,Oui,Non
M12999,Dakar,Urbain,7,61.0,H,Secondaire,209000.0,187000.0,Oui,Oui,Oui
