id_transaction,date,region,boutique,produit,categorie,prix_unitaire,quantite,mode_paiement
T100864,2025-01-19,Saint-Louis,BTQ-SAI-01,Lait en poudre 400g,Alimentaire,2 290 FCFA,,Wave
T100071,2025-12-12,Diourbel,BTQ-DIO-01,Café Touba 250g,Alimentaire,1200.0,2.0,Carte
T102554,2025-04-02, Thiès ,BTQ-THI-03,Riz brisé 25kg,Alimentaire,12250.0,5.0,Espèces
T104533,2025-11-25,Thiès,BTQ-THI-02,Huile 5L,Alimentaire,6630.0,3.0,Orange Money
T103306,2025-07-17,Dakar,BTQ-DAK-04,Riz brisé 25kg,Alimentaire,12720.0,5.0,
T102894,2025-09-20,Dakar,BTQ-DAK-04,Huile 5L,Alimentaire,6690.0,3.0,Espèces
T104617,2025-04-13,Kaolack,BTQ-KAO-05,Cahier 200p,Fournitures,510.0,2.0,Espèces
T104235,2025-05-14,Kaolack,BTQ-KAO-04,Savon (lot de 4),Hygiène,970.0,5.0,Wave
T102552,2025-03-05,Louga,BTQ-LOU-03,Crédit téléphone,Services,980 FCFA,4.0,Espèces
T100841,2025-01-03,Saint-Louis,BTQ-SAI-02,Sucre 1kg,Alimentaire,650.0,1.0,Espèces
T100305,2025-08-02,Dakar,BTQ-DAK-04,Recharge Woyofal,Services,5170.0,1.0,Espèces
T104163,2025-03-06,Thiès,BTQ-THI-04,Crédit téléphone,Services,1010.0,5.0,Espèces
T102032,25-05-2025,Diourbel,BTQ-DIO-01,Crédit téléphone,Services,1020.0,5.0,Espèces
T100493,2025-06-30,Louga,BTQ-LOU-05,Cahier 200p,Fournitures,500.0,7.0,Wave
T100859,2025-11-18,Diourbel,BTQ-DIO-03,Cahier 200p,Fournitures,490 FCFA,2.0,Orange Money
T100936,22/08/2025,Dakar,BTQ-DAK-04,Crédit téléphone,Services,940.0,1.0,Wave
T104603,2025-11-30,Kaolack,BTQ-KAO-05,Lait en poudre 400g,Alimentaire,2460.0,3.0,Espèces
T103631,2025-10-20,Dakar,BTQ-DAK-02,Huile 5L,Alimentaire,6460.0,1.0,Orange Money
T101693,2025-06-26,Kaolack,BTQ-KAO-02,Stylo (lot de 10),Fournitures,1 620 FCFA,7.0,Orange Money
T103148,22-08-2025,Dakar,BTQ-DAK-05,Sucre 1kg,Alimentaire,700.0,4.0,Orange Money
T103838,25-01-2025,Diourbel,BTQ-DIO-04,Crédit téléphone,Services,930.0,3.0,Espèces
T101935,2025-02-27,Kaolack,BTQ-KAO-02,Huile 5L,Alimentaire,6520.0,,Wave
T102600,24-04-2025,Dakar,BTQ-DAK-01,Lait en poudre 400g,Alimentaire,2440.0,4.0,Wave
T100162,2025-02-07,Thiès,BTQ-THI-03,Café Touba 250g,Alimentaire,1250.0,3.0,Espèces
T100375,30-01-2025,Thiès,BTQ-THI-04,Stylo (lot de 10),Fournitures,1520.0,4.0,Orange Money
T101608,01/04/2025,Dakar,BTQ-DAK-01,Lait en poudre 400g,Alimentaire,2380.0,3.0,Orange Money
T102381,2025-05-16,Thiès,BTQ-THI-02,Javel 1L,Hygiène,580 FCFA,3.0,Espèces
T100060,2025-12-19,Ziguinchor,BTQ-ZIG-01,Huile 5L,Alimentaire,7110.0,3.0,Wave
T102463,2025-12-11,Diourbel,BTQ-DIO-03,Riz brisé 25kg,Alimentaire,12310.0,5.0,Espèces
T102706,2025-01-08,Diourbel,BTQ-DIO-04,Lait en poudre 400g,Alimentaire,2390.0,4.0,Orange Money
T102812,2025-11-13,Diourbel,BTQ-DIO-03,Pain,Alimentaire,140.0,4.0,Espèces
T100303,27/04/2025,Dakar,BTQ-DAK-05,Crédit téléphone,Services,1080.0,3.0,Wave
T102005,2025-09-14,Dakar,BTQ-DAK-01,Javel 1L,Hygiène,580.0,3.0,Espèces
T104418,2025-12-07,Dakar,BTQ-DAK-01,Recharge Woyofal,Services,5120.0,4.0,Espèces
T104945,2025-05-15,Dakar,BTQ-DAK-02,Recharge Woyofal,Services,5200.0,1.0,Wave
T102851,2025-12-19,Kaolack,BTQ-KAO-01,Lait en poudre 400g,Alimentaire,2090.0,3.0,Wave
T100033,2025-06-13,Saint-Louis,BTQ-SAI-02,Cahier 200p,Fournitures,500.0,2.0,Espèces
T104688,2025-12-22,Louga,BTQ-LOU-04,Javel 1L,Hygiène,630.0,1.0,Espèces
T102577,2025-09-15,Tambacounda,BTQ-TAM-05,Cahier 200p,Fournitures,520.0,1.0,Wave
T103508,2025-03-15,Diourbel,BTQ-DIO-01,Sucre 1kg,Alimentaire,710 FCFA,2.0,Wave
T100631,2025-03-12,Dakar,BTQ-DAK-03,Javel 1L,Hygiène,600.0,4.0,Espèces
T104681,2025-01-23,Ziguinchor,BTQ-ZIG-05,Lait en poudre 400g,Alimentaire,2320.0,4.0,Espèces
T104714,2025-06-22,dakar,BTQ-DAK-01,Huile 5L,Alimentaire,6680.0,1.0,Orange Money
T103493,18/10/2025,Ziguinchor,BTQ-ZIG-03,Savon (lot de 4),Hygiène,1010.0,3.0,Wave
T100243,18/11/2025,Thiès,BTQ-THI-04,Riz brisé 25kg,Alimentaire,12530.0,5.0,Espèces
T103052,2025-12-22,Tambacounda,BTQ-TAM-02,Café Touba 250g,Alimentaire,1300.0,3.0,Espèces
T104555,2025-12-10,Thiès,BTQ-THI-05,Crédit téléphone,Services,1080.0,4.0,Wave
T100924,24/10/2025,Louga,BTQ-LOU-01,Javel 1L,Hygiène,600.0,6.0,Wave
T102160,2025-06-09,saint-louis,BTQ-SAI-01,Café Touba 250g,Alimentaire,1250.0,5.0,Wave
T102725,2025-01-24,Kaolack,BTQ-KAO-05,Savon (lot de 4),Hygiène,1040.0,4.0,
T103581,2025-08-10,Dakar,BTQ-DAK-03,Stylo (lot de 10),Fournitures,1520.0,4.0,Espèces
T102481,2025-10-09,Louga,BTQ-LOU-05,Sucre 1kg,Alimentaire,690.0,3.0,Wave
T101620,2025-05-19,TAMBACOUNDA,BTQ-TAM-04,Recharge Woyofal,Services,5390.0,3.0,Orange Money
T102984,30/06/2025,Tambacounda,BTQ-TAM-01,Sucre 1kg,Alimentaire,700.0,2.0,
T101977,2025-12-12,Ziguinchor,BTQ-ZIG-05,Sucre 1kg,Alimentaire,740.0,4.0,Espèces
T102012,07-02-2025,Thiès,BTQ-THI-02,Pain,Alimentaire,150.0,4.0,Espèces
T102766,03/07/2025,Thiès,BTQ-THI-05,Javel 1L,Hygiène,560.0,3.0,
T103208,2025-07-27,Ziguinchor,BTQ-ZIG-02,Pain,Alimentaire,150.0,2.0,Espèces
T104749,2025-10-20,Ziguinchor,BTQ-ZIG-05,Recharge Woyofal,Services,5190.0,2.0,Wave
T100603,2025-05-03,Thiès,BTQ-THI-04,Riz brisé 25kg,Alimentaire,13280.0,2.0,Carte
T101072,2025-04-06,Dakar,BTQ-DAK-03,Cahier 200p,Fournitures,480.0,3.0,Orange Money
T103035,09-05-2025,Diourbel,BTQ-DIO-05,Stylo (lot de 10),Fournitures,1530.0,4.0,
T102118,2025-02-12,Dakar,BTQ-DAK-05,Cahier 200p,Fournitures,520.0,1.0,Wave
T100298,2025-10-06,Thiès,BTQ-THI-04,Lait en poudre 400g,Alimentaire,2220.0,4.0,Orange Money
T103579,2025-03-24,St-Louis,BTQ-SAI-04,Javel 1L,Hygiène,630.0,4.0,Espèces
T102420,2025-10-27,Thiès,BTQ-THI-05,Sucre 1kg,Alimentaire,750 FCFA,2.0,Wave
T101753,2025-01-06,Dakar,BTQ-DAK-03,Stylo (lot de 10),Fournitures,1600.0,3.0,Wave
T103413,2025-08-09,Dakar,BTQ-DAK-05,Lait en poudre 400g,Alimentaire,2330.0,4.0,Wave
T103813,2025-05-21,Kaolack,BTQ-KAO-05,Cahier 200p,Fournitures,520.0,3.0,Orange Money
T101361,2025-04-07,Saint-Louis,BTQ-SAI-03,Stylo (lot de 10),Fournitures,1520.0,3.0,Orange Money
T103004,2025-07-26,Dakar,BTQ-DAK-05,Cahier 200p,Fournitures,490.0,2.0,Wave
T100022,2025-09-23,Dakar,BTQ-DAK-03,Café Touba 250g,Alimentaire,1140.0,1.0,Orange Money
T104073,2025-05-09,Louga,BTQ-LOU-05,Pain,Alimentaire,150.0,3.0,Wave
T103399,2025-09-20,Dakar,BTQ-DAK-05,Cahier 200p,Fournitures,480.0,4.0,Espèces
T104648,2025-10-27,Saint-Louis,BTQ-SAI-03,Sucre 1kg,Alimentaire,710.0,5.0,Espèces
T103890,2025-05-08,Dakar,BTQ-DAK-02,Lait en poudre 400g,Alimentaire,2320.0,2.0,Carte
T102907,2025-03-12,Dakar,BTQ-DAK-03,Recharge Woyofal,Services,4 950 FCFA,1.0,Espèces
T103335,2025-03-19,Thiès,BTQ-THI-04,Café Touba 250g,Alimentaire,1230.0,4.0,Orange Money
T101192,2025-03-23,Dakar,BTQ-DAK-01,Savon (lot de 4),Hygiène,1020.0,2.0,Carte
T102943,2025-05-23,Dakar,BTQ-DAK-04,Pain,Alimentaire,140.0,2.0,Wave
T103449,18/01/2025,Thiès,,Savon (lot de 4),Hygiène,940.0,3.0,Espèces
T102839,2025-01-19,Dakar,BTQ-DAK-05,Huile 5L,Alimentaire,7120.0,3.0,Wave
T102059,2025-09-13,Thiès,BTQ-THI-03,Pain,Alimentaire,150.0,2.0,Orange Money
T104549,2025-12-27,Dakar,BTQ-DAK-03,Crédit téléphone,Services,950.0,5.0,Espèces
T101463,2025-08-22,Dakar,BTQ-DAK-04,Savon (lot de 4),Hygiène,1030.0,2.0,Espèces
T104134,2025-09-05,Tambacounda,BTQ-TAM-04,Riz brisé 25kg,Alimentaire,11 920 FCFA,6.0,Carte
T102870,2025-01-17,Dakar,BTQ-DAK-03,Stylo (lot de 10),Fournitures,1 370 FCFA,1.0,Wave
T103796,2025-02-16,Kaolack,BTQ-KAO-03,Pain,Alimentaire,160 FCFA,3.0,Orange Money
T104768,2025-08-28,Kaolack,BTQ-KAO-02,Pain,Alimentaire,160.0,3.0,Orange Money
T103955,2025-11-15,Ziguinchor,BTQ-ZIG-05,Sucre 1kg,Alimentaire,720.0,4.0,Espèces
T104369,2025-04-14,Dakar,BTQ-DAK-04,Lait en poudre 400g,Alimentaire,2250.0,1.0,Espèces
T104676,2025-02-27,Louga,BTQ-LOU-04,Café Touba 250g,Alimentaire,1130.0,2.0,Wave
T100649,2025-07-09,Louga,BTQ-LOU-03,Cahier 200p,Fournitures,470.0,3.0,Espèces
T102454,2025-02-25,Diourbel,BTQ-DIO-01,Recharge Woyofal,Services,4850.0,3.0,Orange Money
T100421,2025-03-17,Dakar,BTQ-DAK-02,Recharge Woyofal,Services,4 630 FCFA,3.0,Wave
T100590,2025-10-22,Louga,BTQ-LOU-01,Pain,Alimentaire,150.0,4.0,Orange Money
T102359,17/04/2025,Dakar,BTQ-DAK-04,Café Touba 250g,Alimentaire,1240.0,4.0,Wave
T103676,2025-03-08,Dakar,BTQ-DAK-03,Javel 1L,Hygiène,630.0,2.0,Espèces
T103992,07-11-2025,Dakar,BTQ-DAK-02,Lait en poudre 400g,Alimentaire,2320.0,5.0,Wave
T103718,2025-02-26,Louga,BTQ-LOU-03,Pain,Alimentaire,160.0,4.0,Wave
T100893,2025-10-03,Dakar,BTQ-DAK-01,Sucre 1kg,Alimentaire,720.0,1.0,Espèces
T103382,01/06/2025,Kaolack,BTQ-KAO-03,Pain,Alimentaire,140.0,2.0,Espèces
T102388,2025-08-15,Thiès,BTQ-THI-02,Café Touba 250g,Alimentaire,1190.0,4.0,Espèces
T101792,2025-10-15,Diourbel,BTQ-DIO-03,Riz brisé 25kg,Alimentaire,12300.0,1.0,Orange Money
T102372,2025-10-15, Ziguinchor ,BTQ-ZIG-03,Sucre 1kg,Alimentaire,690.0,2.0,Espèces
T101610,2025-09-21,Saint-Louis,BTQ-SAI-01,Huile 5L,Alimentaire,6490.0,4.0,
T102964,2025-11-29,Diourbel,BTQ-DIO-05,Café Touba 250g,Alimentaire,1210.0,6.0,Espèces
T102222,2025-10-09,Diourbel,BTQ-DIO-02,Stylo (lot de 10),Fournitures,1410.0,,Orange Money
T103959,2025-03-06,St-Louis,BTQ-SAI-03,Cahier 200p,Fournitures,500.0,,Orange Money
T100938,2025-02-26,Kaolack,BTQ-KAO-01,Lait en poudre 400g,Alimentaire,2 490 FCFA,3.0,Espèces
T103513,2025-10-22,Diourbel,BTQ-DIO-02,Cahier 200p,Fournitures,490.0,4.0,
T102786,2025-01-20,ziguinchor,BTQ-ZIG-01,Recharge Woyofal,Services,5010.0,3.0,Orange Money
T103703,2025-02-21,Tambacounda,BTQ-TAM-02,Pain,Alimentaire,140.0,2.0,Wave
T104260,2025-09-07,Tambacounda,BTQ-TAM-01,Huile 5L,Alimentaire,6720.0,2.0,Espèces
T104905,27-06-2025,Thiès,BTQ-THI-05,Lait en poudre 400g,Alimentaire,2 510 FCFA,2.0,Wave
T103952,2025-05-22,Saint-Louis,BTQ-SAI-03,Javel 1L,Hygiène,580 FCFA,3.0,Wave
T100389,2025-08-23,Thiès,BTQ-THI-05,Cahier 200p,Fournitures,530.0,4.0,Wave
T103720,2025-04-12,Dakar,BTQ-DAK-04,Café Touba 250g,Alimentaire,1120.0,2.0,Espèces
T104792,2025-06-15,Diourbel,BTQ-DIO-01,Huile 5L,Alimentaire,6 800 FCFA,,Wave
T101793,2025-12-28,Louga,BTQ-LOU-03,Lait en poudre 400g,Alimentaire,2300.0,2.0,Orange Money
T101941,30/04/2025,Dakar,BTQ-DAK-03,Sucre 1kg,Alimentaire,710.0,,Espèces
T101561,2025-08-22,Kaolack,BTQ-KAO-03,Stylo (lot de 10),Fournitures,1540.0,3.0,Orange Money
T102506,25/06/2025,St-Louis,BTQ-SAI-04,Riz brisé 25kg,Alimentaire,12260.0,4.0,Espèces
T101050,2025-12-12,Dakar,BTQ-DAK-02,Pain,Alimentaire,160 FCFA,5.0,Wave
T103491,2025-10-19,Dakar,BTQ-DAK-01,Pain,Alimentaire,150.0,4.0,
T103826,2025-10-06,Dakar,BTQ-DAK-02,Crédit téléphone,Services,1060.0,1.0,Orange Money
T103249,2025-12-18,Dakar,BTQ-DAK-01,Javel 1L,Hygiène,580.0,2.0,Espèces
T100451,2025-04-24,DAKAR,BTQ-DAK-02,Savon (lot de 4),Hygiène,1 010 FCFA,3.0,Orange Money
T101456,2025-01-30,Louga,BTQ-LOU-01,Recharge Woyofal,Services,5060.0,3.0,Wave
T103133,2025-05-08,Dakar,BTQ-DAK-04,Riz brisé 25kg,Alimentaire,12 980 FCFA,7.0,Espèces
T104836,2025-07-21,Dakar,BTQ-DAK-05,Stylo (lot de 10),Fournitures,1 520 FCFA,1.0,Espèces
T100367,2025-12-24,Dakar,BTQ-DAK-01,Savon (lot de 4),Hygiène,920.0,2.0,Wave
T103790,2025-10-07,Kaolack,BTQ-KAO-04,Recharge Woyofal,Services,4990.0,5.0,Espèces
T104109,2025-04-11,Saint-Louis,BTQ-SAI-01,Crédit téléphone,Services,950.0,2.0,Orange Money
T100581,2025-06-02,diourbel,BTQ-DIO-05,Lait en poudre 400g,Alimentaire,2260.0,4.0,Carte
T102537,2025-10-23,Louga,BTQ-LOU-03,Café Touba 250g,Alimentaire,1210.0,5.0,Wave
T102771,2025-11-18,Tambacounda,BTQ-TAM-04,Pain,Alimentaire,150.0,5.0,Wave
T101947,2025-01-08,Louga,BTQ-LOU-04,Stylo (lot de 10),Fournitures,1440.0,2.0,Espèces
T101353,2025-05-14,Tambacounda,BTQ-TAM-02,Savon (lot de 4),Hygiène,940.0,3.0,Orange Money
T100175,2025-08-08,Tambacounda,BTQ-TAM-05,Recharge Woyofal,Services,4880.0,4.0,Espèces
T103380,2025-02-14,Diourbel,BTQ-DIO-02,Riz brisé 25kg,Alimentaire,12810.0,3.0,Espèces
T104679,2025-04-13,Thiès,BTQ-THI-05,Savon (lot de 4),Hygiène,1060.0,2.0,Wave
T101292,2025-04-12,Dakar,BTQ-DAK-04,Crédit téléphone,Services,1010.0,6.0,Wave
T102357,2025-01-30,Diourbel,BTQ-DIO-01,Pain,Alimentaire,150.0,4.0,Espèces
T101402,2025-11-20,Tambacounda,BTQ-TAM-01,Café Touba 250g,Alimentaire,1200.0,2.0,Espèces
T101062,2025-06-01,Thiès,BTQ-THI-05,Recharge Woyofal,Services,4940.0,3.0,Wave
T104815,2025-11-13,Diourbel,BTQ-DIO-01,Lait en poudre 400g,Alimentaire,2300.0,3.0,Espèces
T100234,05-12-2025,Ziguinchor,BTQ-ZIG-03,Lait en poudre 400g,Alimentaire,2390.0,3.0,Espèces
T104569,2025-09-10,Tambacounda,BTQ-TAM-05,Café Touba 250g,Alimentaire,1280.0,2.0,Wave
T100858,2025-03-06,Dakar,BTQ-DAK-01,Recharge Woyofal,Services,5290.0,3.0,Espèces
T102155,2025-01-04,Tambacounda,BTQ-TAM-03,Recharge Woyofal,Services,4750.0,3.0,Orange Money
T101834,2025-04-15,Kaolack,BTQ-KAO-04,Javel 1L,Hygiène,620.0,2.0,Espèces
T103197,2025-04-26,Louga,BTQ-LOU-05,Pain,Alimentaire,140.0,3.0,Espèces
T101944,2025-12-08,Dakar,BTQ-DAK-01,Crédit téléphone,Services,990.0,1.0,Wave
T101420,2025-09-03,Diourbel,BTQ-DIO-05,Cahier 200p,Fournitures,510.0,2.0,Espèces
T102084,2025-02-13,Saint-Louis,BTQ-SAI-04,Lait en poudre 400g,Alimentaire,2400.0,4.0,Carte
T100323,2025-06-09,Kaolack,BTQ-KAO-05,Recharge Woyofal,Services,5270.0,4.0,Carte
T101567,2025-07-21,Diourbel,BTQ-DIO-04,Riz brisé 25kg,Alimentaire,12 200 FCFA,2.0,Espèces
T100265,2025-09-29,Tambacounda,BTQ-TAM-04,Pain,Alimentaire,150.0,4.0,Espèces
T100220,2025-01-12,Diourbel,BTQ-DIO-02,Recharge Woyofal,Services,4940.0,2.0,Carte
T104447,2025-04-30,Thiès,BTQ-THI-04,Savon (lot de 4),Hygiène,1000.0,2.0,
T100609,2025-03-11,Thiès,BTQ-THI-04,Sucre 1kg,Alimentaire,730.0,2.0,Orange Money
T102071,2025-10-22,Ziguinchor,BTQ-ZIG-01,Pain,Alimentaire,140.0,6.0,Espèces
T103798,2025-06-12,Kaolack,BTQ-KAO-04,Riz brisé 25kg,Alimentaire,11570.0,4.0,Wave
T100856,2025-01-20,Louga,BTQ-LOU-03,Lait en poudre 400g,Alimentaire,2330.0,2.0,Wave
T102194,2025-08-20,Saint-Louis,BTQ-SAI-04,Sucre 1kg,Alimentaire,660.0,5.0,Espèces
T101836,2025-07-13,Dakar,BTQ-DAK-05,Recharge Woyofal,Services,4890.0,4.0,Espèces
T104929,2025-04-11,Kaolack,BTQ-KAO-04,Cahier 200p,Fournitures,480.0,3.0,
T104544,2025-08-09,tambacounda,BTQ-TAM-04,Sucre 1kg,Alimentaire,730.0,3.0,Orange Money
T100991,2025-10-17,Louga,BTQ-LOU-01,Recharge Woyofal,Services,4720.0,100.0,
T102069,2025-11-04,Dakar,BTQ-DAK-01,Huile 5L,Alimentaire,6540.0,3.0,Espèces
T100227,2025-02-16,Thiès,BTQ-THI-04,Javel 1L,Hygiène,640.0,2.0,Wave
T104247,2025-10-23,Dakar,BTQ-DAK-01,Savon (lot de 4),Hygiène,970.0,4.0,Espèces
T102378,2025-05-23,Louga,BTQ-LOU-02,Recharge Woyofal,Services,4590.0,1.0,Wave
T103764,2025-04-06,Diourbel,BTQ-DIO-01,Stylo (lot de 10),Fournitures,1450.0,2.0,Espèces
T100275,2025-11-04,Kaolack,BTQ-KAO-01,Pain,Alimentaire,160.0,5.0,Espèces
T102037,2025-09-10,Louga,BTQ-LOU-02,Lait en poudre 400g,Alimentaire,2370.0,5.0,Espèces
T100887,2025-07-01,Thiès,BTQ-THI-03,Savon (lot de 4),Hygiène,960.0,4.0,Wave
T103478,2025-10-12,tambacounda,BTQ-TAM-05,Lait en poudre 400g,Alimentaire,2430.0,5.0,Espèces
T100292,17-01-2025,Kaolack,BTQ-KAO-01,Savon (lot de 4),Hygiène,950.0,2.0,
T100973,2025-01-05,Dakar,BTQ-DAK-01,Recharge Woyofal,Services,5100.0,3.0,Wave
T104286,2025-01-06,Louga,BTQ-LOU-05,Café Touba 250g,Alimentaire,1180.0,3.0,Espèces
T101131,2025-06-26,Saint-Louis,BTQ-SAI-01,Huile 5L,Alimentaire,6440.0,4.0,Wave
T103057,2025-11-18,Louga,BTQ-LOU-04,Stylo (lot de 10),Fournitures,1550.0,2.0,Carte
T101163,2025-01-11,Thiès,BTQ-THI-02,Pain,Alimentaire,140.0,3.0,Espèces
T104539,2025-09-21,Dakar,BTQ-DAK-05,Lait en poudre 400g,Alimentaire,2380.0,4.0,Orange Money
T104394,2025-05-11,Saint-Louis,BTQ-SAI-01,Stylo (lot de 10),Fournitures,1460.0,2.0,Orange Money
T104824,2025-12-06,Saint-Louis,BTQ-SAI-03,Javel 1L,Hygiène,610.0,3.0,Orange Money
T101124,2025-08-07,Kaolack,BTQ-KAO-01,Savon (lot de 4),Hygiène,990.0,2.0,Espèces
T100240,2025-12-26,SAINT-LOUIS,BTQ-SAI-01,Javel 1L,Hygiène,590.0,2.0,Espèces
T102532,2025-12-12,Diourbel,BTQ-DIO-05,Riz brisé 25kg,Alimentaire,12910.0,4.0,Orange Money
T100137,2025-09-24,Dakar,BTQ-DAK-04,Huile 5L,Alimentaire,6860.0,2.0,Espèces
T104129,2025-10-13,Kaolack,BTQ-KAO-02,Crédit téléphone,Services,990 FCFA,3.0,Espèces
T101870,09/07/2025,Diourbel,BTQ-DIO-04,Recharge Woyofal,Services,5040.0,4.0,Orange Money
T103989,2025-04-23,Tambacounda,BTQ-TAM-03,Recharge Woyofal,Services,5220.0,2.0,
T103887,2025-10-03,Thiès,BTQ-THI-05,Sucre 1kg,Alimentaire,680.0,5.0,Carte
T102462,27/09/2025,louga,BTQ-LOU-02,Cahier 200p,Fournitures,530.0,4.0,
T104536,2025-12-21,Kaolack,BTQ-KAO-03,Crédit téléphone,Services,990.0,3.0,Orange Money
T100755,12/05/2025,Diourbel,BTQ-DIO-03,Pain,Alimentaire,150.0,4.0,Espèces
T104344,2025-03-18,Kaolack,BTQ-KAO-03,Pain,Alimentaire,140 FCFA,3.0,Espèces
T102202,2025-01-11,Kaolack,BTQ-KAO-04,Sucre 1kg,Alimentaire,710.0,3.0,Orange Money
T104255,22-09-2025,Dakar,BTQ-DAK-01,Café Touba 250g,Alimentaire,1 160 FCFA,3.0,Espèces
T101725,2025-02-11,DAKAR,BTQ-DAK-02,Riz brisé 25kg,Alimentaire,12630.0,1.0,Orange Money
T102920,2025-08-01,Thiès,BTQ-THI-01,Stylo (lot de 10),Fournitures,1620.0,4.0,Orange Money
T101609,2025-03-09,Dakar,BTQ-DAK-05,Huile 5L,Alimentaire,6260.0,3.0,Orange Money
T104651,2025-07-27,Thiès,BTQ-THI-04,Café Touba 250g,Alimentaire,1170.0,2.0,Espèces
T101924,2025-11-25,Louga,BTQ-LOU-01,Café Touba 250g,Alimentaire,1180.0,4.0,Wave
T103868,2025-01-06,Louga,BTQ-LOU-02,Sucre 1kg,Alimentaire,740.0,3.0,Espèces
T104547,2025-02-09,Ziguinchor,BTQ-ZIG-02,Javel 1L,Hygiène,580.0,,Wave
T100704,2025-02-24,Thiès,BTQ-THI-01,Javel 1L,Hygiène,650.0,2.0,Espèces
T104583,2025-04-23,Diourbel,BTQ-DIO-03,Javel 1L,Hygiène,620.0,4.0,Espèces
T100426,2025-09-13,Louga,BTQ-LOU-04,Pain,Alimentaire,150.0,2.0,Wave
T103350,2025-05-03,Dakar,BTQ-DAK-04,Café Touba 250g,Alimentaire,1250.0,1.0,Orange Money
T102044,2025-02-13,Dakar,BTQ-DAK-04,Café Touba 250g,Alimentaire,1070.0,4.0,Carte
T104195,05/03/2025,Louga,BTQ-LOU-05,Riz brisé 25kg,Alimentaire,12850.0,3.0,Wave
T104450,16/03/2025,Dakar,BTQ-DAK-04,Sucre 1kg,Alimentaire,710 FCFA,3.0,
T102934,2025-03-01,Dakar,BTQ-DAK-05,Crédit téléphone,Services,980 FCFA,2.0,Wave
T100145,2025-10-10,Thiès,BTQ-THI-02,Sucre 1kg,Alimentaire,690.0,1.0,Espèces
T103436,2025-05-25,Ziguinchor,BTQ-ZIG-02,Pain,Alimentaire,150.0,3.0,Wave
T102527,2025-06-02,Ziguinchor,BTQ-ZIG-01,Cahier 200p,Fournitures,490.0,1.0,Wave
T101965,2025-07-24,Dakar,BTQ-DAK-01,Cahier 200p,Fournitures,490.0,3.0,Espèces
T102167,2025-01-21,Dakar,BTQ-DAK-03,Riz brisé 25kg,Alimentaire,12400.0,4.0,Wave
T102031,14/07/2025,Dakar,BTQ-DAK-02,Sucre 1kg,Alimentaire,720.0,2.0,Espèces
T100560,2025-06-04,ZIGUINCHOR,BTQ-ZIG-04,Café Touba 250g,Alimentaire,1160.0,3.0,Espèces
T101509,2025-01-27,Dakar,BTQ-DAK-01,Crédit téléphone,Services,1010.0,4.0,Espèces
T103285,2025-08-17,Diourbel,BTQ-DIO-03,Huile 5L,Alimentaire,6580.0,,Espèces
T100190,29-01-2025,Dakar,BTQ-DAK-04,Recharge Woyofal,Services,4710.0,4.0,Wave
T102493,2025-06-28,thiès,BTQ-THI-03,Pain,Alimentaire,150.0,4.0,Orange Money
T101956,2025-12-25,Kaolack,BTQ-KAO-05,Sucre 1kg,Alimentaire,740.0,3.0,Wave
T102736,2025-03-02,Dakar,BTQ-DAK-03,Stylo (lot de 10),Fournitures,1 580 FCFA,3.0,Espèces
T100525,2025-06-10,Ziguinchor,BTQ-ZIG-02,Lait en poudre 400g,Alimentaire,2380.0,1.0,Wave
T103682,2025-08-20, Tambacounda ,BTQ-TAM-03,Crédit téléphone,Services,1010.0,4.0,Espèces
T104846,2025-05-02,Thiès,BTQ-THI-02,Huile 5L,Alimentaire,6530.0,3.0,Orange Money
T100767,2025-01-18,Thiès,BTQ-THI-03,Savon (lot de 4),Hygiène,1020.0,2.0,Espèces
T104210,2025-07-11,Tambacounda,BTQ-TAM-03,Savon (lot de 4),Hygiène,990.0,2.0,Espèces
T104186,2025-08-10,Diourbel,BTQ-DIO-03,Riz brisé 25kg,Alimentaire,11760.0,2.0,Espèces
T101139,2025-12-07,Ziguinchor,BTQ-ZIG-03,Pain,Alimentaire,170.0,6.0,
T101276,2025-08-07, Ziguinchor ,BTQ-ZIG-04,Lait en poudre 400g,Alimentaire,2350.0,6.0,
T101729,2025-09-30,dakar,BTQ-DAK-04,Riz brisé 25kg,Alimentaire,12500.0,3.0,Espèces
T102696,2025-08-04,Kaolack,BTQ-KAO-01,Recharge Woyofal,Services,4880.0,3.0,Espèces
T103223,2025-09-13,Saint-Louis,BTQ-SAI-04,Café Touba 250g,Alimentaire,1220.0,2.0,
T101384,2025-05-30,kaolack,BTQ-KAO-02,Crédit téléphone,Services,970.0,2.0,Wave
T103944,2025-08-21,Thiès,BTQ-THI-03,Lait en poudre 400g,Alimentaire,2330.0,3.0,Wave
T101838,2025-09-09,Kaolack,BTQ-KAO-05,Sucre 1kg,Alimentaire,720 FCFA,4.0,
T100012,2025-09-15,Kaolack,BTQ-KAO-02,Javel 1L,Hygiène,640.0,5.0,Wave
T104713,2025-11-26,Dakar,BTQ-DAK-05,Sucre 1kg,Alimentaire,710.0,2.0,Espèces
T100877,2025-05-31,Dakar,BTQ-DAK-03,Stylo (lot de 10),Fournitures,1510.0,2.0,Espèces
T101855,2025-05-06,Louga,BTQ-LOU-02,Crédit téléphone,Services,990.0,2.0,Carte
T104211,2025-07-29,Tambacounda,BTQ-TAM-04,Huile 5L,Alimentaire,6590.0,2.0,Wave
T100415,19-03-2025,St-Louis,BTQ-SAI-01,Javel 1L,Hygiène,610.0,2.0,Espèces
T100268,2025-01-25,Thiès,BTQ-THI-04,Recharge Woyofal,Services,5220.0,3.0,Wave
T102415,29-09-2025,Louga,BTQ-LOU-03,Stylo (lot de 10),Fournitures,1450.0,3.0,Espèces
T104464,2025-01-23,St-Louis,BTQ-SAI-05,Sucre 1kg,Alimentaire,700 FCFA,2.0,Espèces
T102726,2025-09-27,Tambacounda,BTQ-TAM-05,Savon (lot de 4),Hygiène,1080.0,1.0,
T103174,2025-02-05,Kaolack,BTQ-KAO-02,Sucre 1kg,Alimentaire,660.0,4.0,Orange Money
T103517,07-03-2025,Diourbel,BTQ-DIO-04,Recharge Woyofal,Services,4 900 FCFA,3.0,Carte
T103093,30-10-2025,Saint-Louis,BTQ-SAI-05,Javel 1L,Hygiène,590.0,2.0,Orange Money
T101909,2025-06-02,Saint-Louis,BTQ-SAI-02,Sucre 1kg,Alimentaire,730.0,1.0,Carte
T100718,25/04/2025,Dakar,BTQ-DAK-03,Stylo (lot de 10),Fournitures,1470.0,1.0,Espèces
T102371,2025-05-17,Dakar,BTQ-DAK-05,Cahier 200p,Fournitures,530.0,3.0,Espèces
T100041,11-07-2025,Kaolack,BTQ-KAO-02,Lait en poudre 400g,Alimentaire,2290.0,,Orange Money
T101216,2025-05-19,Thiès,BTQ-THI-03,Stylo (lot de 10),Fournitures,1440.0,7.0,Espèces
T103896,2025-04-29,Thiès,BTQ-THI-04,Recharge Woyofal,Services,5130.0,3.0,Espèces
T102565,2025-10-03,Thiès,BTQ-THI-03,Recharge Woyofal,Services,4 750 FCFA,3.0,Espèces
T100842,2025-02-07,St-Louis,BTQ-SAI-05,Cahier 200p,Fournitures,480.0,6.0,Wave
T100800,19-11-2025,Dakar,BTQ-DAK-03,Stylo (lot de 10),Fournitures,1510.0,999.0,Wave
T104138,2025-04-01,DIOURBEL,BTQ-DIO-02,Stylo (lot de 10),Fournitures,1530.0,3.0,Wave
T103605,25-12-2025,Saint-Louis,BTQ-SAI-04,Crédit téléphone,Services,1060.0,3.0,
T102163,2025-06-08,Thiès,BTQ-THI-03,Crédit téléphone,Services,950 FCFA,3.0,Espèces
T103783,2025-02-16,Thiès,BTQ-THI-04,Huile 5L,Alimentaire,6840.0,3.0,Espèces
T101097,2025-07-05,Tambacounda,BTQ-TAM-03,Sucre 1kg,Alimentaire,700.0,3.0,Wave
T104157,2025-12-11,Dakar,BTQ-DAK-04,Javel 1L,Hygiène,560.0,3.0,Espèces
T104201,2025-05-16,dakar,BTQ-DAK-03,Café Touba 250g,Alimentaire,1270.0,1.0,Espèces
T104890,2025-01-26,Ziguinchor,BTQ-ZIG-04,Cahier 200p,Fournitures,490.0,2.0,
T103644,2025-06-29,Thiès,BTQ-THI-03,Riz brisé 25kg,Alimentaire,12910.0,2.0,Espèces
T101874,2025-03-14,Dakar,BTQ-DAK-03,Huile 5L,Alimentaire,6600.0,1.0,Espèces
T101716,2025-06-02,Dakar,BTQ-DAK-04,Recharge Woyofal,Services,4500.0,4.0,Orange Money
T102154,2025-03-04,Ziguinchor,BTQ-ZIG-01,Javel 1L,Hygiène,590.0,1.0,Espèces
T104182,2025-03-09,Thiès,BTQ-THI-01,Lait en poudre 400g,Alimentaire,2350.0,2.0,Espèces
T100029,2025-07-08,Dakar,BTQ-DAK-02,Pain,Alimentaire,140.0,1.0,Wave
T101851,2025-09-06,Saint-Louis,BTQ-SAI-02,Stylo (lot de 10),Fournitures,1570.0,2.0,Espèces
T102737,2025-11-26,diourbel,BTQ-DIO-04,Recharge Woyofal,Services,4870.0,3.0,Espèces
T104735,24-01-2025,Dakar,BTQ-DAK-05,Lait en poudre 400g,Alimentaire,2340.0,6.0,Espèces
T101289,2025-03-23,Diourbel,BTQ-DIO-01,Recharge Woyofal,Services,5060.0,1.0,Espèces
T102455,2025-02-18,Dakar,BTQ-DAK-01,Sucre 1kg,Alimentaire,740.0,3.0,Wave
T103169,08/12/2025,Louga,BTQ-LOU-02,Pain,Alimentaire,150.0,1.0,Espèces
T103213,2025-05-30,Dakar,BTQ-DAK-04,Cahier 200p,Fournitures,510.0,3.0,Espèces
T102617,2025-12-06, Tambacounda ,BTQ-TAM-01,Stylo (lot de 10),Fournitures,1510.0,3.0,Wave
T101708,2025-12-28,Kaolack,BTQ-KAO-01,Huile 5L,Alimentaire,6550.0,2.0,Orange Money
T103855,2025-02-22,Diourbel,BTQ-DIO-02,Cahier 200p,Fournitures,490.0,2.0,Espèces
T103381,2025-05-02,Ziguinchor,BTQ-ZIG-04,Recharge Woyofal,Services,4920.0,5.0,Wave
T103629,29/04/2025,THIÈS,BTQ-THI-03,Riz brisé 25kg,Alimentaire,12260.0,100.0,Wave
T101176,2025-03-20,Kaolack,BTQ-KAO-03,Stylo (lot de 10),Fournitures,1410.0,3.0,Espèces
T100400,2025-11-06,Tambacounda,BTQ-TAM-05,Javel 1L,Hygiène,630.0,2.0,Espèces
T102355,2025-07-15,Saint-Louis,BTQ-SAI-04,Lait en poudre 400g,Alimentaire,2500.0,2.0,Espèces
T100887,2025-07-01,Thiès,BTQ-THI-03,Savon (lot de 4),Hygiène,960.0,4.0,Wave
T102802,2025-03-28,Diourbel,BTQ-DIO-05,Sucre 1kg,Alimentaire,650.0,3.0,Espèces
T103043,2025-01-21,Dakar,BTQ-DAK-02,Riz brisé 25kg,Alimentaire,13130.0,3.0,Wave
T103889,2025-04-16,louga,BTQ-LOU-04,Pain,Alimentaire,150.0,4.0,Wave
T101271,2025-12-03,Thiès,BTQ-THI-03,Javel 1L,Hygiène,600.0,2.0,Orange Money
T103900,2025-06-25,DAKAR,BTQ-DAK-05,Cahier 200p,Fournitures,550.0,5.0,Wave
T104762,2025-09-22,Dakar,BTQ-DAK-03,Stylo (lot de 10),Fournitures,1550.0,3.0,Orange Money
T100001,2025-03-07,Dakar,BTQ-DAK-04,Pain,Alimentaire,150.0,2.0,Espèces
T101831,2025-03-15,Thiès,BTQ-THI-04,Lait en poudre 400g,Alimentaire,2 370 FCFA,5.0,Espèces
T101614,2025-12-31,Diourbel,BTQ-DIO-02,Javel 1L,Hygiène,620 FCFA,2.0,Espèces
T100014,2025-09-21,Dakar,BTQ-DAK-02,Savon (lot de 4),Hygiène,940.0,3.0,Espèces
T104380,2025-01-26,louga,BTQ-LOU-05,Recharge Woyofal,Services,4690.0,2.0,Wave
T102467,2025-10-10,Diourbel,BTQ-DIO-03,Savon (lot de 4),Hygiène,990.0,4.0,
T104253,2025-01-06,Saint-Louis,BTQ-SAI-01,Sucre 1kg,Alimentaire,680.0,4.0,Orange Money
T103885,2025-03-24,Dakar,BTQ-DAK-02,Stylo (lot de 10),Fournitures,1570.0,2.0,Carte
T102107,2025-08-03,THIÈS,BTQ-THI-03,Crédit téléphone,Services,1060.0,1.0,Wave
T102858,2025-01-05,Thiès,BTQ-THI-01,Recharge Woyofal,Services,5110.0,2.0,Orange Money
T104925,11-08-2025,Louga,BTQ-LOU-03,Lait en poudre 400g,Alimentaire,2380.0,2.0,Orange Money
T102929,2025-10-19,Dakar,BTQ-DAK-01,Savon (lot de 4),Hygiène,1040.0,3.0,Wave
T100820,2025-11-12,Ziguinchor,BTQ-ZIG-02,Stylo (lot de 10),Fournitures,1 510 FCFA,5.0,Orange Money
T104545,2025-01-23,Thiès,BTQ-THI-03,Café Touba 250g,Alimentaire,1160.0,4.0,Orange Money
T103461,2025-02-18,Thiès,BTQ-THI-04,Cahier 200p,Fournitures,480.0,3.0,Orange Money
T100388,2025-07-05,Dakar,BTQ-DAK-02,Javel 1L,Hygiène,590.0,3.0,Espèces
T104941,2025-04-11,Dakar,BTQ-DAK-04,Javel 1L,Hygiène,540.0,5.0,Carte
T102386,2025-03-06,Thiès,BTQ-THI-02,Lait en poudre 400g,Alimentaire,2310.0,2.0,Espèces
T104739,2025-04-29,Kaolack,BTQ-KAO-05,Stylo (lot de 10),Fournitures,1 480 FCFA,3.0,Wave
T104342,2025-04-05,Louga,BTQ-LOU-04,Recharge Woyofal,Services,4990.0,4.0,Wave
T104314,2025-03-10,Thiès,BTQ-THI-02,Javel 1L,Hygiène,620 FCFA,3.0,Wave
T100393,2025-11-27, Tambacounda ,BTQ-TAM-02,Savon (lot de 4),Hygiène,950.0,3.0,
T102281,2025-04-08,Saint-Louis,BTQ-SAI-04,Stylo (lot de 10),Fournitures,1 540 FCFA,250.0,Espèces
T104287,26-08-2025,Dakar,BTQ-DAK-05,Recharge Woyofal,Services,4870.0,3.0,Wave
T103460,2025-08-17,Dakar,BTQ-DAK-02,Lait en poudre 400g,Alimentaire,2220.0,3.0,Orange Money
T104473,2025-01-29,Thiès,BTQ-THI-03,Crédit téléphone,Services,940.0,2.0,Espèces
T100974,2025-03-31,Tambacounda,BTQ-TAM-01,Crédit téléphone,Services,1040.0,4.0,Orange Money
T102543,27-01-2025,Dakar,BTQ-DAK-04,Recharge Woyofal,Services,4860.0,4.0,Orange Money
T100570,2025-12-24,Dakar,BTQ-DAK-04,Javel 1L,Hygiène,610.0,2.0,Wave
T103945,08-02-2025,Ziguinchor,BTQ-ZIG-05,Stylo (lot de 10),Fournitures,1510.0,3.0,Espèces
T103084,2025-10-12,Kaolack,BTQ-KAO-01,Crédit téléphone,Services,1010.0,2.0,Carte
T104014,25-07-2025,St-Louis,BTQ-SAI-03,Huile 5L,Alimentaire,6140.0,3.0,Espèces
T100189,2025-08-22,Dakar,BTQ-DAK-05,Huile 5L,Alimentaire,6730.0,2.0,Orange Money
T101892,2025-01-29,Saint-Louis,BTQ-SAI-04,Huile 5L,Alimentaire,6740.0,7.0,Orange Money
T103361,2025-10-24,Diourbel,BTQ-DIO-04,Savon (lot de 4),Hygiène,1040.0,3.0,Wave
T103310,23-06-2025,DAKAR,BTQ-DAK-02,Cahier 200p,Fournitures,500.0,4.0,Wave
T101210,17/03/2025,Tambacounda,BTQ-TAM-01,Stylo (lot de 10),Fournitures,1 520 FCFA,1.0,Espèces
T103484,2025-08-02,Thiès,BTQ-THI-01,Sucre 1kg,Alimentaire,730.0,,Espèces
T102966,31-05-2025,Dakar,BTQ-DAK-05,Sucre 1kg,Alimentaire,760.0,3.0,
T100346,2025-09-09,Ziguinchor,BTQ-ZIG-01,Javel 1L,Hygiène,560.0,3.0,Espèces
T103006,24/05/2025,Thiès,BTQ-THI-05,Riz brisé 25kg,Alimentaire,12230.0,1.0,Orange Money
T100771,22/04/2025,Louga,BTQ-LOU-02,Savon (lot de 4),Hygiène,1030.0,2.0,Wave
T103462,2025-07-05,Dakar,BTQ-DAK-04,Sucre 1kg,Alimentaire,730.0,2.0,Espèces
T101101,2025-11-18,Dakar,BTQ-DAK-01,Crédit téléphone,Services,910.0,4.0,Espèces
T103445,2025-10-08,St-Louis,BTQ-SAI-03,Savon (lot de 4),Hygiène,920 FCFA,2.0,
T102567,2025-05-19,Louga,BTQ-LOU-04,Savon (lot de 4),Hygiène,960.0,3.0,Espèces
T101648,2025-04-19,Tambacounda,BTQ-TAM-01,Javel 1L,Hygiène,570 FCFA,3.0,Espèces
T100928,2025-05-30,Thiès,BTQ-THI-01,Cahier 200p,Fournitures,510.0,1.0,Wave
T104808,2025-08-25,Saint-Louis,BTQ-SAI-02,Café Touba 250g,Alimentaire,1120.0,4.0,Carte
T104319,2025-10-28,Thiès,BTQ-THI-05,Stylo (lot de 10),Fournitures,1490.0,2.0,Orange Money
T103480,2025-01-31,Diourbel,BTQ-DIO-05,Riz brisé 25kg,Alimentaire,13060.0,2.0,Wave
T100289,2025-12-18,Thiès,BTQ-THI-03,Riz brisé 25kg,Alimentaire,12160.0,4.0,
T101270,2025-05-31, Louga ,BTQ-LOU-01,Café Touba 250g,Alimentaire,1220.0,2.0,Espèces
T103328,2025-03-25,Dakar,BTQ-DAK-04,Crédit téléphone,Services,960.0,,Carte
T102592,2025-05-19,Thiès,BTQ-THI-04,Lait en poudre 400g,Alimentaire,2240.0,3.0,Wave
T104246,14-11-2025,Ziguinchor,BTQ-ZIG-05,Javel 1L,Hygiène,610.0,1.0,Espèces
T100269,20/03/2025, Saint-Louis ,BTQ-SAI-01,Sucre 1kg,Alimentaire,720.0,3.0,Wave
T100601,2025-09-29,Tambacounda,,Pain,Alimentaire,150 FCFA,2.0,Espèces
T101514,2025-06-17,Dakar,BTQ-DAK-03,Stylo (lot de 10),Fournitures,1 570 FCFA,2.0,Wave
T101165,2025-03-01,Thiès,BTQ-THI-01,Sucre 1kg,Alimentaire,710.0,3.0,Wave
T103485,2025-09-10,Kaolack,BTQ-KAO-05,Javel 1L,Hygiène,590 FCFA,3.0,Orange Money
T101656,2025-12-13,Diourbel,BTQ-DIO-04,Savon (lot de 4),Hygiène,1010.0,5.0,Wave
T100865,2025-01-31,thiès,BTQ-THI-02,Café Touba 250g,Alimentaire,1230.0,3.0,Wave
T101758,2025-04-06,Ziguinchor,BTQ-ZIG-02,Recharge Woyofal,Services,4950.0,2.0,Orange Money
T104778,07-03-2025,Dakar,BTQ-DAK-02,Lait en poudre 400g,Alimentaire,2260.0,3.0,Espèces
T103578,2025-11-21,Diourbel,BTQ-DIO-05,Lait en poudre 400g,Alimentaire,2470.0,3.0,Wave
T103255,2025-07-24,St-Louis,BTQ-SAI-05,Savon (lot de 4),Hygiène,1000.0,3.0,Orange Money
T100360,2025-06-23,Dakar,BTQ-DAK-01,Savon (lot de 4),Hygiène,950.0,6.0,Espèces
T101477,2025-12-28,Dakar,BTQ-DAK-02,Pain,Alimentaire,160.0,4.0,Espèces
T104002,2025-12-07,Diourbel,BTQ-DIO-04,Sucre 1kg,Alimentaire,660.0,5.0,Wave
T102961,2025-06-14,Ziguinchor,BTQ-ZIG-05,Cahier 200p,Fournitures,530.0,4.0,Espèces
T104715,2025-09-16,Diourbel,BTQ-DIO-04,Stylo (lot de 10),Fournitures,1390.0,1.0,Espèces
T100094,17/08/2025,Kaolack,BTQ-KAO-02,Cahier 200p,Fournitures,480.0,4.0,Wave
T100253,2025-08-31,Dakar,,Javel 1L,Hygiène,580.0,5.0,Carte
T103550,2025-10-12,Dakar,BTQ-DAK-04,Pain,Alimentaire,150.0,2.0,Espèces
T100653,2025-04-26,Dakar,BTQ-DAK-02,Lait en poudre 400g,Alimentaire,2360.0,5.0,Orange Money
T101986,2025-05-09,Dakar,BTQ-DAK-03,Lait en poudre 400g,Alimentaire,2360.0,4.0,Espèces
T100217,2025-08-18,Dakar,BTQ-DAK-01,Café Touba 250g,Alimentaire,1130.0,3.0,Espèces
T102299,19-09-2025,kaolack,BTQ-KAO-01,Stylo (lot de 10),Fournitures,1600.0,,Espèces
T102413,2025-01-05,diourbel,BTQ-DIO-03,Stylo (lot de 10),Fournitures,1490.0,2.0,Espèces
T103543,2025-03-05,Kaolack,BTQ-KAO-05,Huile 5L,Alimentaire,6170.0,4.0,Orange Money
T104830,2025-12-12,Thiès,BTQ-THI-03,Riz brisé 25kg,Alimentaire,11990.0,2.0,Wave
T103557,2025-08-14,Thiès,BTQ-THI-01,Cahier 200p,Fournitures,520.0,5.0,Espèces
T104143,2025-01-04,Louga,BTQ-LOU-03,Javel 1L,Hygiène,600.0,4.0,Wave
T103602,2025-09-17,Saint-Louis,BTQ-SAI-01,Sucre 1kg,Alimentaire,740.0,1.0,Espèces
T102307,2025-12-25,Tambacounda,BTQ-TAM-01,Café Touba 250g,Alimentaire,1210.0,4.0,Wave
T103195,2025-02-09,Saint-Louis,BTQ-SAI-03,Sucre 1kg,Alimentaire,720.0,1.0,Espèces
T102502,2025-06-25,Dakar,BTQ-DAK-03,Huile 5L,Alimentaire,7080.0,,Espèces
T104635,2025-07-16,Kaolack,BTQ-KAO-01,Savon (lot de 4),Hygiène,1070.0,3.0,Espèces
T100566,2025-09-13,Dakar,BTQ-DAK-01,Recharge Woyofal,Services,4640.0,3.0,Espèces
T101473,2025-04-15,Tambacounda,BTQ-TAM-02,Café Touba 250g,Alimentaire,1170.0,4.0,Wave
T103229,2025-10-20,Dakar,BTQ-DAK-03,Sucre 1kg,Alimentaire,700 FCFA,3.0,Wave
T100089,2025-03-25,Dakar,BTQ-DAK-02,Crédit téléphone,Services,1040.0,7.0,Carte
T103503,2025-12-03,Ziguinchor,BTQ-ZIG-02,Javel 1L,Hygiène,640 FCFA,,Espèces
T102762,2025-10-24,Kaolack,BTQ-KAO-04,Huile 5L,Alimentaire,6620.0,3.0,Carte
T104710,2025-11-25,Thiès,BTQ-THI-02,Stylo (lot de 10),Fournitures,1670.0,3.0,Wave
T102873,2025-06-28,Ziguinchor,BTQ-ZIG-04,Savon (lot de 4),Hygiène,970.0,,Wave
T104689,18/12/2025,Tambacounda,BTQ-TAM-01,Javel 1L,Hygiène,620.0,4.0,
T101643,2025-09-23,Thiès,BTQ-THI-05,Pain,Alimentaire,150.0,1.0,Orange Money
T102970,2025-08-22,Diourbel,BTQ-DIO-02,Cahier 200p,Fournitures,490.0,3.0,Wave
T101489,2025-08-16,Thiès,BTQ-THI-02,Crédit téléphone,Services,980.0,3.0,
T100676,2025-11-05,Diourbel,BTQ-DIO-04,Café Touba 250g,Alimentaire,1190.0,5.0,Espèces
T103956,2025-11-10,Thiès,BTQ-THI-02,Huile 5L,Alimentaire,6360.0,2.0,Orange Money
T101371,2025-10-18,Saint-Louis,BTQ-SAI-04,Pain,Alimentaire,160.0,5.0,Orange Money
T104034,2025-06-18,Diourbel,BTQ-DIO-03,Stylo (lot de 10),Fournitures,1580.0,3.0,Orange Money
T100692,12/10/2025,Dakar,BTQ-DAK-02,Café Touba 250g,Alimentaire,1190.0,2.0,Carte
T104951,2025-09-27,dakar,BTQ-DAK-02,Sucre 1kg,Alimentaire,700.0,2.0,Wave
T104571,2025-10-28,Diourbel,BTQ-DIO-04,Café Touba 250g,Alimentaire,1190.0,2.0,Wave
T100172,2025-12-07,Saint-Louis,BTQ-SAI-03,Savon (lot de 4),Hygiène,950.0,4.0,Wave
T100529,2025-08-24,Diourbel,BTQ-DIO-03,Lait en poudre 400g,Alimentaire,2230.0,6.0,Wave
T101936,2025-09-14,St-Louis,BTQ-SAI-02,Crédit téléphone,Services,1000.0,3.0,Orange Money
T104072,20-11-2025,dakar,BTQ-DAK-01,Javel 1L,Hygiène,590.0,6.0,Orange Money
T103307,2025-12-30,dakar,BTQ-DAK-03,Lait en poudre 400g,Alimentaire,2 400 FCFA,2.0,Orange Money
T101579,05/07/2025,Saint-Louis,BTQ-SAI-02,Café Touba 250g,Alimentaire,1210.0,2.0,Orange Money
T103372,2025-04-06,Diourbel,BTQ-DIO-03,Stylo (lot de 10),Fournitures,1490.0,1.0,
T102500,26-03-2025,Louga,BTQ-LOU-03,Riz brisé 25kg,Alimentaire,11700.0,3.0,Wave
T102128,2025-01-03,Dakar,BTQ-DAK-05,Huile 5L,Alimentaire,6170.0,3.0,Orange Money
T103772,2025-09-08,Dakar,BTQ-DAK-03,Stylo (lot de 10),Fournitures,1550.0,2.0,Orange Money
T100424,2025-03-29,Dakar,BTQ-DAK-05,Café Touba 250g,Alimentaire,1180.0,2.0,Orange Money
T103852,2025-08-10,Louga,BTQ-LOU-01,Stylo (lot de 10),Fournitures,1540.0,2.0,Wave
T103299,2025-12-29,Tambacounda,BTQ-TAM-02,Pain,Alimentaire,150.0,1.0,Wave
T100738,2025-06-19,Ziguinchor,BTQ-ZIG-03,Crédit téléphone,Services,1000.0,4.0,Espèces
T103821,2025-05-21,Dakar,BTQ-DAK-01,Recharge Woyofal,Services,4800.0,3.0,
T100123,2025-04-30,Saint-Louis,BTQ-SAI-05,Café Touba 250g,Alimentaire,1140.0,5.0,Wave
T101148,12/08/2025,Tambacounda,BTQ-TAM-02,Café Touba 250g,Alimentaire,1170.0,3.0,
T102296,2025-10-26,Thiès,BTQ-THI-03,Huile 5L,Alimentaire,6310.0,4.0,Wave
T103511,2025-06-08,Kaolack,BTQ-KAO-02,Javel 1L,Hygiène,620.0,1.0,Orange Money
T104764,27/06/2025,Dakar,BTQ-DAK-04,Savon (lot de 4),Hygiène,1030.0,1.0,Espèces
T102953,2025-12-17,St-Louis,BTQ-SAI-04,Huile 5L,Alimentaire,6780.0,3.0,Wave
T103619,2025-02-28,Ziguinchor,BTQ-ZIG-04,Savon (lot de 4),Hygiène,950.0,4.0,Espèces
T100357,24-10-2025,Tambacounda,BTQ-TAM-02,Riz brisé 25kg,Alimentaire,11860.0,3.0,Espèces
T102286,2025-12-23,Dakar,BTQ-DAK-02,Javel 1L,Hygiène,570.0,4.0,Espèces
T100919,2025-02-04,Kaolack,BTQ-KAO-02,Huile 5L,Alimentaire,6 350 FCFA,4.0,Orange Money
T101607,2025-05-23,Kaolack,BTQ-KAO-04,Pain,Alimentaire,150 FCFA,1.0,Espèces
T103606,14/07/2025,Kaolack,BTQ-KAO-01,Sucre 1kg,Alimentaire,690.0,3.0,Espèces
T103242,2025-12-01,Tambacounda,BTQ-TAM-05,Javel 1L,Hygiène,610.0,3.0,Espèces
T100400,2025-11-06,Tambacounda,BTQ-TAM-05,Javel 1L,Hygiène,630.0,2.0,Espèces
T100818,2025-05-04,Tambacounda,BTQ-TAM-05,Crédit téléphone,Services,1 020 FCFA,2.0,Orange Money
T101027,2025-03-20,diourbel,,Riz brisé 25kg,Alimentaire,13160.0,4.0,Espèces
T103005,2025-06-20,Saint-Louis,BTQ-SAI-05,Riz brisé 25kg,Alimentaire,13240.0,4.0,Wave
T104112,2025-08-10,Dakar,BTQ-DAK-05,Recharge Woyofal,Services,4890.0,5.0,Espèces
T103454,2025-01-25,Dakar,BTQ-DAK-02,Café Touba 250g,Alimentaire,1160.0,5.0,Espèces
T104596,2025-03-27,Dakar,BTQ-DAK-03,Café Touba 250g,Alimentaire,1 150 FCFA,3.0,Espèces
T104591,2025-05-17, Saint-Louis ,BTQ-SAI-02,Huile 5L,Alimentaire,6410.0,3.0,Espèces
T103296,2025-07-07,Dakar,BTQ-DAK-01,Pain,Alimentaire,160.0,4.0,Wave
T101804,2025-12-28,St-Louis,BTQ-SAI-01,Stylo (lot de 10),Fournitures,1560.0,3.0,Wave
T101859,11-06-2025,Thiès,BTQ-THI-05,Javel 1L,Hygiène,600.0,2.0,Wave
T103037,26-01-2025,Louga,BTQ-LOU-05,Crédit téléphone,Services,1020.0,8.0,Wave
T100446,2025-12-04,Dakar,BTQ-DAK-03,Crédit téléphone,Services,1020.0,5.0,Orange Money
T101190,2025-10-25,Ziguinchor,BTQ-ZIG-01,Cahier 200p,Fournitures,510.0,2.0,Orange Money
T102122,2025-06-14, Ziguinchor ,BTQ-ZIG-02,Riz brisé 25kg,Alimentaire,11600.0,4.0,Carte
T100941,2025-05-28,Thiès,BTQ-THI-04,Crédit téléphone,Services,970.0,2.0,Wave
T104638,2025-06-26,Thiès,BTQ-THI-03,Pain,Alimentaire,150.0,4.0,Wave
T101174,2025-07-29,Louga,BTQ-LOU-01,Stylo (lot de 10),Fournitures,1540.0,3.0,Orange Money
T100665,2025-05-26,Dakar,BTQ-DAK-03,Café Touba 250g,Alimentaire,1210.0,4.0,Orange Money
T103263,2025-04-01,Dakar,BTQ-DAK-03,Pain,Alimentaire,150.0,1.0,Espèces
T103971,2025-04-24,Dakar,BTQ-DAK-04,Recharge Woyofal,Services,4910.0,1.0,Espèces
T101557,2025-10-07,St-Louis,BTQ-SAI-03,Sucre 1kg,Alimentaire,670.0,2.0,Orange Money
T101041,2025-09-19,Tambacounda,BTQ-TAM-02,Crédit téléphone,Services,1 040 FCFA,3.0,
T104872,2025-06-25,Saint-Louis,BTQ-SAI-05,Huile 5L,Alimentaire,6900.0,3.0,
T101457,2025-08-12,Louga,BTQ-LOU-05,Javel 1L,Hygiène,600.0,1.0,Orange Money
T100480,2025-08-08,Dakar,BTQ-DAK-05,Javel 1L,Hygiène,590.0,4.0,Espèces
T103994,2025-11-03,Dakar,BTQ-DAK-05,Sucre 1kg,Alimentaire,700.0,4.0,Orange Money
T102662,2025-05-29,Kaolack,BTQ-KAO-02,Crédit téléphone,Services,990.0,3.0,
T104508,2025-10-27,Diourbel,BTQ-DIO-03,Huile 5L,Alimentaire,6460.0,3.0,Espèces
T102310,2025-09-11,Tambacounda,BTQ-TAM-02,Crédit téléphone,Services,910.0,4.0,Espèces
T100293,2025-02-11,Kaolack,BTQ-KAO-04,Huile 5L,Alimentaire,6 620 FCFA,3.0,Espèces
T104205,2025-01-03,Dakar,BTQ-DAK-01,Cahier 200p,Fournitures,460.0,1.0,Wave
T101901,2025-06-17,Louga,BTQ-LOU-05,Savon (lot de 4),Hygiène,1010.0,2.0,Espèces
T102136,2025-02-08,Ziguinchor,BTQ-ZIG-04,Stylo (lot de 10),Fournitures,1560.0,3.0,Espèces
T102606,2025-12-04,Kaolack,BTQ-KAO-05,Sucre 1kg,Alimentaire,680.0,3.0,Espèces
T102213,12/05/2025,dakar,BTQ-DAK-03,Lait en poudre 400g,Alimentaire,2300.0,3.0,Espèces
T103034,2025-03-24,Thiès,BTQ-THI-04,Lait en poudre 400g,Alimentaire,2380.0,2.0,Espèces
T102140,2025-12-02,Diourbel,BTQ-DIO-05,Stylo (lot de 10),Fournitures,1610.0,2.0,Orange Money
T104865,2025-02-07,St-Louis,BTQ-SAI-03,Riz brisé 25kg,Alimentaire,12550.0,1.0,Orange Money
T104348,2025-11-21,Saint-Louis,BTQ-SAI-02,Riz brisé 25kg,Alimentaire,12620.0,2.0,
T101007,22/04/2025,Dakar,BTQ-DAK-03,Huile 5L,Alimentaire,6 700 FCFA,2.0,Espèces
T104426,2025-09-22,Thiès,BTQ-THI-05,Recharge Woyofal,Services,5150.0,6.0,
T104407,2025-01-26,Louga,BTQ-LOU-03,Cahier 200p,Fournitures,510.0,1.0,Orange Money
T103165,2025-09-07,Tambacounda,BTQ-TAM-05,Savon (lot de 4),Hygiène,960.0,5.0,Wave
T103660,30/07/2025,Ziguinchor,BTQ-ZIG-04,Café Touba 250g,Alimentaire,1 260 FCFA,5.0,
T101661,2025-12-14,Ziguinchor,BTQ-ZIG-05,Savon (lot de 4),Hygiène,1040.0,3.0,Carte
T101203,04-10-2025,Louga,BTQ-LOU-04,Stylo (lot de 10),Fournitures,1520.0,2.0,Espèces
T103801,2025-08-31,dakar,BTQ-DAK-02,Café Touba 250g,Alimentaire,1200.0,2.0,Orange Money
T104222,2025-06-24,Dakar,BTQ-DAK-05,Riz brisé 25kg,Alimentaire,13190.0,3.0,Orange Money
T101220,2025-03-06,Diourbel,BTQ-DIO-02,Pain,Alimentaire,150.0,3.0,Wave
T100157,2025-01-09,Diourbel,BTQ-DIO-04,Sucre 1kg,Alimentaire,660.0,4.0,Wave
T103539,2025-12-06,Kaolack,BTQ-KAO-03,Sucre 1kg,Alimentaire,700 FCFA,,Espèces
T103075,2025-07-01,Dakar,BTQ-DAK-01,Recharge Woyofal,Services,5110.0,,Espèces
T103347,2025-03-02,Dakar,BTQ-DAK-01,Huile 5L,Alimentaire,7250.0,1.0,Orange Money
T103748,2025-10-27,Dakar,BTQ-DAK-04,Cahier 200p,Fournitures,480.0,4.0,Orange Money
T101145,2025-08-20,Ziguinchor,BTQ-ZIG-05,Stylo (lot de 10),Fournitures,1410.0,2.0,Espèces
T102689,2025-09-08,Thiès,BTQ-THI-04,Savon (lot de 4),Hygiène,950.0,4.0,Espèces
T100754,2025-03-21,Saint-Louis,BTQ-SAI-05,Javel 1L,Hygiène,590.0,1.0,Wave
T101878,2025-08-30,Thiès,BTQ-THI-03,Sucre 1kg,Alimentaire,710.0,1.0,Wave
T104616,20-03-2025,Diourbel,BTQ-DIO-03,Javel 1L,Hygiène,560.0,1.0,Wave
T100235,2025-07-22,Dakar,BTQ-DAK-04,Café Touba 250g,Alimentaire,1210.0,3.0,Orange Money
T102889,2025-08-29,Dakar,BTQ-DAK-03,Savon (lot de 4),Hygiène,1020.0,2.0,Orange Money
T103825,2025-09-19,KAOLACK,BTQ-KAO-01,Stylo (lot de 10),Fournitures,1520.0,-3.0,Espèces
T102276,26/09/2025,Diourbel,BTQ-DIO-01,Savon (lot de 4),Hygiène,980.0,2.0,Espèces
T100558,2025-12-05,Dakar,BTQ-DAK-02,Savon (lot de 4),Hygiène,1040.0,4.0,Wave
T101586,2025-07-25,Ziguinchor,BTQ-ZIG-03,Pain,Alimentaire,160.0,5.0,
T101988,14-12-2025,Diourbel,BTQ-DIO-01,Recharge Woyofal,Services,5 060 FCFA,3.0,Wave
T104233,19-01-2025,Thiès,BTQ-THI-04,Lait en poudre 400g,Alimentaire,2360.0,6.0,Espèces
T104883,2025-09-21,Thiès,BTQ-THI-02,Savon (lot de 4),Hygiène,1030.0,3.0,
T104628,12/04/2025,saint-louis,BTQ-SAI-04,Lait en poudre 400g,Alimentaire,2190.0,3.0,Orange Money
T103105,2025-04-13,Diourbel,BTQ-DIO-02,Huile 5L,Alimentaire,6650.0,1.0,Wave
T102391,2025-10-17,Dakar,BTQ-DAK-02,Riz brisé 25kg,Alimentaire,12760.0,4.0,Espèces
T104263,2025-12-27,Dakar,BTQ-DAK-02,Huile 5L,Alimentaire,6650.0,5.0,Espèces
T104934,2025-04-24,Kaolack,BTQ-KAO-01,Javel 1L,Hygiène,580.0,2.0,Wave
T102334,2025-11-19,Kaolack,BTQ-KAO-05,Javel 1L,Hygiène,580.0,3.0,Wave
T102721,2025-09-19,Diourbel,BTQ-DIO-04,Huile 5L,Alimentaire,6660.0,6.0,Orange Money
T100630,2025-03-13,Kaolack,BTQ-KAO-01,Recharge Woyofal,Services,5080.0,2.0,Wave
T103440,2025-06-03,Ziguinchor,BTQ-ZIG-03,Pain,Alimentaire,160.0,4.0,Espèces
T100681,2025-11-25,Dakar,BTQ-DAK-02,Huile 5L,Alimentaire,6420.0,6.0,Espèces
T100187,15/10/2025,Ziguinchor,BTQ-ZIG-05,Cahier 200p,Fournitures,460.0,1.0,Espèces
T102192,26/05/2025,Ziguinchor,BTQ-ZIG-02,Huile 5L,Alimentaire,6370.0,2.0,Carte
T104999,2025-08-31,Dakar,BTQ-DAK-01,Lait en poudre 400g,Alimentaire,2230.0,2.0,Wave
T100606,2025-09-24,Thiès,BTQ-THI-01,Savon (lot de 4),Hygiène,940.0,4.0,Wave
T102868,2025-12-02,Thiès,BTQ-THI-01,Crédit téléphone,Services,1060.0,4.0,Espèces
T101536,2025-07-10,Dakar,BTQ-DAK-02,Javel 1L,Hygiène,580.0,2.0,Espèces
T104943,2025-09-11,Ziguinchor,BTQ-ZIG-01,Sucre 1kg,Alimentaire,690.0,4.0,Espèces
T104404,20/12/2025,DAKAR,BTQ-DAK-01,Savon (lot de 4),Hygiène,980.0,3.0,Espèces
T100787,2025-05-19,Thiès,BTQ-THI-05,Riz brisé 25kg,Alimentaire,12 390 FCFA,3.0,Espèces
T104004,2025-07-09,Dakar,BTQ-DAK-03,Riz brisé 25kg,Alimentaire,11180.0,4.0,Wave
T100931,2025-02-18,Dakar,BTQ-DAK-03,Lait en poudre 400g,Alimentaire,2090.0,2.0,Espèces
T100926,2025-01-13,Dakar,BTQ-DAK-02,Lait en poudre 400g,Alimentaire,2360.0,4.0,
T100911,2025-02-16,Thiès,BTQ-THI-02,Recharge Woyofal,Services,5150.0,2.0,Espèces
T103029,2025-03-18,THIÈS,BTQ-THI-05,Pain,Alimentaire,160.0,3.0,Espèces
T104192,2025-10-31,Diourbel,BTQ-DIO-04,Café Touba 250g,Alimentaire,1150.0,2.0,
T101123,2025-05-10,Louga,BTQ-LOU-05,Riz brisé 25kg,Alimentaire,12800.0,4.0,Espèces
T102822,2025-02-26,Ziguinchor,BTQ-ZIG-02,Stylo (lot de 10),Fournitures,1450.0,2.0,Orange Money
T101932,2025-10-12,Tambacounda,BTQ-TAM-04,Lait en poudre 400g,Alimentaire,2 430 FCFA,3.0,Wave
T104133,2025-12-11, Dakar ,BTQ-DAK-01,Sucre 1kg,Alimentaire,720.0,,Espèces
T100849,2025-04-17,Dakar,BTQ-DAK-04,Café Touba 250g,Alimentaire,1210.0,5.0,Espèces
T101151,2025-03-26,Kaolack,BTQ-KAO-05,Riz brisé 25kg,Alimentaire,13050.0,1.0,Orange Money
T101155,2025-01-22,Kaolack,BTQ-KAO-02,Stylo (lot de 10),Fournitures,1430.0,,Wave
T104098,2025-03-01,Tambacounda,BTQ-TAM-02,Café Touba 250g,Alimentaire,1160.0,4.0,Wave
T104029,2025-06-05,Diourbel,BTQ-DIO-02,Crédit téléphone,Services,980.0,1.0,Espèces
T102833,2025-06-16,Kaolack,BTQ-KAO-02,Sucre 1kg,Alimentaire,720.0,,Espèces
T103427,2025-02-08,Tambacounda,BTQ-TAM-02,Crédit téléphone,Services,990 FCFA,,Espèces
T101053,2025-12-11,Dakar,BTQ-DAK-05,Cahier 200p,Fournitures,480.0,1.0,
T104838,2025-03-04,Saint-Louis,BTQ-SAI-04,Cahier 200p,Fournitures,510.0,2.0,Orange Money
T101252,2025-03-07,Diourbel,BTQ-DIO-04,Lait en poudre 400g,Alimentaire,2260.0,8.0,Espèces
T104804,2025-10-28, Diourbel ,BTQ-DIO-03,Cahier 200p,Fournitures,510.0,4.0,Wave
T102813,2025-04-15,Dakar,BTQ-DAK-04,Pain,Alimentaire,160.0,1.0,Espèces
T102196,12/09/2025,Ziguinchor,BTQ-ZIG-05,Pain,Alimentaire,160.0,1.0,Espèces
T101684,2025-01-09, Louga ,BTQ-LOU-02,Riz brisé 25kg,Alimentaire,11860.0,2.0,Espèces
T101915,2025-12-20,Tambacounda,BTQ-TAM-03,Recharge Woyofal,Services,5060.0,1.0,Espèces
T100077,2025-11-25,Diourbel,BTQ-DIO-03,Pain,Alimentaire,140.0,3.0,Espèces
T104328,2025-12-16,Saint-Louis,BTQ-SAI-01,Javel 1L,Hygiène,610 FCFA,1.0,Espèces
T103933,02/04/2025,Thiès,BTQ-THI-05,Savon (lot de 4),Hygiène,990.0,,Espèces
T104717,2025-10-05,Dakar,BTQ-DAK-05,Cahier 200p,Fournitures,430 FCFA,4.0,Wave
T103645,2025-06-12,LOUGA,BTQ-LOU-02,Javel 1L,Hygiène,590.0,4.0,Espèces
T100105,2025-06-03,Diourbel,BTQ-DIO-01,Pain,Alimentaire,150.0,,Wave
T100458,2025-04-24,Saint-Louis,BTQ-SAI-02,Stylo (lot de 10),Fournitures,1450.0,1.0,Orange Money
T103614,2025-10-10,Dakar,BTQ-DAK-02,Savon (lot de 4),Hygiène,1030.0,4.0,Orange Money
T104998,2025-04-05,Thiès,BTQ-THI-04,Huile 5L,Alimentaire,6500.0,4.0,Espèces
T101242,2025-09-04,Louga,BTQ-LOU-04,Sucre 1kg,Alimentaire,740.0,5.0,Espèces
T102049,31-03-2025,Kaolack,BTQ-KAO-03,Café Touba 250g,Alimentaire,1140.0,3.0,Orange Money
T101772,2025-04-15,Dakar,BTQ-DAK-03,Stylo (lot de 10),Fournitures,1480.0,1.0,Espèces
T103560,2025-01-09,Dakar,BTQ-DAK-03,Savon (lot de 4),Hygiène,1030.0,2.0,Wave
T101191,2025-02-23,Dakar,BTQ-DAK-04,Pain,Alimentaire,140 FCFA,1.0,Espèces
T101259,2025-05-09,Dakar,BTQ-DAK-01,Huile 5L,Alimentaire,6860.0,3.0,Espèces
T100953,2025-10-30,Kaolack,BTQ-KAO-01,Huile 5L,Alimentaire,6500.0,2.0,Espèces
T102957,2025-10-27,Louga,BTQ-LOU-05,Savon (lot de 4),Hygiène,1040.0,3.0,Espèces
T102379,25/02/2025, Dakar ,BTQ-DAK-02,Javel 1L,Hygiène,590.0,2.0,
T104239,2025-12-31,St-Louis,BTQ-SAI-01,Café Touba 250g,Alimentaire,1200.0,2.0,Wave
T100679,2025-12-08, Diourbel ,BTQ-DIO-02,Riz brisé 25kg,Alimentaire,12 310 FCFA,6.0,Wave
T103867,31-07-2025,Diourbel,BTQ-DIO-03,Huile 5L,Alimentaire,6890.0,2.0,Orange Money
T100567,2025-09-12,Thiès,BTQ-THI-02,Sucre 1kg,Alimentaire,670.0,1.0,Wave
T102557,2025-01-17,Louga,BTQ-LOU-01,Cahier 200p,Fournitures,510.0,4.0,Espèces
T104043,2025-04-04,ziguinchor,BTQ-ZIG-02,Cahier 200p,Fournitures,480.0,5.0,Espèces
T103810,2025-05-23,Kaolack,BTQ-KAO-05,Riz brisé 25kg,Alimentaire,13030.0,2.0,Wave
T104546,2025-05-05,Louga,BTQ-LOU-02,Riz brisé 25kg,Alimentaire,12080.0,,Wave
T104901,2025-10-07,Diourbel,BTQ-DIO-05,Crédit téléphone,Services,990.0,2.0,Carte
T100832,2025-11-29, Dakar ,BTQ-DAK-05,Recharge Woyofal,Services,4650.0,1.0,Wave
T103681,2025-05-24,Dakar,BTQ-DAK-05,Huile 5L,Alimentaire,6880.0,2.0,Orange Money
T102639,2025-12-03,Dakar,BTQ-DAK-04,Crédit téléphone,Services,950.0,3.0,Espèces
T104839,2025-04-23,Louga,BTQ-LOU-05,Lait en poudre 400g,Alimentaire,2290.0,1.0,Espèces
T101383,11-08-2025,Louga,BTQ-LOU-01,Stylo (lot de 10),Fournitures,1460.0,7.0,Wave
T100460,2025-08-24,Louga,BTQ-LOU-05,Sucre 1kg,Alimentaire,680.0,3.0,Orange Money
T103025,2025-11-10,Diourbel,BTQ-DIO-01,Cahier 200p,Fournitures,470.0,1.0,Espèces
T102211,2025-08-23,Thiès,BTQ-THI-02,Recharge Woyofal,Services,5460.0,,Wave
T100205,13/08/2025,Thiès,BTQ-THI-01,Crédit téléphone,Services,990.0,4.0,Wave
T101517,2025-11-18,Diourbel,BTQ-DIO-03,Lait en poudre 400g,Alimentaire,2410.0,6.0,Orange Money
T104137,2025-03-27,Dakar,BTQ-DAK-05,Lait en poudre 400g,Alimentaire,2430.0,3.0,Wave
T101785,2025-05-20,Dakar,BTQ-DAK-01,Savon (lot de 4),Hygiène,1 020 FCFA,3.0,Espèces
T103310,23-06-2025,DAKAR,BTQ-DAK-02,Cahier 200p,Fournitures,500.0,4.0,Wave
T103883,07-03-2025,Kaolack,BTQ-KAO-02,Pain,Alimentaire,170.0,2.0,Wave
T100552,2025-02-20,Thiès,BTQ-THI-05,Lait en poudre 400g,Alimentaire,2390.0,5.0,Espèces
T101120,2025-03-19,DIOURBEL,BTQ-DIO-02,Recharge Woyofal,Services,4710.0,,Espèces
T100964,2025-02-11,Dakar,BTQ-DAK-03,Stylo (lot de 10),Fournitures,1520.0,2.0,Orange Money
T101330,2025-11-04,Kaolack,BTQ-KAO-03,Café Touba 250g,Alimentaire,1220.0,1.0,Orange Money
T102705,28-05-2025,Thiès,BTQ-THI-03,Cahier 200p,Fournitures,490.0,3.0,Wave
T104601,2025-03-08,Saint-Louis,BTQ-SAI-03,Lait en poudre 400g,Alimentaire,2 270 FCFA,3.0,Espèces
T100995,2025-05-08,saint-louis,BTQ-SAI-01,Savon (lot de 4),Hygiène,1020.0,3.0,Orange Money
T101398,2025-12-05,St-Louis,BTQ-SAI-04,Huile 5L,Alimentaire,6850.0,6.0,Espèces
T101690,2025-02-28,Diourbel,BTQ-DIO-02,Stylo (lot de 10),Fournitures,1380.0,3.0,Espèces
T103844,2025-06-13,Dakar,BTQ-DAK-04,Javel 1L,Hygiène,630.0,4.0,Wave
T103222,2025-06-01,Kaolack,BTQ-KAO-03,Cahier 200p,Fournitures,500.0,2.0,Orange Money
T100752,30-03-2025,Thiès,BTQ-THI-05,Javel 1L,Hygiène,560 FCFA,4.0,
T103657,2025-05-16,Dakar,BTQ-DAK-01,Lait en poudre 400g,Alimentaire,2230.0,2.0,Orange Money
T102856,14/10/2025,Kaolack,BTQ-KAO-01,Huile 5L,Alimentaire,6 570 FCFA,3.0,Espèces
T100796,20/07/2025,Tambacounda,BTQ-TAM-04,Javel 1L,Hygiène,570.0,3.0,Wave
T103613,2025-05-30,Thiès,BTQ-THI-05,Huile 5L,Alimentaire,6830.0,3.0,Carte
T103324,2025-11-09,Louga,BTQ-LOU-01,Huile 5L,Alimentaire,6 580 FCFA,1.0,Espèces
T103017,2025-08-29,Tambacounda,BTQ-TAM-02,Crédit téléphone,Services,970.0,5.0,Espèces
T103024,2025-04-15,Kaolack,BTQ-KAO-01,Crédit téléphone,Services,1020.0,2.0,Wave
T104232,2025-12-06,Louga,BTQ-LOU-02,Cahier 200p,Fournitures,490.0,1.0,Wave
T101219,2025-08-20,Kaolack,BTQ-KAO-04,Crédit téléphone,Services,1010.0,2.0,
T103495,2025-08-29,Diourbel,BTQ-DIO-05,Pain,Alimentaire,150.0,3.0,Espèces
T102045,2025-03-25,Dakar,BTQ-DAK-05,Stylo (lot de 10),Fournitures,1 470 FCFA,4.0,Wave
T104608,2025-06-21,Thiès,BTQ-THI-03,Recharge Woyofal,Services,4 830 FCFA,2.0,Wave
T104151,2025-08-11,Diourbel,BTQ-DIO-02,Café Touba 250g,Alimentaire,1240.0,1.0,Wave
T102482,2025-02-25,Dakar,BTQ-DAK-03,Huile 5L,Alimentaire,6730.0,3.0,Orange Money
T101392,2025-03-16,Diourbel,BTQ-DIO-03,Riz brisé 25kg,Alimentaire,13380.0,7.0,Espèces
T103515,2025-06-19,Ziguinchor,BTQ-ZIG-03,Lait en poudre 400g,Alimentaire,2430.0,2.0,Espèces
T101423,2025-12-24,Diourbel,BTQ-DIO-04,Pain,Alimentaire,160.0,4.0,Wave
T104535,2025-05-04,Ziguinchor,BTQ-ZIG-02,Crédit téléphone,Services,1020.0,3.0,Orange Money
T103309,2025-03-09,Louga,BTQ-LOU-04,Javel 1L,Hygiène,590.0,1.0,
T102710,2025-11-26,Diourbel,BTQ-DIO-04,Pain,Alimentaire,160.0,2.0,Espèces
T103010,20/06/2025,Thiès,BTQ-THI-02,Recharge Woyofal,Services,4 790 FCFA,4.0,Espèces
T104304,2025-05-18,Ziguinchor,BTQ-ZIG-05,Café Touba 250g,Alimentaire,1200.0,1.0,Espèces
T101344,2025-05-27,Diourbel,BTQ-DIO-01,Savon (lot de 4),Hygiène,1010.0,5.0,Espèces
T102138,2025-08-21,Dakar,BTQ-DAK-04,Pain,Alimentaire,160 FCFA,2.0,Orange Money
T101260,2025-08-27,Tambacounda,BTQ-TAM-03,Cahier 200p,Fournitures,490.0,3.0,Orange Money
T104985,22-05-2025,Louga,BTQ-LOU-05,Café Touba 250g,Alimentaire,1210.0,5.0,Espèces
T101149,2025-04-14,Tambacounda,BTQ-TAM-04,Recharge Woyofal,Services,4840.0,3.0,Espèces
T102227,09-09-2025,Dakar,BTQ-DAK-02,Lait en poudre 400g,Alimentaire,2400.0,4.0,Wave
T101800,22/01/2025,Kaolack,BTQ-KAO-04,Pain,Alimentaire,150.0,3.0,Wave
T103973,2025-12-09,Dakar,BTQ-DAK-02,Stylo (lot de 10),Fournitures,1440.0,3.0,Espèces
T100030,2025-08-24,Dakar,BTQ-DAK-03,Cahier 200p,Fournitures,450.0,5.0,Wave
T101756,2025-07-15,Thiès,BTQ-THI-02,Riz brisé 25kg,Alimentaire,12640.0,3.0,Espèces
T102034,26/08/2025,Dakar,BTQ-DAK-01,Savon (lot de 4),Hygiène,980.0,3.0,Espèces
T100553,2025-01-04,Louga,BTQ-LOU-01,Stylo (lot de 10),Fournitures,1350.0,1.0,Espèces
T103012,2025-08-01,Diourbel,BTQ-DIO-01,Savon (lot de 4),Hygiène,940.0,4.0,Espèces
T100404,2025-01-09,Ziguinchor,BTQ-ZIG-05,Lait en poudre 400g,Alimentaire,2300.0,3.0,Wave
T100489,2025-02-20,Dakar,BTQ-DAK-04,Huile 5L,Alimentaire,6 010 FCFA,1.0,Espèces
T102766,03/07/2025,Thiès,BTQ-THI-05,Javel 1L,Hygiène,560.0,3.0,
T102924,2025-11-17,Kaolack,BTQ-KAO-03,Pain,Alimentaire,150.0,2.0,Wave
T101138,2025-03-28,Diourbel,BTQ-DIO-04,Café Touba 250g,Alimentaire,1180.0,2.0,Orange Money
T104567,2025-06-04,Saint-Louis,BTQ-SAI-01,Lait en poudre 400g,Alimentaire,2410.0,5.0,Espèces
T101024,2025-02-18,Thiès,BTQ-THI-03,Sucre 1kg,Alimentaire,660.0,5.0,Wave
T101372,2025-06-16,Dakar,BTQ-DAK-03,Pain,Alimentaire,150.0,3.0,Espèces
T102255,2025-12-04,Kaolack,BTQ-KAO-01,Lait en poudre 400g,Alimentaire,2300.0,5.0,Espèces
T100331,2025-01-16,Thiès,BTQ-THI-03,Lait en poudre 400g,Alimentaire,2290.0,1.0,Wave
T104769,2025-03-09,Dakar,BTQ-DAK-03,Pain,Alimentaire,150 FCFA,2.0,Wave
T102330,2025-09-06, Louga ,BTQ-LOU-04,Recharge Woyofal,Services,5310.0,3.0,Espèces
T100876,2025-08-28,Dakar,BTQ-DAK-04,Huile 5L,Alimentaire,6790.0,3.0,Espèces
T101020,2025-03-20,St-Louis,BTQ-SAI-03,Pain,Alimentaire,140.0,3.0,Espèces
T100376,2025-03-25,Thiès,BTQ-THI-01,Café Touba 250g,Alimentaire,1160.0,3.0,Wave
T102546,2025-06-07,Thiès,BTQ-THI-02,Pain,Alimentaire,150.0,6.0,Wave
T103846,11/09/2025,diourbel,BTQ-DIO-02,Riz brisé 25kg,Alimentaire,12570.0,2.0,Wave
T103154,2025-03-27,Dakar,BTQ-DAK-03,Crédit téléphone,Services,970 FCFA,2.0,Orange Money
T102887,2025-11-25,Tambacounda,BTQ-TAM-01,Huile 5L,Alimentaire,6230.0,-2.0,Espèces
T102864,2025-05-22,Ziguinchor,BTQ-ZIG-04,Savon (lot de 4),Hygiène,950 FCFA,4.0,Orange Money
T104796,08-09-2025,Dakar,BTQ-DAK-03,Crédit téléphone,Services,1050.0,,
T100082,2025-05-31,diourbel,BTQ-DIO-03,Pain,Alimentaire,160.0,3.0,Orange Money
T101990,2025-10-11,Ziguinchor,BTQ-ZIG-05,Cahier 200p,Fournitures,520.0,3.0,Orange Money
T104831,2025-09-04,Diourbel,BTQ-DIO-02,Javel 1L,Hygiène,630.0,4.0,Espèces
T103183,2025-06-11,Thiès,,Crédit téléphone,Services,960.0,5.0,Wave
T104944,14-10-2025,Dakar,BTQ-DAK-05,Crédit téléphone,Services,980.0,4.0,Espèces
T104088,2025-07-21,Louga,BTQ-LOU-03,Stylo (lot de 10),Fournitures,1550.0,4.0,Wave
T100635,2025-07-11,Dakar,,Huile 5L,Alimentaire,6350.0,6.0,Wave
T103177,2025-04-26,Tambacounda,BTQ-TAM-03,Huile 5L,Alimentaire,6 540 FCFA,3.0,Espèces
T104690,2025-12-03,Dakar,BTQ-DAK-01,Café Touba 250g,Alimentaire,1 140 FCFA,3.0,Espèces
T103198,2025-04-05,diourbel,BTQ-DIO-04,Riz brisé 25kg,Alimentaire,12480.0,4.0,Espèces
T100080,2025-05-30,Kaolack,BTQ-KAO-01,Pain,Alimentaire,150.0,3.0,Orange Money
T101256,2025-01-28,St-Louis,BTQ-SAI-03,Savon (lot de 4),Hygiène,1020.0,3.0,Wave
T102586,2025-04-30,Dakar,BTQ-DAK-04,Stylo (lot de 10),Fournitures,1500.0,3.0,Wave
T104928,2025-07-03,Diourbel,BTQ-DIO-04,Pain,Alimentaire,150.0,4.0,Orange Money
T101733,2025-10-11,Diourbel,BTQ-DIO-04,Café Touba 250g,Alimentaire,1270.0,1.0,Wave
T103624,2025-03-19,Ziguinchor,BTQ-ZIG-03,Cahier 200p,Fournitures,530.0,3.0,Espèces
T102999,2025-10-19,Kaolack,BTQ-KAO-05,Savon (lot de 4),Hygiène,1000.0,3.0,Espèces
T104525,2025-09-30,Dakar,BTQ-DAK-02,Lait en poudre 400g,Alimentaire,2210.0,3.0,Wave
T102507,2025-08-24,Dakar,BTQ-DAK-04,Sucre 1kg,Alimentaire,700.0,3.0,Espèces
T100603,2025-05-03,Thiès,BTQ-THI-04,Riz brisé 25kg,Alimentaire,13280.0,2.0,Carte
T104620,2025-02-25,Ziguinchor,BTQ-ZIG-04,Huile 5L,Alimentaire,6460.0,2.0,Wave
T100341,2025-03-17,Thiès,BTQ-THI-04,Recharge Woyofal,Services,4870.0,2.0,Espèces
T101265,2025-11-17,Dakar,BTQ-DAK-05,Huile 5L,Alimentaire,6360.0,2.0,Wave
T101045,2025-12-05,Diourbel,BTQ-DIO-05,Savon (lot de 4),Hygiène,970 FCFA,3.0,Espèces
T102803,2025-10-29,Dakar,BTQ-DAK-05,Huile 5L,Alimentaire,6570.0,5.0,Espèces
T103128,2025-11-02,Dakar,BTQ-DAK-01,Cahier 200p,Fournitures,500.0,4.0,Espèces
T104812,2025-07-19,Thiès,BTQ-THI-04,Pain,Alimentaire,150.0,3.0,Espèces
T103620,2025-05-15,Tambacounda,BTQ-TAM-04,Huile 5L,Alimentaire,6450.0,3.0,Espèces
T103401,2025-03-08,ZIGUINCHOR,BTQ-ZIG-02,Cahier 200p,Fournitures,500.0,3.0,Wave
T104190,2025-12-22,Dakar,BTQ-DAK-02,Recharge Woyofal,Services,5020.0,3.0,Wave
T100220,2025-01-12,Diourbel,BTQ-DIO-02,Recharge Woyofal,Services,4940.0,2.0,Carte
T103354,2025-01-11,Dakar,BTQ-DAK-01,Javel 1L,Hygiène,580.0,4.0,Orange Money
T101981,2025-04-21,Saint-Louis,BTQ-SAI-01,Recharge Woyofal,Services,5120.0,6.0,Espèces
T100058,2025-08-31,Kaolack,BTQ-KAO-01,Pain,Alimentaire,150.0,4.0,Wave
T104898,2025-08-02,Thiès,BTQ-THI-03,Crédit téléphone,Services,990.0,6.0,Carte
T100380,2025-07-19,Dakar,BTQ-DAK-01,Crédit téléphone,Services,980.0,3.0,Espèces
T103364,2025-09-07,Saint-Louis,BTQ-SAI-02,Lait en poudre 400g,Alimentaire,2370.0,3.0,Espèces
T100723,2025-03-02,Diourbel,BTQ-DIO-02,Pain,Alimentaire,150.0,4.0,
T101238,2025-09-18,Thiès,BTQ-THI-04,Riz brisé 25kg,Alimentaire,12600.0,2.0,Wave
T100674,2025-12-23,Thiès,BTQ-THI-01,Crédit téléphone,Services,940.0,5.0,Espèces
T103090,2025-08-24,dakar,BTQ-DAK-05,Café Touba 250g,Alimentaire,1230.0,3.0,Espèces
T101538,2025-03-17,St-Louis,BTQ-SAI-03,Sucre 1kg,Alimentaire,700.0,3.0,Orange Money
T103556,2025-12-20,Louga,BTQ-LOU-05,Stylo (lot de 10),Fournitures,1560.0,5.0,Espèces
T100236,2025-06-03,Dakar,BTQ-DAK-01,Sucre 1kg,Alimentaire,680.0,2.0,Wave
T103172,2025-09-18,Tambacounda,BTQ-TAM-05,Café Touba 250g,Alimentaire,1200.0,2.0,Wave
T101688,2025-02-07, Dakar ,BTQ-DAK-02,Cahier 200p,Fournitures,500.0,2.0,Espèces
T104294,2025-10-20,Thiès,BTQ-THI-03,Café Touba 250g,Alimentaire,1250.0,3.0,Espèces
T102709,2025-04-04,Tambacounda,BTQ-TAM-02,Cahier 200p,Fournitures,530.0,4.0,Espèces
T102875,2025-01-25,Louga,BTQ-LOU-03,Lait en poudre 400g,Alimentaire,2330.0,3.0,Espèces
T101926,2025-10-05,St-Louis,BTQ-SAI-05,Lait en poudre 400g,Alimentaire,2420.0,4.0,
T101324,2025-08-27,Dakar,BTQ-DAK-03,Recharge Woyofal,Services,5 210 FCFA,2.0,Espèces
T100538,2025-01-24,Ziguinchor,BTQ-ZIG-03,Savon (lot de 4),Hygiène,970.0,4.0,Espèces
T101573,29/10/2025,Louga,BTQ-LOU-01,Lait en poudre 400g,Alimentaire,2230.0,3.0,Espèces
T102898,2025-03-23,Dakar,BTQ-DAK-02,Café Touba 250g,Alimentaire,1170.0,1.0,Espèces
T102884,2025-06-09,Diourbel,BTQ-DIO-01,Cahier 200p,Fournitures,480.0,1.0,Wave
T103656,2025-01-08,Dakar,BTQ-DAK-01,Café Touba 250g,Alimentaire,1 190 FCFA,1.0,Espèces
T103455,2025-01-17,Louga,BTQ-LOU-03,Lait en poudre 400g,Alimentaire,2110.0,6.0,Orange Money
T104932,2025-01-07,Louga,BTQ-LOU-03,Huile 5L,Alimentaire,6120.0,4.0,Espèces
T100372,2025-06-23, Thiès ,BTQ-THI-02,Riz brisé 25kg,Alimentaire,12760.0,2.0,Orange Money
T104209,2025-03-30,Ziguinchor,BTQ-ZIG-02,Huile 5L,Alimentaire,6490.0,3.0,
T100878,2025-03-23,Diourbel,BTQ-DIO-03,Sucre 1kg,Alimentaire,750.0,2.0,Wave
T101569,2025-04-16,St-Louis,BTQ-SAI-03,Riz brisé 25kg,Alimentaire,11440.0,4.0,Espèces
T103510,2025-11-16,louga,BTQ-LOU-02,Café Touba 250g,Alimentaire,1240.0,2.0,Wave
T104732,2025-03-30,Dakar,BTQ-DAK-04,Huile 5L,Alimentaire,6460.0,2.0,Orange Money
T100672,2025-11-05,Diourbel,BTQ-DIO-01,Sucre 1kg,Alimentaire,730 FCFA,3.0,Wave
T103759,2025-09-30,Dakar,BTQ-DAK-01,Pain,Alimentaire,150.0,3.0,Espèces
T103218,2025-05-24,Dakar,BTQ-DAK-04,Stylo (lot de 10),Fournitures,1400.0,2.0,
T103325,2025-07-19,Dakar,BTQ-DAK-03,Savon (lot de 4),Hygiène,1060.0,3.0,Espèces
T100002,2025-01-10,Dakar,BTQ-DAK-04,Lait en poudre 400g,Alimentaire,2270.0,2.0,Wave
T104559,2025-11-19,Kaolack,,Recharge Woyofal,Services,5040.0,1.0,Wave
T102678,2025-10-21,Thiès,BTQ-THI-02,Crédit téléphone,Services,1070.0,4.0,Espèces
T104813,2025-05-19,Dakar,BTQ-DAK-04,Pain,Alimentaire,140 FCFA,5.0,Espèces
T101287,24/01/2025,Thiès,BTQ-THI-02,Café Touba 250g,Alimentaire,1180.0,2.0,Espèces
T102618,2025-08-28,Louga,BTQ-LOU-01,Crédit téléphone,Services,940 FCFA,5.0,Espèces
T104733,01-03-2025,Diourbel,BTQ-DIO-05,Crédit téléphone,Services,1040.0,3.0,Espèces
T104227,2025-02-03,Diourbel,BTQ-DIO-01,Javel 1L,Hygiène,560.0,4.0,Orange Money
T103497,2025-11-30,Dakar,BTQ-DAK-02,Stylo (lot de 10),Fournitures,1530.0,1.0,Espèces
T104509,2025-02-17,Diourbel,BTQ-DIO-05,Lait en poudre 400g,Alimentaire,2290.0,1.0,Espèces
T102940,2025-10-11,ZIGUINCHOR,BTQ-ZIG-01,Cahier 200p,Fournitures,510.0,4.0,Espèces
T100296,2025-08-15,Ziguinchor,BTQ-ZIG-04,Javel 1L,Hygiène,610.0,3.0,Espèces
T103745,2025-02-03,Diourbel,BTQ-DIO-05,Huile 5L,Alimentaire,6360.0,2.0,Espèces
T103298,2025-09-02,Dakar,BTQ-DAK-05,Pain,Alimentaire,160.0,2.0,Espèces
T102350,18-04-2025,Tambacounda,BTQ-TAM-03,Recharge Woyofal,Services,4700.0,3.0,Wave
T100165,2025-06-27,Dakar,BTQ-DAK-03,Savon (lot de 4),Hygiène,1040.0,2.0,Carte
T101935,2025-02-27,Kaolack,BTQ-KAO-02,Huile 5L,Alimentaire,6520.0,,Wave
T102329,2025-03-04,Diourbel,BTQ-DIO-02,Lait en poudre 400g,Alimentaire,2390.0,1.0,Orange Money
T103784,2025-03-08,Dakar,BTQ-DAK-01,Savon (lot de 4),Hygiène,980.0,3.0,Wave
T104308,05-02-2025,Thiès,BTQ-THI-04,Savon (lot de 4),Hygiène,970.0,5.0,Wave
T100540,2025-02-04,Kaolack,BTQ-KAO-02,Café Touba 250g,Alimentaire,1190.0,4.0,Wave
T103612,2025-11-05,Kaolack,BTQ-KAO-01,Riz brisé 25kg,Alimentaire,12770.0,4.0,Orange Money
T102197,27-10-2025,Diourbel,BTQ-DIO-01,Cahier 200p,Fournitures,490 FCFA,2.0,Carte
T101707,21/04/2025,Diourbel,BTQ-DIO-05,Savon (lot de 4),Hygiène,980.0,1.0,Espèces
T104842,2025-02-07,Ziguinchor,BTQ-ZIG-01,Javel 1L,Hygiène,610.0,3.0,Wave
T103403,2025-06-01,Ziguinchor,BTQ-ZIG-03,Savon (lot de 4),Hygiène,1090.0,7.0,Carte
T100709,2025-01-09,Dakar,BTQ-DAK-03,Recharge Woyofal,Services,4740.0,2.0,Wave
T100020,2025-03-02,Dakar,BTQ-DAK-01,Huile 5L,Alimentaire,6440.0,4.0,Espèces
T104667,28-11-2025,Tambacounda,BTQ-TAM-01,Sucre 1kg,Alimentaire,680.0,5.0,
T104310,2025-10-24,Diourbel,BTQ-DIO-01,Crédit téléphone,Services,970.0,1.0,Espèces
T100212,2025-04-14,Tambacounda,BTQ-TAM-01,Stylo (lot de 10),Fournitures,1590.0,7.0,Carte
T104820,22-10-2025,Dakar,BTQ-DAK-01,Huile 5L,Alimentaire,6200.0,3.0,Espèces
T102424,2025-05-02,Thiès,BTQ-THI-01,Riz brisé 25kg,Alimentaire,12 680 FCFA,3.0,Wave
T102239,2025-09-11,Kaolack,BTQ-KAO-04,Recharge Woyofal,Services,4790.0,3.0,Espèces
T103333,24/06/2025,Diourbel,BTQ-DIO-01,Savon (lot de 4),Hygiène,1010.0,100.0,Orange Money
T102654,2025-05-02,Thiès,BTQ-THI-01,Lait en poudre 400g,Alimentaire,2170.0,5.0,Orange Money
T100509,16-08-2025,Dakar,BTQ-DAK-03,Javel 1L,Hygiène,560.0,1.0,Espèces
T103182,2025-06-20,Dakar,,Lait en poudre 400g,Alimentaire,2350.0,2.0,
T100614,2025-07-27,Tambacounda,BTQ-TAM-04,Huile 5L,Alimentaire,6460.0,1.0,Espèces
T100008,2025-08-23,Dakar,BTQ-DAK-01,Sucre 1kg,Alimentaire,680.0,2.0,Espèces
T102509,2025-02-16,Dakar,BTQ-DAK-02,Pain,Alimentaire,150.0,1.0,Espèces
T100751,2025-02-22,Dakar,BTQ-DAK-03,Stylo (lot de 10),Fournitures,1 570 FCFA,1.0,Wave
T101095,2025-05-07,Thiès,BTQ-THI-05,Savon (lot de 4),Hygiène,1010.0,2.0,Wave
T101697,2025-11-01,Ziguinchor,BTQ-ZIG-05,Savon (lot de 4),Hygiène,960.0,3.0,Espèces
T103302,2025-11-24,Ziguinchor,BTQ-ZIG-04,Crédit téléphone,Services,910.0,2.0,Espèces
T102457,2025-10-03, Thiès ,BTQ-THI-02,Lait en poudre 400g,Alimentaire,2350.0,2.0,Espèces
T102088,2025-03-12,Dakar,BTQ-DAK-02,Cahier 200p,Fournitures,520.0,3.0,Espèces
T103979,2025-01-23,Dakar,BTQ-DAK-02,Cahier 200p,Fournitures,490.0,4.0,
T101933,2025-07-08,St-Louis,BTQ-SAI-02,Recharge Woyofal,Services,4950.0,2.0,Orange Money
T102728,2025-01-29,Thiès,BTQ-THI-01,Café Touba 250g,Alimentaire,1 140 FCFA,2.0,Orange Money
T102712,2025-01-30,Thiès,BTQ-THI-03,Huile 5L,Alimentaire,6030.0,1.0,Orange Money
T101306,2025-10-29,Louga,BTQ-LOU-02,Huile 5L,Alimentaire,6650.0,2.0,
T103795,2025-06-25,Dakar,BTQ-DAK-01,Sucre 1kg,Alimentaire,720.0,8.0,Wave
T102913,2025-05-14,Thiès,BTQ-THI-03,Stylo (lot de 10),Fournitures,1380.0,4.0,Espèces
T104823,2025-09-26,Dakar,BTQ-DAK-05,Lait en poudre 400g,Alimentaire,2390.0,3.0,Wave
T104441,2025-01-10,Ziguinchor,BTQ-ZIG-01,Stylo (lot de 10),Fournitures,1430.0,2.0,Espèces
T103086,2025-01-04,Saint-Louis,BTQ-SAI-05,Sucre 1kg,Alimentaire,690.0,3.0,Wave
T104893,2025-09-02,KAOLACK,BTQ-KAO-01,Recharge Woyofal,Services,4920.0,3.0,Carte
T102535,28-05-2025,Dakar,BTQ-DAK-01,Huile 5L,Alimentaire,6440.0,3.0,Orange Money
T103662,2025-10-01,Dakar,BTQ-DAK-05,Huile 5L,Alimentaire,6670.0,4.0,Espèces
T100749,18-12-2025,DIOURBEL,BTQ-DIO-04,Riz brisé 25kg,Alimentaire,12080.0,2.0,Orange Money
T100179,22-11-2025,Louga,BTQ-LOU-05,Lait en poudre 400g,Alimentaire,2280.0,1.0,Espèces
T104476,29/12/2025,Louga,BTQ-LOU-03,Riz brisé 25kg,Alimentaire,12050.0,4.0,Wave
T100377,2025-08-30,Tambacounda,BTQ-TAM-04,Cahier 200p,Fournitures,520.0,1.0,Wave
T104609,2025-05-22,Diourbel,BTQ-DIO-01,Riz brisé 25kg,Alimentaire,12520.0,2.0,Espèces
T104783,2025-08-05,Dakar,BTQ-DAK-03,Pain,Alimentaire,140.0,,Espèces
T103576,2025-12-24,Diourbel,BTQ-DIO-04,Lait en poudre 400g,Alimentaire,2250.0,1.0,Wave
T101186,2025-02-02,Diourbel,BTQ-DIO-02,Stylo (lot de 10),Fournitures,1510.0,1.0,Espèces
T102853,02/09/2025,Dakar,BTQ-DAK-01,Café Touba 250g,Alimentaire,1240.0,3.0,Orange Money
T102760,2025-06-23,Saint-Louis,BTQ-SAI-01,Café Touba 250g,Alimentaire,1300.0,5.0,Wave
T101868,2025-05-27,Kaolack,BTQ-KAO-05,Crédit téléphone,Services,940.0,2.0,Orange Money
T102794,2025-07-23,Diourbel,BTQ-DIO-01,Huile 5L,Alimentaire,6330.0,1.0,Espèces
T101173,2025-02-16,Tambacounda,,Lait en poudre 400g,Alimentaire,2 160 FCFA,2.0,Espèces
T101960,25-09-2025,Ziguinchor,BTQ-ZIG-04,Recharge Woyofal,Services,4980.0,2.0,Orange Money
T101832,2025-10-05,Louga,BTQ-LOU-02,Café Touba 250g,Alimentaire,1190.0,,Espèces
T100288,16/05/2025,Saint-Louis,BTQ-SAI-05,Cahier 200p,Fournitures,500.0,2.0,Espèces
T103646,2025-02-28,Tambacounda,BTQ-TAM-02,Javel 1L,Hygiène,580 FCFA,2.0,Espèces
T102519,17-07-2025,Dakar,BTQ-DAK-03,Stylo (lot de 10),Fournitures,1 500 FCFA,3.0,Orange Money
T100520,23-01-2025,Thiès,BTQ-THI-02,Riz brisé 25kg,Alimentaire,12660.0,5.0,Espèces
T104150,2025-09-21,Dakar,BTQ-DAK-01,Crédit téléphone,Services,980.0,1.0,Espèces
T102757,15-04-2025,Saint-Louis,BTQ-SAI-01,Cahier 200p,Fournitures,510 FCFA,6.0,Wave
T101826,2025-07-27,Tambacounda,BTQ-TAM-03,Stylo (lot de 10),Fournitures,1480.0,2.0,Orange Money
T103481,2025-12-31,Dakar,BTQ-DAK-03,Sucre 1kg,Alimentaire,680.0,3.0,Orange Money
T104400,2025-09-16,Saint-Louis,BTQ-SAI-04,Café Touba 250g,Alimentaire,1 090 FCFA,2.0,Orange Money
T104588,2025-05-19,Diourbel,BTQ-DIO-03,Crédit téléphone,Services,980 FCFA,,Orange Money
T101442,19-07-2025,Louga,BTQ-LOU-03,Riz brisé 25kg,Alimentaire,12420.0,4.0,Espèces
T103356,2025-04-06,Dakar,BTQ-DAK-03,Sucre 1kg,Alimentaire,730 FCFA,2.0,Espèces
T103562,28-10-2025,Dakar,BTQ-DAK-02,Recharge Woyofal,Services,5210.0,3.0,Wave
T102949,2025-08-05,Louga,BTQ-LOU-01,Stylo (lot de 10),Fournitures,1630.0,5.0,Wave
T100523,2025-07-04,Tambacounda,BTQ-TAM-05,Lait en poudre 400g,Alimentaire,2140.0,3.0,Espèces
T104965,27-06-2025,Tambacounda,BTQ-TAM-05,Crédit téléphone,Services,1030.0,3.0,Espèces
T101773,2025-06-06,Louga,BTQ-LOU-05,Crédit téléphone,Services,970.0,4.0,Espèces
T104155,2025-07-09,Saint-Louis,BTQ-SAI-01,Javel 1L,Hygiène,590.0,2.0,Espèces
T101021,2025-06-01,Diourbel,BTQ-DIO-02,Riz brisé 25kg,Alimentaire,13 000 FCFA,2.0,Wave
T100739,2025-03-19,Diourbel,BTQ-DIO-04,Savon (lot de 4),Hygiène,950.0,2.0,Orange Money
T102406,2025-12-14,Diourbel,BTQ-DIO-04,Cahier 200p,Fournitures,510.0,4.0,Wave
T100405,2025-03-17,Dakar,BTQ-DAK-05,Savon (lot de 4),Hygiène,980.0,2.0,Orange Money
T102486,2025-02-26,Dakar,BTQ-DAK-02,Savon (lot de 4),Hygiène,980.0,1.0,Espèces
T100496,2025-11-01,Diourbel,BTQ-DIO-02,Pain,Alimentaire,150 FCFA,4.0,Espèces
T104040,2025-01-01,Dakar,BTQ-DAK-03,Huile 5L,Alimentaire,6420.0,2.0,Orange Money
T100435,2025-12-02,Tambacounda,BTQ-TAM-01,Recharge Woyofal,Services,4950.0,5.0,Wave
T102750,2025-05-15,Kaolack,BTQ-KAO-04,Sucre 1kg,Alimentaire,730.0,1.0,Orange Money
T103729,2025-12-16,Thiès,BTQ-THI-01,Pain,Alimentaire,150.0,6.0,Wave
T103140,2025-12-26, Dakar ,BTQ-DAK-02,Pain,Alimentaire,140.0,3.0,Espèces
T104782,2025-02-05,Diourbel,BTQ-DIO-04,Pain,Alimentaire,140.0,2.0,
T104587,2025-03-30,Thiès,BTQ-THI-02,Recharge Woyofal,Services,4900.0,2.0,Wave
T101818,2025-05-08,Louga,BTQ-LOU-02,Stylo (lot de 10),Fournitures,1610.0,2.0,Espèces
T102327,2025-01-07,Dakar,BTQ-DAK-03,Crédit téléphone,Services,1020.0,4.0,Espèces
T101847,2025-11-27,Dakar,BTQ-DAK-05,Café Touba 250g,Alimentaire,1220.0,3.0,Espèces
T104953,2025-05-09,Dakar,BTQ-DAK-01,Lait en poudre 400g,Alimentaire,2300.0,1.0,Espèces
T102291,2025-09-13,Dakar,BTQ-DAK-04,Stylo (lot de 10),Fournitures,1540.0,4.0,Wave
T103654,2025-12-27,Diourbel,BTQ-DIO-04,Lait en poudre 400g,Alimentaire,2400.0,3.0,Espèces
T100006,2025-01-30,Kaolack,BTQ-KAO-04,Crédit téléphone,Services,960.0,5.0,Espèces
T101453,17-12-2025,Tambacounda,BTQ-TAM-05,Sucre 1kg,Alimentaire,710.0,2.0,Wave
T103433,2025-10-22,Thiès,BTQ-THI-03,Riz brisé 25kg,Alimentaire,12190.0,3.0,Espèces
T103773,2025-08-12,Dakar,BTQ-DAK-03,Lait en poudre 400g,Alimentaire,2400.0,4.0,Espèces
T103343,16/08/2025,St-Louis,BTQ-SAI-04,Lait en poudre 400g,Alimentaire,2 220 FCFA,5.0,
T103019,2025-01-25,Tambacounda,BTQ-TAM-01,Sucre 1kg,Alimentaire,720.0,1.0,
T100108,2025-11-09,Thiès,BTQ-THI-02,Pain,Alimentaire,150.0,1.0,Espèces
T104542,2025-12-10,Dakar,BTQ-DAK-03,Lait en poudre 400g,Alimentaire,2350.0,3.0,Espèces
T103815,2025-08-03,Ziguinchor,BTQ-ZIG-04,Riz brisé 25kg,Alimentaire,12280.0,2.0,Espèces
T100914,2025-12-29,Tambacounda,BTQ-TAM-02,Crédit téléphone,Services,1000.0,2.0,Espèces
T102176,2025-08-16,Dakar,BTQ-DAK-01,Savon (lot de 4),Hygiène,1030.0,,Wave
T103196,26-04-2025,Saint-Louis,BTQ-SAI-04,Huile 5L,Alimentaire,6420.0,4.0,Wave
T100233,2025-01-31,Dakar,BTQ-DAK-03,Café Touba 250g,Alimentaire,1170.0,2.0,Wave
T100984,15-03-2025,Thiès,BTQ-THI-04,Cahier 200p,Fournitures,510.0,,Orange Money
T104397,2025-11-03,Tambacounda,BTQ-TAM-01,Sucre 1kg,Alimentaire,660.0,3.0,Espèces
T100830,18/05/2025,Ziguinchor,BTQ-ZIG-05,Huile 5L,Alimentaire,6 920 FCFA,250.0,Carte
T101654,2025-07-22,thiès,,Crédit téléphone,Services,1000.0,3.0,Espèces
T103464,2025-06-29,Diourbel,BTQ-DIO-01,Savon (lot de 4),Hygiène,1030.0,2.0,Wave
T102436,10/12/2025,Saint-Louis,BTQ-SAI-03,Sucre 1kg,Alimentaire,680.0,1.0,Espèces
T103998,2025-06-04,Tambacounda,BTQ-TAM-04,Lait en poudre 400g,Alimentaire,2150.0,2.0,Orange Money
T101447,30-12-2025,Thiès,BTQ-THI-05,Crédit téléphone,Services,1030.0,1.0,Wave
T104123,02/03/2025,Thiès,BTQ-THI-05,Cahier 200p,Fournitures,500.0,2.0,Orange Money
T101759,2025-06-19,Tambacounda,BTQ-TAM-03,Café Touba 250g,Alimentaire,1260.0,2.0,Orange Money
T100398,2025-12-30,Dakar,BTQ-DAK-02,Café Touba 250g,Alimentaire,1170.0,2.0,Espèces
T103102,2025-12-08,Thiès,BTQ-THI-05,Savon (lot de 4),Hygiène,1030.0,2.0,Wave
T102427,2025-01-26,Louga,BTQ-LOU-01,Stylo (lot de 10),Fournitures,1540.0,3.0,Espèces
T101660,26/05/2025,Saint-Louis,BTQ-SAI-03,Stylo (lot de 10),Fournitures,1470.0,4.0,Espèces
T102133,2025-05-10,Dakar,BTQ-DAK-05,Pain,Alimentaire,150.0,6.0,Espèces
T103776,23/07/2025,Thiès,BTQ-THI-03,Café Touba 250g,Alimentaire,1200.0,5.0,Wave
T101552,2025-11-11,Dakar,BTQ-DAK-01,Huile 5L,Alimentaire,6370.0,3.0,Orange Money
T101197,05-12-2025,St-Louis,BTQ-SAI-02,Savon (lot de 4),Hygiène,1020.0,3.0,Wave
T102976,24-11-2025,Dakar,BTQ-DAK-04,Sucre 1kg,Alimentaire,650 FCFA,3.0,Espèces
T100943,2025-09-02,Tambacounda,BTQ-TAM-01,Cahier 200p,Fournitures,490.0,2.0,Espèces
T102038,2025-10-22,DAKAR,BTQ-DAK-02,Lait en poudre 400g,Alimentaire,2 310 FCFA,4.0,Wave
T102104,2025-03-28,Louga,BTQ-LOU-04,Savon (lot de 4),Hygiène,980.0,2.0,Wave
T104708,2025-04-21,Diourbel,BTQ-DIO-01,Huile 5L,Alimentaire,6720.0,4.0,Espèces
T104795,2025-07-08,Kaolack,BTQ-KAO-01,Huile 5L,Alimentaire,6590.0,1.0,Espèces
T100507,2025-12-01,Thiès,BTQ-THI-05,Javel 1L,Hygiène,580.0,4.0,Carte
T102969,06-06-2025,Louga,BTQ-LOU-02,Café Touba 250g,Alimentaire,1200.0,4.0,Espèces
T101429,12-01-2025,Thiès,BTQ-THI-02,Huile 5L,Alimentaire,6480.0,3.0,Espèces
T101967,14/02/2025,louga,BTQ-LOU-05,Sucre 1kg,Alimentaire,690.0,2.0,Wave
T102028,2025-03-19,Thiès,BTQ-THI-04,Javel 1L,Hygiène,620.0,3.0,Wave
T101212,2025-06-07,Kaolack,BTQ-KAO-04,Savon (lot de 4),Hygiène,960.0,3.0,Wave
T104381,2025-08-18,DIOURBEL,BTQ-DIO-02,Huile 5L,Alimentaire,6110.0,1.0,Wave
T100026,2025-08-09,Kaolack,BTQ-KAO-01,Crédit téléphone,Services,1020.0,2.0,Orange Money
T102263,2025-12-13,Tambacounda,BTQ-TAM-02,Café Touba 250g,Alimentaire,1170.0,,Wave
T103231,2025-09-05,Ziguinchor,BTQ-ZIG-04,Stylo (lot de 10),Fournitures,1460.0,4.0,Espèces
T100195,2025-12-01,Kaolack,BTQ-KAO-02,Recharge Woyofal,Services,5010.0,3.0,Orange Money
T104101,12-02-2025,Dakar,BTQ-DAK-01,Recharge Woyofal,Services,4880.0,4.0,Espèces
T102558,2025-01-27,Thiès,BTQ-THI-02,Sucre 1kg,Alimentaire,720.0,,Wave
T103573,2025-07-24,diourbel,BTQ-DIO-02,Javel 1L,Hygiène,640.0,5.0,Espèces
T104826,07-11-2025,Louga,BTQ-LOU-03,Pain,Alimentaire,150.0,5.0,Orange Money
T100831,2025-01-10,St-Louis,BTQ-SAI-01,Pain,Alimentaire,140.0,3.0,Orange Money
T102022,29-05-2025,Tambacounda,BTQ-TAM-04,Recharge Woyofal,Services,4730.0,4.0,Wave
T101615,2025-11-05,kaolack,BTQ-KAO-03,Lait en poudre 400g,Alimentaire,2300.0,1.0,Orange Money
T102103,2025-05-09,Dakar,BTQ-DAK-03,Huile 5L,Alimentaire,6660.0,3.0,Orange Money
T104685,2025-01-17, Diourbel ,BTQ-DIO-01,Recharge Woyofal,Services,5 050 FCFA,3.0,Wave
T100310,2025-02-23,Dakar,BTQ-DAK-02,Huile 5L,Alimentaire,6410.0,5.0,Espèces
T100016,2025-11-10,Dakar,BTQ-DAK-04,Javel 1L,Hygiène,640.0,2.0,Espèces
T100395,2025-03-06,Kaolack,BTQ-KAO-03,Riz brisé 25kg,Alimentaire,12600.0,4.0,Espèces
T104000,29/05/2025,Diourbel,BTQ-DIO-04,Recharge Woyofal,Services,4830.0,3.0,Orange Money
T102892,2025-02-17,Tambacounda,BTQ-TAM-03,Cahier 200p,Fournitures,470.0,3.0,Espèces
T102298,2025-07-31,Diourbel,BTQ-DIO-01,Huile 5L,Alimentaire,6210.0,2.0,Espèces
T104554,2025-06-18,Dakar,BTQ-DAK-03,Stylo (lot de 10),Fournitures,1510.0,2.0,Wave
T104978,2025-03-18,Kaolack,BTQ-KAO-04,Riz brisé 25kg,Alimentaire,13110.0,4.0,Espèces
T102458,2025-11-05,Diourbel,BTQ-DIO-02,Stylo (lot de 10),Fournitures,1430.0,4.0,Orange Money
T101582,2025-08-31,Ziguinchor,BTQ-ZIG-05,Recharge Woyofal,Services,5170.0,4.0,Orange Money
T104047,2025-02-27,Kaolack,BTQ-KAO-04,Javel 1L,Hygiène,650.0,2.0,Carte
T104669,2025-12-25,Dakar,BTQ-DAK-03,Recharge Woyofal,Services,5130.0,4.0,Espèces
T101002,2025-09-29,Diourbel,BTQ-DIO-02,Riz brisé 25kg,Alimentaire,13 520 FCFA,4.0,Wave
T100481,2025-10-11,Diourbel,BTQ-DIO-03,Sucre 1kg,Alimentaire,660.0,3.0,Wave
T103502,2025-12-08,Diourbel,BTQ-DIO-01,Javel 1L,Hygiène,600.0,4.0,Espèces
T100171,09/08/2025,Diourbel,BTQ-DIO-04,Lait en poudre 400g,Alimentaire,2210.0,2.0,Orange Money
T104734,2025-07-27,Ziguinchor,BTQ-ZIG-05,Javel 1L,Hygiène,630 FCFA,1.0,Wave
T103757,2025-06-27,Louga,BTQ-LOU-02,Lait en poudre 400g,Alimentaire,2300.0,,
T100561,2025-10-03,Diourbel,BTQ-DIO-01,Lait en poudre 400g,Alimentaire,2410.0,6.0,Carte
T101830,09-08-2025,Diourbel,BTQ-DIO-03,Crédit téléphone,Services,1040.0,2.0,Espèces
T102680,2025-05-23,Ziguinchor,BTQ-ZIG-02,Lait en poudre 400g,Alimentaire,2 310 FCFA,2.0,Espèces
T104458,2025-01-26,Dakar,BTQ-DAK-02,Café Touba 250g,Alimentaire,1210.0,2.0,Wave
T101366,2025-08-25,Kaolack,BTQ-KAO-05,Café Touba 250g,Alimentaire,1220.0,6.0,Wave
T100294,2025-08-29,Dakar,BTQ-DAK-02,Cahier 200p,Fournitures,470.0,1.0,Carte
T103996,2025-08-15,Dakar,BTQ-DAK-01,Riz brisé 25kg,Alimentaire,14040.0,4.0,Wave
T104316,2025-12-21,Ziguinchor,BTQ-ZIG-03,Café Touba 250g,Alimentaire,1200.0,2.0,Espèces
T101655,2025-08-29,thiès,BTQ-THI-01,Riz brisé 25kg,Alimentaire,12130.0,3.0,Wave
T103311,2025-04-18,St-Louis,BTQ-SAI-05,Javel 1L,Hygiène,600.0,3.0,Wave
T102765,30/11/2025,Louga,BTQ-LOU-05,Javel 1L,Hygiène,590.0,3.0,Wave
T100578,2025-09-14,Thiès,BTQ-THI-04,Sucre 1kg,Alimentaire,670.0,3.0,Espèces
T100596,2025-03-24,Thiès,BTQ-THI-03,Stylo (lot de 10),Fournitures,1550.0,,Orange Money
T101597,2025-04-01,Kaolack,BTQ-KAO-04,Lait en poudre 400g,Alimentaire,2370.0,4.0,Wave
T100211,2025-01-25,Thiès,BTQ-THI-01,Cahier 200p,Fournitures,500.0,3.0,Espèces
T104564,2025-04-15,Louga,BTQ-LOU-05,Javel 1L,Hygiène,600.0,3.0,Wave
T100669,2025-09-17,Diourbel,BTQ-DIO-03,Savon (lot de 4),Hygiène,950.0,1.0,Orange Money
T102074,2025-10-14,Dakar,BTQ-DAK-04,Savon (lot de 4),Hygiène,1000.0,3.0,Orange Money
T104465,2025-03-31,Kaolack,BTQ-KAO-03,Sucre 1kg,Alimentaire,720.0,4.0,Orange Money
T102275,2025-09-09,Dakar,BTQ-DAK-04,Riz brisé 25kg,Alimentaire,11920.0,3.0,Wave
T104237,2025-05-04,Diourbel,BTQ-DIO-04,Crédit téléphone,Services,960.0,3.0,Espèces
T101747,03/02/2025,Diourbel,BTQ-DIO-05,Stylo (lot de 10),Fournitures,1540.0,3.0,Wave
T101626,2025-04-21,diourbel,BTQ-DIO-04,Crédit téléphone,Services,1 030 FCFA,3.0,Orange Money
T103432,2025-04-27,Dakar,BTQ-DAK-01,Cahier 200p,Fournitures,500.0,3.0,
T104730,16-06-2025,Dakar,BTQ-DAK-01,Sucre 1kg,Alimentaire,660.0,1.0,Carte
T100156,2025-04-09,Saint-Louis,BTQ-SAI-03,Cahier 200p,Fournitures,520.0,6.0,Espèces
T100160,2025-12-24,Diourbel,BTQ-DIO-03,Crédit téléphone,Services,1040.0,2.0,Orange Money
T104390,12-04-2025,Ziguinchor,BTQ-ZIG-03,Javel 1L,Hygiène,590.0,2.0,Orange Money
T103715,2025-10-21,Tambacounda,BTQ-TAM-01,Lait en poudre 400g,Alimentaire,2480.0,2.0,
T103799,16/12/2025,Thiès,BTQ-THI-05,Riz brisé 25kg,Alimentaire,12830.0,2.0,Orange Money
T104161,2025-05-27,Tambacounda,BTQ-TAM-01,Recharge Woyofal,Services,4960.0,2.0,Espèces
T100797,2025-08-14,Louga,BTQ-LOU-03,Pain,Alimentaire,150.0,1.0,
T100698,2025-08-15,Diourbel,BTQ-DIO-02,Stylo (lot de 10),Fournitures,1370.0,1.0,Orange Money
T102608,2025-09-02,Saint-Louis,BTQ-SAI-01,Café Touba 250g,Alimentaire,1 250 FCFA,2.0,Orange Money
T101547,2025-06-27,Louga,BTQ-LOU-05,Sucre 1kg,Alimentaire,730.0,1.0,Wave
T102312,2025-10-27,Diourbel,BTQ-DIO-04,Crédit téléphone,Services,980.0,3.0,Wave
T100017,2025-08-27,tambacounda,BTQ-TAM-02,Savon (lot de 4),Hygiène,960.0,4.0,Wave
T103293,2025-04-23,Diourbel,BTQ-DIO-04,Cahier 200p,Fournitures,530 FCFA,3.0,Espèces
T102205,2025-05-04,Dakar,BTQ-DAK-03,Stylo (lot de 10),Fournitures,1430.0,3.0,Orange Money
T104450,16/03/2025,Dakar,BTQ-DAK-04,Sucre 1kg,Alimentaire,710 FCFA,3.0,
T104520,2025-07-31,Dakar,BTQ-DAK-01,Riz brisé 25kg,Alimentaire,11200.0,,Wave
T103889,2025-04-16,louga,BTQ-LOU-04,Pain,Alimentaire,150.0,4.0,Wave
T104876,2025-08-12,Louga,BTQ-LOU-05,Stylo (lot de 10),Fournitures,1 500 FCFA,1.0,Espèces
T100023,2025-12-02,Diourbel,BTQ-DIO-02,Stylo (lot de 10),Fournitures,1480.0,1.0,Orange Money
T101596,24-04-2025,Ziguinchor,BTQ-ZIG-03,Recharge Woyofal,Services,4920.0,4.0,Wave
T100881,2025-09-13,Thiès,BTQ-THI-05,Stylo (lot de 10),Fournitures,1540.0,4.0,
T101183,2025-08-05,Kaolack,BTQ-KAO-01,Riz brisé 25kg,Alimentaire,12 530 FCFA,3.0,Espèces
T104684,2025-09-18,Louga,BTQ-LOU-03,Savon (lot de 4),Hygiène,960.0,2.0,Espèces
T102578,2025-05-17,Dakar,BTQ-DAK-01,Riz brisé 25kg,Alimentaire,13240.0,3.0,Orange Money
T102521,23/12/2025,Saint-Louis,BTQ-SAI-04,Lait en poudre 400g,Alimentaire,2 280 FCFA,3.0,Wave
T100207,2025-05-28,Thiès,BTQ-THI-03,Savon (lot de 4),Hygiène,970.0,1.0,Carte
T101337,2025-12-14,Saint-Louis,BTQ-SAI-04,Huile 5L,Alimentaire,6220.0,3.0,Espèces
T102524,2025-06-03,Dakar,BTQ-DAK-04,Café Touba 250g,Alimentaire,1130.0,1.0,Espèces
T100447,2025-07-14,Thiès,BTQ-THI-02,Cahier 200p,Fournitures,500.0,4.0,Espèces
T103719,2025-05-30,Ziguinchor,BTQ-ZIG-02,Javel 1L,Hygiène,580 FCFA,4.0,Wave
T100307,2025-03-29,Ziguinchor,BTQ-ZIG-02,Sucre 1kg,Alimentaire,730.0,3.0,
T103915,2025-09-12,Diourbel,BTQ-DIO-05,Recharge Woyofal,Services,5040.0,5.0,Wave
T102309,07/09/2025,Dakar,BTQ-DAK-02,Pain,Alimentaire,160.0,3.0,Orange Money
T100401,2025-10-10,Dakar,BTQ-DAK-04,Café Touba 250g,Alimentaire,1140.0,2.0,Espèces
T101585,2025-06-24,Diourbel,BTQ-DIO-03,Huile 5L,Alimentaire,6740.0,2.0,Espèces
T104487,2025-12-22,Louga,BTQ-LOU-03,Savon (lot de 4),Hygiène,1050.0,4.0,Espèces
T100564,2025-06-11,Saint-Louis,BTQ-SAI-01,Savon (lot de 4),Hygiène,970.0,2.0,Orange Money
T101696,2025-08-13,dakar,BTQ-DAK-05,Sucre 1kg,Alimentaire,710.0,4.0,Wave
T100882,2025-07-22,Dakar,BTQ-DAK-01,Crédit téléphone,Services,1020.0,2.0,Wave
T100021,2025-12-19,Thiès,BTQ-THI-03,Savon (lot de 4),Hygiène,1020.0,3.0,Orange Money
T104789,2025-09-13,Diourbel,BTQ-DIO-02,Crédit téléphone,Services,920.0,2.0,Espèces
T100824,2025-02-15,THIÈS,BTQ-THI-03,Café Touba 250g,Alimentaire,1220.0,3.0,Espèces
T101396,2025-12-14,Louga,BTQ-LOU-04,Huile 5L,Alimentaire,7090.0,4.0,Espèces
T100809,2025-01-20,Tambacounda,BTQ-TAM-01,Huile 5L,Alimentaire,6430.0,3.0,Espèces
T104866,2025-11-16,Dakar,BTQ-DAK-05,Café Touba 250g,Alimentaire,1280.0,2.0,Orange Money
T102231,2025-05-06,Dakar,BTQ-DAK-03,Crédit téléphone,Services,1030.0,3.0,Espèces
T102567,2025-05-19,Louga,BTQ-LOU-04,Savon (lot de 4),Hygiène,960.0,3.0,Espèces
T104936,2025-10-31,Dakar,BTQ-DAK-05,Huile 5L,Alimentaire,6380.0,4.0,Wave
T103505,2025-05-30,Kaolack,BTQ-KAO-01,Stylo (lot de 10),Fournitures,1590.0,3.0,Espèces
T101016,2025-08-01,Ziguinchor,BTQ-ZIG-04,Recharge Woyofal,Services,5 120 FCFA,5.0,Wave
T101113,2025-08-06,Louga,BTQ-LOU-03,Crédit téléphone,Services,990 FCFA,5.0,Espèces
T103694,2025-02-19,Kaolack,BTQ-KAO-02,Café Touba 250g,Alimentaire,1190.0,3.0,Espèces
T100336,2025-07-29,Diourbel,BTQ-DIO-03,Javel 1L,Hygiène,610.0,3.0,Orange Money
T103000,2025-01-05,Diourbel,BTQ-DIO-04,Recharge Woyofal,Services,5100.0,4.0,Orange Money
T103987,2025-06-09,Dakar,BTQ-DAK-02,Crédit téléphone,Services,1010.0,3.0,Espèces
T101858,2025-02-06,Dakar,BTQ-DAK-01,Café Touba 250g,Alimentaire,1160.0,4.0,Espèces
T100126,21/04/2025,Thiès,BTQ-THI-04,Cahier 200p,Fournitures,520.0,2.0,Espèces
T102987,2025-10-23,St-Louis,BTQ-SAI-01,Pain,Alimentaire,150.0,5.0,Espèces
T101114,2025-05-09,DAKAR,BTQ-DAK-05,Savon (lot de 4),Hygiène,940.0,2.0,Orange Money
T102585,2025-06-09,DAKAR,BTQ-DAK-03,Javel 1L,Hygiène,610.0,2.0,Espèces
T100204,2025-10-15,Dakar,BTQ-DAK-03,Café Touba 250g,Alimentaire,1220.0,4.0,Wave
T104083,2025-03-26,saint-louis,BTQ-SAI-05,Javel 1L,Hygiène,560 FCFA,3.0,Orange Money
T104080,2025-11-15,Kaolack,BTQ-KAO-02,Sucre 1kg,Alimentaire,680.0,4.0,Wave
T104692,2025-06-07,Dakar,BTQ-DAK-04,Sucre 1kg,Alimentaire,690.0,5.0,Wave
T102157,2025-03-15,Thiès,BTQ-THI-03,Recharge Woyofal,Services,5050.0,3.0,Orange Money
T104010,2025-03-02,Kaolack,BTQ-KAO-02,Riz brisé 25kg,Alimentaire,12690.0,1.0,Espèces
T104570,2025-01-20,Thiès,BTQ-THI-04,Sucre 1kg,Alimentaire,700.0,3.0,Espèces
T103077,2025-08-18,dakar,BTQ-DAK-03,Riz brisé 25kg,Alimentaire,11590.0,1.0,Wave
T101713,2025-11-18, Thiès ,BTQ-THI-05,Sucre 1kg,Alimentaire,660.0,1.0,Espèces
T103318,2025-04-04,louga,BTQ-LOU-04,Riz brisé 25kg,Alimentaire,11 960 FCFA,2.0,
T104696,2025-05-28,dakar,BTQ-DAK-03,Riz brisé 25kg,Alimentaire,11870.0,1.0,Wave
T103963,2025-03-22,thiès,BTQ-THI-02,Recharge Woyofal,Services,4810.0,3.0,Espèces
T103314,2025-02-09,Dakar,BTQ-DAK-05,Cahier 200p,Fournitures,500 FCFA,4.0,Espèces
T103697,2025-09-14,Dakar,BTQ-DAK-01,Stylo (lot de 10),Fournitures,1 560 FCFA,4.0,Espèces
T103561,2025-03-01,Diourbel,BTQ-DIO-01,Cahier 200p,Fournitures,540.0,1.0,Wave
T103695,2025-01-11,Kaolack,BTQ-KAO-01,Sucre 1kg,Alimentaire,710.0,3.0,Espèces
T102645,2025-03-09,Ziguinchor,BTQ-ZIG-05,Sucre 1kg,Alimentaire,700.0,5.0,Espèces
T100255,2025-10-27,Dakar,BTQ-DAK-03,Café Touba 250g,Alimentaire,1170.0,4.0,Wave
T104806,2025-12-19,Louga,BTQ-LOU-05,Lait en poudre 400g,Alimentaire,2200.0,5.0,Wave
T100604,2025-11-14,Louga,BTQ-LOU-05,Riz brisé 25kg,Alimentaire,12450.0,2.0,
T101388,2025-04-15,Tambacounda,BTQ-TAM-03,Lait en poudre 400g,Alimentaire,2360.0,1.0,Espèces
T102175,2025-04-19,Diourbel,BTQ-DIO-04,Crédit téléphone,Services,930.0,2.0,Espèces
T104548,2025-12-19,Dakar,BTQ-DAK-02,Savon (lot de 4),Hygiène,990.0,2.0,Espèces
T100535,07/01/2025,Kaolack,BTQ-KAO-01,Cahier 200p,Fournitures,500.0,2.0,Espèces
T100779,2025-02-26,Saint-Louis,BTQ-SAI-03,Huile 5L,Alimentaire,6560.0,3.0,Espèces
T104687,2025-08-18,Dakar,BTQ-DAK-04,Riz brisé 25kg,Alimentaire,11680.0,2.0,Orange Money
T101863,2025-09-14,diourbel,BTQ-DIO-04,Sucre 1kg,Alimentaire,680 FCFA,3.0,Espèces
T101246,2025-04-28,Tambacounda,BTQ-TAM-04,Savon (lot de 4),Hygiène,970.0,2.0,
T100847,2025-10-20,Diourbel,BTQ-DIO-05,Recharge Woyofal,Services,4990.0,1.0,Espèces
T101350,2025-04-11,Diourbel,BTQ-DIO-04,Cahier 200p,Fournitures,540 FCFA,4.0,Orange Money
T102318,2025-08-29,Dakar,BTQ-DAK-03,Crédit téléphone,Services,980.0,3.0,Espèces
T101233,2025-06-15,Kaolack,BTQ-KAO-02,Sucre 1kg,Alimentaire,690.0,4.0,Espèces
T100611,27/04/2025,Diourbel,BTQ-DIO-03,Pain,Alimentaire,140.0,6.0,Wave
T104950,30-10-2025,Dakar,BTQ-DAK-04,Recharge Woyofal,Services,5120.0,3.0,Wave
T104156,2025-11-14,Kaolack,BTQ-KAO-04,Pain,Alimentaire,150.0,2.0,Espèces
T103891,2025-09-12,Ziguinchor,BTQ-ZIG-02,Lait en poudre 400g,Alimentaire,2300.0,1.0,Wave
T101357,2025-01-30,Diourbel,BTQ-DIO-01,Recharge Woyofal,Services,5240.0,5.0,Espèces
T104926,2025-06-15,Dakar,BTQ-DAK-02,Stylo (lot de 10),Fournitures,1410.0,4.0,Espèces
T100512,16/01/2025,Dakar,BTQ-DAK-03,Crédit téléphone,Services,910.0,5.0,Orange Money
T101943,2025-10-16,Diourbel,BTQ-DIO-05,Cahier 200p,Fournitures,480.0,3.0,Espèces
T102799,2025-10-23,St-Louis,BTQ-SAI-05,Sucre 1kg,Alimentaire,720 FCFA,2.0,Wave
T101052,2025-06-11,Kaolack,BTQ-KAO-02,Huile 5L,Alimentaire,5920.0,5.0,Orange Money
T101009,2025-01-21,Saint-Louis,BTQ-SAI-05,Cahier 200p,Fournitures,520.0,2.0,Espèces
T101687,2025-03-12,Kaolack,BTQ-KAO-04,Café Touba 250g,Alimentaire,1230.0,5.0,
T104679,2025-04-13,Thiès,BTQ-THI-05,Savon (lot de 4),Hygiène,1060.0,2.0,Wave
T103820,05-06-2025,Dakar,BTQ-DAK-04,Lait en poudre 400g,Alimentaire,2320.0,3.0,Espèces
T100339,2025-06-20,Tambacounda,BTQ-TAM-01,Javel 1L,Hygiène,600.0,8.0,Espèces
T100449,2025-06-03,Tambacounda,BTQ-TAM-03,Café Touba 250g,Alimentaire,1190.0,3.0,Espèces
T101001,2025-11-14,Tambacounda,BTQ-TAM-03,Cahier 200p,Fournitures,510.0,3.0,Wave
T100444,2025-02-13,Thiès,BTQ-THI-03,Crédit téléphone,Services,930.0,5.0,Orange Money
T100472,2025-06-29,Saint-Louis,BTQ-SAI-03,Javel 1L,Hygiène,600 FCFA,2.0,Orange Money
T101040,2025-06-10,Diourbel,BTQ-DIO-02,Sucre 1kg,Alimentaire,680 FCFA,5.0,Espèces
T102241,2025-09-07,Ziguinchor,BTQ-ZIG-02,Café Touba 250g,Alimentaire,1200.0,4.0,Orange Money
T102265,2025-07-24,Thiès,BTQ-THI-05,Javel 1L,Hygiène,610.0,3.0,Espèces
T102820,2025-03-06,Diourbel,BTQ-DIO-01,Riz brisé 25kg,Alimentaire,12280.0,5.0,Wave
T101813,2025-01-30,Saint-Louis,BTQ-SAI-04,Lait en poudre 400g,Alimentaire,2270.0,2.0,Carte
T104871,2025-08-21,Kaolack,BTQ-KAO-04,Sucre 1kg,Alimentaire,680.0,1.0,Espèces
T102105,2025-11-22,DIOURBEL,BTQ-DIO-02,Huile 5L,Alimentaire,6320.0,2.0,Espèces
T100970,2025-01-19,Ziguinchor,BTQ-ZIG-02,Huile 5L,Alimentaire,6750.0,4.0,Espèces
T104311,2025-02-02,Diourbel,,Lait en poudre 400g,Alimentaire,2370.0,2.0,
T103972,14-10-2025,Saint-Louis,BTQ-SAI-05,Pain,Alimentaire,160.0,5.0,Orange Money
T100258,2025-05-03,Dakar,BTQ-DAK-03,Huile 5L,Alimentaire,6 370 FCFA,4.0,Wave
T100930,2025-11-12, Thiès ,BTQ-THI-01,Café Touba 250g,Alimentaire,1240.0,8.0,Wave
T102161,2025-12-23,Dakar,BTQ-DAK-03,Crédit téléphone,Services,1020.0,4.0,Espèces
T103897,2025-11-04,Tambacounda,BTQ-TAM-05,Riz brisé 25kg,Alimentaire,12770.0,4.0,Wave
T102091,2025-06-18,Ziguinchor,BTQ-ZIG-03,Javel 1L,Hygiène,590.0,3.0,Espèces
T102031,14/07/2025,Dakar,BTQ-DAK-02,Sucre 1kg,Alimentaire,720.0,2.0,Espèces
T100084,2025-01-29,thiès,BTQ-THI-02,Huile 5L,Alimentaire,6430.0,5.0,Orange Money
T100343,2025-05-03,Thiès,BTQ-THI-03,Lait en poudre 400g,Alimentaire,2190.0,2.0,Wave
T100617,2025-06-17,Tambacounda,BTQ-TAM-01,Savon (lot de 4),Hygiène,960.0,4.0,Wave
T104008,29/11/2025,Tambacounda,BTQ-TAM-04,Sucre 1kg,Alimentaire,770 FCFA,7.0,Wave
T102918,2025-04-09, Kaolack ,BTQ-KAO-05,Stylo (lot de 10),Fournitures,1500.0,4.0,Espèces
T100224,2025-07-25,St-Louis,BTQ-SAI-03,Sucre 1kg,Alimentaire,700.0,2.0,Orange Money
T104225,2025-10-19,Diourbel,BTQ-DIO-04,Recharge Woyofal,Services,5 160 FCFA,3.0,Espèces
T103048,2025-10-03,Dakar,BTQ-DAK-04,Café Touba 250g,Alimentaire,1200.0,2.0,Espèces
T103608,2025-01-13,Diourbel,BTQ-DIO-05,Javel 1L,Hygiène,580.0,2.0,Espèces
T102495,09-02-2025,Dakar,BTQ-DAK-01,Riz brisé 25kg,Alimentaire,12330.0,5.0,Orange Money
T100004,2025-05-14,Diourbel,BTQ-DIO-02,Stylo (lot de 10),Fournitures,1550.0,3.0,Espèces
T102170,2025-09-24,Dakar,BTQ-DAK-04,Savon (lot de 4),Hygiène,1 080 FCFA,3.0,Wave
T102610,2025-12-01,Dakar,BTQ-DAK-01,Sucre 1kg,Alimentaire,710.0,3.0,Espèces
T104406,2025-04-01,Dakar,BTQ-DAK-01,Lait en poudre 400g,Alimentaire,2300.0,6.0,Wave
T104249,2025-06-18,Diourbel,BTQ-DIO-04,Café Touba 250g,Alimentaire,1210.0,4.0,Espèces
T104729,2025-03-10,Dakar,BTQ-DAK-03,Crédit téléphone,Services,1030.0,3.0,Espèces
T104300,2025-01-23,Saint-Louis,BTQ-SAI-05,Pain,Alimentaire,150.0,3.0,Wave
T103816,2025-08-16,Saint-Louis,BTQ-SAI-04,Recharge Woyofal,Services,5170.0,3.0,Wave
T102621,2025-11-12,LOUGA,BTQ-LOU-03,Recharge Woyofal,Services,5050.0,2.0,Orange Money
T100312,2025-03-30,Dakar,BTQ-DAK-01,Sucre 1kg,Alimentaire,710.0,4.0,Wave
T101879,2025-05-10,Kaolack,BTQ-KAO-03,Riz brisé 25kg,Alimentaire,12580.0,3.0,Espèces
T104039,2025-11-02,Saint-Louis,BTQ-SAI-02,Crédit téléphone,Services,990.0,6.0,Wave
T104506,13-08-2025,Thiès,BTQ-THI-04,Pain,Alimentaire,160.0,4.0,
T103346,04/06/2025,Diourbel,BTQ-DIO-03,Sucre 1kg,Alimentaire,630.0,3.0,Wave
T100746,2025-05-22,Diourbel,BTQ-DIO-05,Recharge Woyofal,Services,5080.0,2.0,Espèces
T102968,2025-08-12,Dakar,BTQ-DAK-05,Café Touba 250g,Alimentaire,1220.0,2.0,Espèces
T101167,14-08-2025,Tambacounda,BTQ-TAM-01,Lait en poudre 400g,Alimentaire,2380.0,4.0,Espèces
T102132,2025-11-01,Louga,BTQ-LOU-05,Stylo (lot de 10),Fournitures,1440.0,,Wave
T101216,2025-05-19,Thiès,BTQ-THI-03,Stylo (lot de 10),Fournitures,1440.0,7.0,Espèces
T101471,02/06/2025,Diourbel,BTQ-DIO-05,Stylo (lot de 10),Fournitures,1590.0,1.0,Espèces
T102440,2025-11-19,Thiès,BTQ-THI-02,Stylo (lot de 10),Fournitures,1450.0,1.0,Orange Money
T101848,2025-01-20,Diourbel,BTQ-DIO-03,Crédit téléphone,Services,1 010 FCFA,1.0,Espèces
T102646,2025-11-19,Thiès,BTQ-THI-02,Stylo (lot de 10),Fournitures,1610.0,5.0,Espèces
T100124,23/09/2025,Saint-Louis,BTQ-SAI-05,Recharge Woyofal,Services,5110.0,2.0,Espèces
T103330,2025-03-31,Diourbel,BTQ-DIO-05,Lait en poudre 400g,Alimentaire,2300.0,1.0,Espèces
T101662,01-05-2025,Saint-Louis,BTQ-SAI-01,Riz brisé 25kg,Alimentaire,12470.0,4.0,Orange Money
T102627,2025-04-15,Thiès,BTQ-THI-03,Cahier 200p,Fournitures,490.0,1.0,Espèces
T102576,2025-04-12,Dakar,BTQ-DAK-04,Stylo (lot de 10),Fournitures,1500.0,1.0,Orange Money
T102530,2025-12-14,KAOLACK,BTQ-KAO-02,Pain,Alimentaire,140.0,3.0,Espèces
T104523,2025-02-07,Diourbel,BTQ-DIO-02,Lait en poudre 400g,Alimentaire,2200.0,1.0,Orange Money
T102776,2025-08-12,Kaolack,BTQ-KAO-05,Stylo (lot de 10),Fournitures,1420.0,2.0,Espèces
T100184,2025-04-04,Saint-Louis,BTQ-SAI-04,Sucre 1kg,Alimentaire,700.0,2.0,Wave
T102501,24/07/2025,Kaolack,BTQ-KAO-01,Sucre 1kg,Alimentaire,670.0,3.0,Orange Money
T103418,06/05/2025,Dakar,BTQ-DAK-04,Recharge Woyofal,Services,5220.0,1.0,Wave
T100361,20/09/2025,St-Louis,BTQ-SAI-02,Sucre 1kg,Alimentaire,670.0,2.0,Orange Money
T104111,2025-02-24,St-Louis,BTQ-SAI-03,Stylo (lot de 10),Fournitures,1470.0,2.0,Wave
T101503,2025-02-28,Dakar,BTQ-DAK-01,Cahier 200p,Fournitures,460.0,4.0,Espèces
T104519,2025-01-27,Thiès,BTQ-THI-04,Cahier 200p,Fournitures,490.0,3.0,Wave
T102921,2025-07-23,Louga,BTQ-LOU-02,Lait en poudre 400g,Alimentaire,2160.0,3.0,Espèces
T102134,2025-07-25,Dakar,BTQ-DAK-03,Huile 5L,Alimentaire,6630.0,5.0,Espèces
T101375,2025-06-10,Diourbel,BTQ-DIO-02,Javel 1L,Hygiène,580.0,3.0,Wave
T101209,2025-10-24,Diourbel,BTQ-DIO-04,Savon (lot de 4),Hygiène,1010.0,2.0,Espèces
T103200,17-05-2025,Dakar,BTQ-DAK-04,Riz brisé 25kg,Alimentaire,12290.0,4.0,Wave
T102121,2025-11-01,Diourbel,BTQ-DIO-01,Riz brisé 25kg,Alimentaire,12350.0,3.0,Espèces
T102626,03-11-2025,Louga,BTQ-LOU-04,Huile 5L,Alimentaire,5940.0,3.0,Orange Money
T100060,2025-12-19,Ziguinchor,BTQ-ZIG-01,Huile 5L,Alimentaire,7110.0,3.0,Wave
T102754,2025-07-12,Thiès,BTQ-THI-01,Riz brisé 25kg,Alimentaire,12780.0,4.0,Wave
T102295,2025-05-26,Tambacounda,BTQ-TAM-04,Riz brisé 25kg,Alimentaire,13110.0,3.0,Espèces
T103881,2025-06-12,St-Louis,BTQ-SAI-01,Javel 1L,Hygiène,580.0,4.0,Wave
T102494,2025-01-08,Saint-Louis,BTQ-SAI-01,Crédit téléphone,Services,940.0,4.0,Wave
T103477,2025-02-15,Tambacounda,BTQ-TAM-05,Recharge Woyofal,Services,4890.0,1.0,Wave
T100994,2025-03-15,Diourbel,BTQ-DIO-05,Riz brisé 25kg,Alimentaire,12100.0,5.0,Orange Money
T104322,2025-04-30,Kaolack,BTQ-KAO-03,Savon (lot de 4),Hygiène,930.0,2.0,
T101079,2025-08-06,Saint-Louis,BTQ-SAI-01,Lait en poudre 400g,Alimentaire,2370.0,3.0,Orange Money
T102861,2025-01-12,Ziguinchor,BTQ-ZIG-03,Riz brisé 25kg,Alimentaire,12210.0,1.0,Wave
T103630,2025-08-19,Dakar,,Huile 5L,Alimentaire,6410.0,2.0,Wave
T103701,2025-10-03, Thiès ,BTQ-THI-02,Lait en poudre 400g,Alimentaire,2 460 FCFA,1.0,Espèces
T101343,2025-10-24,Thiès,BTQ-THI-05,Riz brisé 25kg,Alimentaire,12930.0,,Wave
T102840,2025-03-17,Louga,BTQ-LOU-03,Stylo (lot de 10),Fournitures,1520.0,3.0,Espèces
T101889,2025-01-12,Dakar,BTQ-DAK-01,Savon (lot de 4),Hygiène,1010.0,4.0,Wave
T101968,2025-01-05,Saint-Louis,BTQ-SAI-02,Riz brisé 25kg,Alimentaire,12610.0,4.0,Espèces
T103394,2025-05-21,Dakar,BTQ-DAK-02,Riz brisé 25kg,Alimentaire,12490.0,3.0,Orange Money
T102629,2025-08-31,Tambacounda,BTQ-TAM-02,Sucre 1kg,Alimentaire,730.0,4.0,Wave
T104892,2025-01-27,Dakar,BTQ-DAK-05,Riz brisé 25kg,Alimentaire,12630.0,2.0,Orange Money
T102505,2025-11-11,Ziguinchor,BTQ-ZIG-01,Savon (lot de 4),Hygiène,1020.0,2.0,Wave
T103824,09/10/2025,Dakar,BTQ-DAK-01,Huile 5L,Alimentaire,6470.0,4.0,Espèces
T104503,2025-04-28,DIOURBEL,BTQ-DIO-02,Cahier 200p,Fournitures,510.0,4.0,Espèces
T102024,2025-02-26,Ziguinchor,BTQ-ZIG-05,Crédit téléphone,Services,940.0,5.0,Wave
T100299,2025-04-08,Ziguinchor,BTQ-ZIG-03,Lait en poudre 400g,Alimentaire,2400.0,2.0,Orange Money
T103685,2025-08-16,Louga,BTQ-LOU-02,Pain,Alimentaire,150.0,4.0,Espèces
T104288,2025-05-11,Dakar,BTQ-DAK-03,Café Touba 250g,Alimentaire,1240.0,1.0,Wave
T100807,2025-01-13,St-Louis,BTQ-SAI-02,Recharge Woyofal,Services,4710.0,4.0,Wave
T104158,2025-04-17,louga,BTQ-LOU-02,Javel 1L,Hygiène,600 FCFA,4.0,Orange Money
T102655,2025-12-17,Louga,BTQ-LOU-02,Pain,Alimentaire,150 FCFA,1.0,Wave
T102551,2025-09-17,Dakar,BTQ-DAK-05,Huile 5L,Alimentaire,6700.0,2.0,Orange Money
T102389,2025-02-21,TAMBACOUNDA,BTQ-TAM-05,Café Touba 250g,Alimentaire,1170.0,3.0,Wave
T101638,2025-11-18,Saint-Louis,BTQ-SAI-05,Pain,Alimentaire,150.0,3.0,Espèces
T104641,2025-09-13,Kaolack,BTQ-KAO-05,Pain,Alimentaire,140.0,5.0,Carte
T104267,2025-06-13,diourbel,BTQ-DIO-05,Riz brisé 25kg,Alimentaire,12 610 FCFA,5.0,Wave
T102094,05-11-2025,Louga,BTQ-LOU-02,Lait en poudre 400g,Alimentaire,2370.0,4.0,Carte
T103215,2025-11-16,Dakar,BTQ-DAK-05,Crédit téléphone,Services,1030.0,3.0,Wave
T104899,2025-03-28,Diourbel,BTQ-DIO-05,Recharge Woyofal,Services,4 750 FCFA,,
T104351,2025-06-12,Ziguinchor,BTQ-ZIG-04,Pain,Alimentaire,150.0,1.0,Orange Money
T102555,2025-04-19,Kaolack,BTQ-KAO-04,Huile 5L,Alimentaire,6530.0,1.0,Espèces
T104716,21-10-2025,Ziguinchor,BTQ-ZIG-05,Cahier 200p,Fournitures,500.0,5.0,Espèces
T100817,2025-01-28,Dakar,BTQ-DAK-02,Pain,Alimentaire,160 FCFA,1.0,Espèces
T102156,2025-10-01,Dakar,BTQ-DAK-04,Javel 1L,Hygiène,610.0,2.0,Wave
T102676,2025-04-27,Ziguinchor,BTQ-ZIG-05,Stylo (lot de 10),Fournitures,1510.0,3.0,Espèces
T100627,20/11/2025,Kaolack,BTQ-KAO-01,Sucre 1kg,Alimentaire,730 FCFA,2.0,Espèces
T102652,2025-01-12,Saint-Louis,BTQ-SAI-04,Huile 5L,Alimentaire,6 700 FCFA,7.0,
T104613,2025-08-24,Tambacounda,BTQ-TAM-02,Recharge Woyofal,Services,4640.0,3.0,Espèces
T101640,2025-04-09,Saint-Louis,BTQ-SAI-03,Stylo (lot de 10),Fournitures,1520.0,1.0,Espèces
T104631,2025-12-30,Kaolack,BTQ-KAO-05,Savon (lot de 4),Hygiène,1060.0,2.0,
T102079,2025-04-15,Dakar,BTQ-DAK-03,Savon (lot de 4),Hygiène,1010.0,3.0,Espèces
T101390,2025-06-29,Kaolack,BTQ-KAO-02,Pain,Alimentaire,150.0,,Wave
T104434,2025-04-01,Tambacounda,BTQ-TAM-02,Savon (lot de 4),Hygiène,960.0,2.0,Espèces
T101189,2025-03-01,Dakar,BTQ-DAK-02,Café Touba 250g,Alimentaire,1 210 FCFA,3.0,Orange Money
T104802,2025-04-24,Ziguinchor,BTQ-ZIG-03,Stylo (lot de 10),Fournitures,1590.0,2.0,Wave
T103142,2025-01-05,Dakar,BTQ-DAK-02,Lait en poudre 400g,Alimentaire,2330.0,3.0,Wave
T103877,2025-10-15,Tambacounda,BTQ-TAM-04,Pain,Alimentaire,160.0,4.0,Orange Money
T103657,2025-05-16,Dakar,BTQ-DAK-01,Lait en poudre 400g,Alimentaire,2230.0,2.0,Orange Money
T100684,2025-10-23,Louga,BTQ-LOU-04,Sucre 1kg,Alimentaire,760.0,5.0,Wave
T100042,2025-02-03,Saint-Louis,BTQ-SAI-04,Savon (lot de 4),Hygiène,1050.0,2.0,Espèces
T103509,2025-06-23,Diourbel,BTQ-DIO-05,Javel 1L,Hygiène,570.0,4.0,
T101307,15-06-2025,Thiès,BTQ-THI-02,Riz brisé 25kg,Alimentaire,12 860 FCFA,3.0,Espèces
T104436,2025-02-25,Tambacounda,BTQ-TAM-04,Stylo (lot de 10),Fournitures,1450.0,4.0,Orange Money
T102814,2025-01-05,Thiès,BTQ-THI-05,Pain,Alimentaire,140.0,5.0,
T100921,2025-11-04,Tambacounda,BTQ-TAM-01,Riz brisé 25kg,Alimentaire,13160.0,1.0,Orange Money
T101196,2025-04-08,DIOURBEL,BTQ-DIO-02,Javel 1L,Hygiène,610 FCFA,2.0,Espèces
T100379,2025-04-28,Dakar,BTQ-DAK-01,Crédit téléphone,Services,990.0,3.0,Wave
T100090,2025-07-17, Dakar ,BTQ-DAK-01,Savon (lot de 4),Hygiène,1010.0,5.0,Orange Money
T103383,2025-05-27,Dakar,BTQ-DAK-01,Cahier 200p,Fournitures,490.0,1.0,Wave
T104258,2025-12-23,Dakar,BTQ-DAK-05,Recharge Woyofal,Services,4790.0,3.0,Espèces
T102442,2025-08-01,Dakar,BTQ-DAK-03,Sucre 1kg,Alimentaire,700.0,2.0,Espèces
T103949,2025-12-05,Dakar,BTQ-DAK-02,Pain,Alimentaire,150.0,2.0,Wave
T101884,2025-04-29,Kaolack,BTQ-KAO-03,Javel 1L,Hygiène,590.0,1.0,
T102369,2025-08-11,Saint-Louis,BTQ-SAI-02,Riz brisé 25kg,Alimentaire,12250.0,3.0,Espèces
T101328,2025-03-06,Thiès,BTQ-THI-01,Pain,Alimentaire,150.0,4.0,Wave
T100286,2025-01-01,Tambacounda,BTQ-TAM-02,Recharge Woyofal,Services,4910.0,1.0,
T102732,2025-01-25,Kaolack,BTQ-KAO-01,Savon (lot de 4),Hygiène,1080.0,4.0,Espèces
T100915,2025-09-24, Thiès ,BTQ-THI-03,Sucre 1kg,Alimentaire,690.0,4.0,Wave
T104485,2025-05-06,Kaolack,BTQ-KAO-01,Javel 1L,Hygiène,580.0,1.0,Espèces
T103805,15-12-2025,Thiès,BTQ-THI-04,Savon (lot de 4),Hygiène,1020.0,2.0,Wave
T102801,2025-09-03,Dakar,BTQ-DAK-04,Lait en poudre 400g,Alimentaire,2 380 FCFA,4.0,Espèces
T100370,2025-10-22,Thiès,BTQ-THI-05,Huile 5L,Alimentaire,6340.0,5.0,Orange Money
T100572,2025-10-20,Dakar,BTQ-DAK-05,Sucre 1kg,Alimentaire,710 FCFA,3.0,
T104117,11/07/2025,Dakar,BTQ-DAK-02,Recharge Woyofal,Services,4 740 FCFA,,Wave
T100031,29/10/2025,Dakar,BTQ-DAK-04,Cahier 200p,Fournitures,490.0,2.0,Espèces
T100988,2025-12-26,Kaolack,BTQ-KAO-05,Recharge Woyofal,Services,4730.0,,Wave
T100484,2025-11-11,Saint-Louis,BTQ-SAI-03,Lait en poudre 400g,Alimentaire,2200.0,3.0,Orange Money
T102165,2025-07-20,Dakar,BTQ-DAK-03,Sucre 1kg,Alimentaire,730.0,3.0,Espèces
T102977,2025-07-26,Thiès,BTQ-THI-01,Huile 5L,Alimentaire,6690.0,3.0,Orange Money
T102112,2025-07-07,Dakar,BTQ-DAK-04,Stylo (lot de 10),Fournitures,1600.0,2.0,Espèces
T104135,05-09-2025,KAOLACK,BTQ-KAO-03,Huile 5L,Alimentaire,6310.0,2.0,Espèces
T103832,2025-08-05,Thiès,BTQ-THI-01,Javel 1L,Hygiène,580.0,,Wave
T101610,2025-09-21,Saint-Louis,BTQ-SAI-01,Huile 5L,Alimentaire,6490.0,4.0,
T102361,2025-02-19,Kaolack,BTQ-KAO-01,Café Touba 250g,Alimentaire,1180.0,,
T104405,2025-05-28,Saint-Louis,BTQ-SAI-04,Crédit téléphone,Services,980.0,1.0,Espèces
T100668,2025-07-03,Saint-Louis,BTQ-SAI-04,Huile 5L,Alimentaire,6340.0,2.0,Wave
T103209,2025-02-22,Dakar,BTQ-DAK-01,Riz brisé 25kg,Alimentaire,12060.0,4.0,Espèces
T101183,2025-08-05,Kaolack,BTQ-KAO-01,Riz brisé 25kg,Alimentaire,12 530 FCFA,3.0,Espèces
T102669,2025-03-21,Saint-Louis,BTQ-SAI-02,Cahier 200p,Fournitures,480.0,2.0,Espèces
T104444,24/01/2025,Dakar,BTQ-DAK-05,Savon (lot de 4),Hygiène,950.0,1.0,Orange Money
T103237,27-11-2025,Ziguinchor,BTQ-ZIG-03,Javel 1L,Hygiène,570.0,2.0,Wave
T100687,2025-08-25, Diourbel ,BTQ-DIO-03,Sucre 1kg,Alimentaire,740.0,3.0,Carte
T104044,2025-10-07,St-Louis,BTQ-SAI-05,Savon (lot de 4),Hygiène,1000.0,1.0,Espèces
T100815,2025-09-20,Ziguinchor,BTQ-ZIG-04,Huile 5L,Alimentaire,6750.0,4.0,Orange Money
T101468,2025-04-12,Diourbel,BTQ-DIO-03,Savon (lot de 4),Hygiène,1 030 FCFA,2.0,
T104741,2025-07-14,Thiès,BTQ-THI-03,Javel 1L,Hygiène,590.0,5.0,Wave
T100634,2025-10-15,Thiès,BTQ-THI-04,Huile 5L,Alimentaire,6670.0,1.0,Orange Money
T101482,24/04/2025, Thiès ,BTQ-THI-05,Huile 5L,Alimentaire,6210.0,2.0,Orange Money
T103499,2025-01-24,Tambacounda,,Recharge Woyofal,Services,5040.0,6.0,Orange Money
T100495,2025-01-28,Louga,,Crédit téléphone,Services,1010.0,4.0,Orange Money
T101814,2025-04-11,Diourbel,BTQ-DIO-03,Sucre 1kg,Alimentaire,720.0,3.0,Orange Money
T103027,2025-06-16,Kaolack,BTQ-KAO-04,Huile 5L,Alimentaire,6750.0,5.0,Orange Money
T104445,2025-12-01,Thiès,BTQ-THI-03,Cahier 200p,Fournitures,500 FCFA,3.0,Espèces
T103524,2025-12-17,Dakar,BTQ-DAK-01,Recharge Woyofal,Services,4980.0,8.0,Carte
T104254,2025-10-31, Saint-Louis ,BTQ-SAI-01,Cahier 200p,Fournitures,480.0,1.0,Orange Money
T103014,2025-09-03,Dakar,BTQ-DAK-04,Riz brisé 25kg,Alimentaire,13420.0,4.0,Wave
T102042,2025-03-10,Tambacounda,BTQ-TAM-05,Stylo (lot de 10),Fournitures,1430.0,2.0,Orange Money
T103283,2025-02-26,Diourbel,BTQ-DIO-01,Crédit téléphone,Services,1000.0,2.0,Espèces
T103983,2025-01-27,Kaolack,BTQ-KAO-02,Pain,Alimentaire,160.0,3.0,
T103106,2025-03-26,Dakar,BTQ-DAK-05,Sucre 1kg,Alimentaire,680.0,3.0,Orange Money
T101327,2025-04-21,Kaolack,BTQ-KAO-03,Javel 1L,Hygiène,580.0,3.0,Wave
T100857,2025-12-06,Dakar,BTQ-DAK-02,Lait en poudre 400g,Alimentaire,2490.0,1.0,Espèces
T102988,23/04/2025,Diourbel,,Savon (lot de 4),Hygiène,1010.0,6.0,Orange Money
T100033,2025-06-13,Saint-Louis,BTQ-SAI-02,Cahier 200p,Fournitures,500.0,2.0,Espèces
T104057,2025-09-21,Diourbel,BTQ-DIO-04,Stylo (lot de 10),Fournitures,1510.0,1.0,Espèces
T101377,2025-08-10,Thiès,BTQ-THI-05,Riz brisé 25kg,Alimentaire,11860.0,3.0,Espèces
T100958,2025-07-01,Saint-Louis,BTQ-SAI-05,Savon (lot de 4),Hygiène,980 FCFA,2.0,Wave
T103553,2025-08-15, Louga ,BTQ-LOU-04,Javel 1L,Hygiène,590.0,5.0,Espèces
T102492,2025-11-12,Kaolack,BTQ-KAO-03,Cahier 200p,Fournitures,520.0,1.0,Espèces
T100018,2025-02-05,thiès,BTQ-THI-04,Café Touba 250g,Alimentaire,1 150 FCFA,1.0,Wave
T100935,2025-09-07,Dakar,BTQ-DAK-05,Recharge Woyofal,Services,4740.0,5.0,Orange Money
T104842,2025-02-07,Ziguinchor,BTQ-ZIG-01,Javel 1L,Hygiène,610.0,3.0,Wave
T104399,21-11-2025,Dakar,BTQ-DAK-03,Pain,Alimentaire,150.0,2.0,Espèces
T101835,2025-11-10,Dakar,BTQ-DAK-03,Crédit téléphone,Services,1060.0,3.0,Espèces
T104703,2025-01-10,Louga,BTQ-LOU-05,Stylo (lot de 10),Fournitures,1470.0,3.0,Wave
T104218,2025-02-16,Kaolack,BTQ-KAO-02,Sucre 1kg,Alimentaire,630 FCFA,3.0,Orange Money
T100353,2025-11-08,Dakar,BTQ-DAK-04,Sucre 1kg,Alimentaire,690.0,4.0,Wave
T104902,2025-07-29,Tambacounda,BTQ-TAM-02,Pain,Alimentaire,150.0,2.0,Espèces
T100719,2025-07-08, Ziguinchor ,BTQ-ZIG-02,Huile 5L,Alimentaire,6 520 FCFA,2.0,Wave
T102697,2025-03-28,Diourbel,BTQ-DIO-04,Pain,Alimentaire,150.0,4.0,Espèces
T101480,2025-02-28, Saint-Louis ,BTQ-SAI-04,Huile 5L,Alimentaire,6 380 FCFA,2.0,Espèces
T100580,30-04-2025,Dakar,BTQ-DAK-05,Recharge Woyofal,Services,4920.0,2.0,Espèces
T102793,20-03-2025,Tambacounda,BTQ-TAM-03,Cahier 200p,Fournitures,560.0,3.0,Espèces
T100642,2025-09-28,Diourbel,BTQ-DIO-05,Crédit téléphone,Services,1040.0,2.0,Espèces
T104987,2025-12-28,dakar,BTQ-DAK-02,Savon (lot de 4),Hygiène,980.0,3.0,Wave
T103902,12/07/2025,Dakar,BTQ-DAK-04,Huile 5L,Alimentaire,6 870 FCFA,3.0,Espèces
T100985,04/10/2025,Thiès,BTQ-THI-04,Lait en poudre 400g,Alimentaire,2260.0,2.0,Orange Money
T102148,27/10/2025,Thiès,BTQ-THI-04,Javel 1L,Hygiène,650 FCFA,2.0,Espèces
T103822,2025-04-09,Diourbel,BTQ-DIO-01,Café Touba 250g,Alimentaire,1150.0,3.0,Espèces
T103475,2025-06-06,Diourbel,BTQ-DIO-02,Huile 5L,Alimentaire,6470.0,3.0,Wave
T102054,2025-03-20,Ziguinchor,BTQ-ZIG-04,Javel 1L,Hygiène,580.0,3.0,Espèces
T102749,2025-05-05,Saint-Louis,BTQ-SAI-02,Café Touba 250g,Alimentaire,1 170 FCFA,4.0,Wave
T102052,2025-04-23,Saint-Louis,BTQ-SAI-02,Lait en poudre 400g,Alimentaire,2160.0,3.0,Espèces
T102681,2025-04-09,Kaolack,BTQ-KAO-05,Savon (lot de 4),Hygiène,950.0,6.0,Carte
T102362,2025-08-07,Kaolack,BTQ-KAO-05,Sucre 1kg,Alimentaire,700.0,3.0,Orange Money
T101104,2025-01-13,Thiès,BTQ-THI-02,Javel 1L,Hygiène,630.0,4.0,Espèces
T104415,2025-05-14,Diourbel,BTQ-DIO-02,Recharge Woyofal,Services,5130.0,3.0,Carte
T100777,2025-08-07,Dakar,BTQ-DAK-02,Recharge Woyofal,Services,4770.0,2.0,
T102151,2025-02-08,Ziguinchor,BTQ-ZIG-04,Cahier 200p,Fournitures,500 FCFA,3.0,Espèces
T100508,2025-03-23,Dakar,BTQ-DAK-04,Lait en poudre 400g,Alimentaire,2330.0,2.0,Espèces
T101435,2025-08-31,Thiès,BTQ-THI-05,Pain,Alimentaire,150.0,5.0,Orange Money
T100689,2025-09-28,Tambacounda,BTQ-TAM-05,Recharge Woyofal,Services,4790.0,4.0,Wave
T101725,2025-02-11,DAKAR,BTQ-DAK-02,Riz brisé 25kg,Alimentaire,12630.0,1.0,Orange Money
T104028,2025-09-09,Thiès,BTQ-THI-03,Crédit téléphone,Services,940.0,4.0,Wave
T103946,2025-10-24,Thiès,BTQ-THI-01,Cahier 200p,Fournitures,540.0,3.0,Espèces
T100747,27/06/2025,Diourbel,BTQ-DIO-04,Stylo (lot de 10),Fournitures,1560.0,7.0,Espèces
T100802,2025-08-21,Dakar,BTQ-DAK-01,Crédit téléphone,Services,1000.0,2.0,Espèces
T102223,2025-11-17,Kaolack,BTQ-KAO-04,Riz brisé 25kg,Alimentaire,11950.0,1.0,Espèces
T104207,2025-11-20,Diourbel,,Riz brisé 25kg,Alimentaire,11930.0,1.0,Espèces
T102973,2025-02-02,Dakar,BTQ-DAK-02,Lait en poudre 400g,Alimentaire,2170.0,2.0,Wave
T104230,2025-11-17,Dakar,BTQ-DAK-02,Javel 1L,Hygiène,600.0,2.0,Espèces
T100079,27-04-2025,Diourbel,BTQ-DIO-05,Crédit téléphone,Services,990.0,2.0,Orange Money
T104105,2025-09-07,St-Louis,BTQ-SAI-01,Riz brisé 25kg,Alimentaire,12090.0,3.0,Orange Money
T104419,2025-10-21,Kaolack,BTQ-KAO-03,Javel 1L,Hygiène,580.0,8.0,Espèces
T101450,2025-10-02,Dakar,BTQ-DAK-02,Cahier 200p,Fournitures,540.0,3.0,Espèces
T101543,2025-09-29,Thiès,BTQ-THI-04,Riz brisé 25kg,Alimentaire,12010.0,3.0,Wave
T102810,2025-08-06,Dakar,BTQ-DAK-02,Pain,Alimentaire,150.0,,Espèces
T103368,2025-03-16,Tambacounda,BTQ-TAM-02,Pain,Alimentaire,160.0,3.0,Wave
T102399,2025-01-31,Ziguinchor,BTQ-ZIG-04,Sucre 1kg,Alimentaire,720 FCFA,4.0,Orange Money
T103268,14-02-2025,Dakar,BTQ-DAK-04,Café Touba 250g,Alimentaire,1210.0,1.0,Espèces
T102657,2025-08-03,Diourbel,BTQ-DIO-04,Stylo (lot de 10),Fournitures,1520.0,5.0,Espèces
T102525,2025-04-10,Kaolack,BTQ-KAO-05,Café Touba 250g,Alimentaire,1260.0,2.0,Wave
T101861,2025-04-23,Thiès,BTQ-THI-05,Savon (lot de 4),Hygiène,970.0,5.0,
T104810,18-09-2025,Thiès,BTQ-THI-03,Savon (lot de 4),Hygiène,950 FCFA,2.0,Wave
T100548,2025-02-08,Diourbel,BTQ-DIO-05,Stylo (lot de 10),Fournitures,1460.0,4.0,Wave
T104279,2025-02-19,St-Louis,BTQ-SAI-03,Huile 5L,Alimentaire,6350.0,5.0,Orange Money
T102862,01/01/2025,Tambacounda,BTQ-TAM-05,Huile 5L,Alimentaire,6520.0,3.0,Wave
T100095,2025-03-10,Louga,BTQ-LOU-03,Stylo (lot de 10),Fournitures,1390.0,2.0,Espèces
T104170,2025-12-07,Ziguinchor,BTQ-ZIG-01,Crédit téléphone,Services,1040.0,3.0,Orange Money
T100463,16-03-2025, Diourbel ,BTQ-DIO-01,Savon (lot de 4),Hygiène,1000.0,2.0,Wave
T101013,2025-05-21,Thiès,BTQ-THI-01,Stylo (lot de 10),Fournitures,1550.0,2.0,Carte
T104103,2025-08-04,Thiès,BTQ-THI-04,Huile 5L,Alimentaire,6420.0,2.0,Espèces
T104540,2025-10-18,Dakar,BTQ-DAK-04,Cahier 200p,Fournitures,500.0,3.0,Espèces
T104693,28/08/2025,Louga,BTQ-LOU-04,Crédit téléphone,Services,940.0,1.0,Espèces
T104510,21-04-2025,Louga,BTQ-LOU-02,Savon (lot de 4),Hygiène,1010.0,6.0,Orange Money
T104653,2025-01-29,Louga,BTQ-LOU-03,Savon (lot de 4),Hygiène,1030.0,4.0,Espèces
T102603,2025-12-12,Dakar,BTQ-DAK-02,Huile 5L,Alimentaire,6820.0,4.0,Carte
T102904,2025-11-01,Tambacounda,BTQ-TAM-04,Stylo (lot de 10),Fournitures,1490.0,3.0,Espèces
T102983,2025-06-28,Ziguinchor,BTQ-ZIG-05,Cahier 200p,Fournitures,540.0,4.0,Espèces
T101920,2025-02-07,Diourbel,BTQ-DIO-02,Sucre 1kg,Alimentaire,700.0,2.0,Wave
T102142,2025-11-03,Dakar,BTQ-DAK-04,Recharge Woyofal,Services,5080.0,5.0,Orange Money
T104675,2025-01-06,St-Louis,BTQ-SAI-01,Huile 5L,Alimentaire,6460.0,3.0,Wave
T101277,2025-03-06,Dakar,BTQ-DAK-02,Café Touba 250g,Alimentaire,1240.0,1.0,Espèces
T103749,2025-06-15,Ziguinchor,BTQ-ZIG-03,Javel 1L,Hygiène,550.0,3.0,Wave
T101938,2025-05-18,Ziguinchor,BTQ-ZIG-05,Pain,Alimentaire,150.0,2.0,Espèces
T102459,2025-02-05,Dakar,BTQ-DAK-05,Huile 5L,Alimentaire,6350.0,2.0,Orange Money
T103089,2025-03-24,Dakar,BTQ-DAK-01,Stylo (lot de 10),Fournitures,1430.0,2.0,Wave
T104281,2025-04-27,Saint-Louis,BTQ-SAI-05,Cahier 200p,Fournitures,490.0,6.0,Wave
T104454,23-03-2025,Thiès,BTQ-THI-05,Huile 5L,Alimentaire,6350.0,4.0,Espèces
T104078,2025-12-10,Thiès,BTQ-THI-05,Javel 1L,Hygiène,600.0,3.0,
T103143,2025-11-26,Dakar,BTQ-DAK-01,Pain,Alimentaire,140.0,3.0,Espèces
T101595,18-10-2025,Ziguinchor,BTQ-ZIG-05,Huile 5L,Alimentaire,6510.0,7.0,Orange Money
T104156,2025-11-14,Kaolack,BTQ-KAO-04,Pain,Alimentaire,150.0,2.0,Espèces
T103261,2025-04-23,Saint-Louis,BTQ-SAI-05,Javel 1L,Hygiène,580.0,1.0,Espèces
T101231,2025-08-11,Ziguinchor,BTQ-ZIG-05,Café Touba 250g,Alimentaire,1 270 FCFA,4.0,Espèces
T100941,2025-05-28,Thiès,BTQ-THI-04,Crédit téléphone,Services,970.0,2.0,Wave
T103384,2025-12-31,Diourbel,BTQ-DIO-04,Lait en poudre 400g,Alimentaire,2320.0,,Wave
T104595,2025-09-29,Thiès,BTQ-THI-04,Sucre 1kg,Alimentaire,680.0,2.0,Orange Money
T103850,2025-09-14,Louga,BTQ-LOU-02,Savon (lot de 4),Hygiène,1080.0,3.0,Orange Money
T104032,15-03-2025,Dakar,BTQ-DAK-02,Pain,Alimentaire,150.0,4.0,Espèces
T104655,2025-12-13,Thiès,BTQ-THI-01,Cahier 200p,Fournitures,530 FCFA,2.0,Espèces
T100262,2025-12-04,Diourbel,BTQ-DIO-01,Cahier 200p,Fournitures,530.0,3.0,Orange Money
T101997,05/04/2025,Louga,BTQ-LOU-03,Cahier 200p,Fournitures,490.0,3.0,Espèces
T102184,2025-10-08,Dakar,BTQ-DAK-01,Café Touba 250g,Alimentaire,1210.0,3.0,Wave
T104853,2025-09-18,Saint-Louis,BTQ-SAI-03,Pain,Alimentaire,150.0,3.0,Espèces
T100203,2025-02-19,St-Louis,BTQ-SAI-02,Riz brisé 25kg,Alimentaire,11370.0,2.0,Espèces
T102596,2025-11-25,Tambacounda,BTQ-TAM-02,Recharge Woyofal,Services,4 910 FCFA,5.0,Orange Money
T100650,2025-02-08,LOUGA,BTQ-LOU-01,Riz brisé 25kg,Alimentaire,13430.0,2.0,Espèces
T103664,2025-02-14,Kaolack,BTQ-KAO-01,Cahier 200p,Fournitures,560.0,4.0,
T101804,2025-12-28,St-Louis,BTQ-SAI-01,Stylo (lot de 10),Fournitures,1560.0,3.0,Wave
T103157,2025-04-28,Dakar,BTQ-DAK-01,Crédit téléphone,Services,1 000 FCFA,1.0,Espèces
T100170,2025-11-07,Dakar,BTQ-DAK-01,Riz brisé 25kg,Alimentaire,12200.0,2.0,Espèces
T102860,2025-04-29,Louga,BTQ-LOU-01,Pain,Alimentaire,140.0,4.0,Wave
T102731,10/12/2025,Ziguinchor,BTQ-ZIG-01,Huile 5L,Alimentaire,6260.0,2.0,Orange Money
T103873,2025-04-30,Dakar,BTQ-DAK-02,Javel 1L,Hygiène,580.0,2.0,Espèces
T100626,28/06/2025,Dakar,BTQ-DAK-02,Pain,Alimentaire,150.0,1.0,Espèces
T103687,2025-01-13,Diourbel,BTQ-DIO-01,Recharge Woyofal,Services,4940.0,1.0,Espèces
T103760,2025-08-08, Thiès ,BTQ-THI-02,Stylo (lot de 10),Fournitures,1540.0,6.0,Orange Money
T101130,2025-09-19,Saint-Louis,BTQ-SAI-01,Savon (lot de 4),Hygiène,950 FCFA,2.0,Espèces
T103256,2025-04-02,Thiès,BTQ-THI-01,Savon (lot de 4),Hygiène,1070.0,3.0,Orange Money
T104940,2025-08-27,Dakar,BTQ-DAK-03,Café Touba 250g,Alimentaire,1150.0,2.0,Espèces
T104772,2025-09-13,Ziguinchor,BTQ-ZIG-03,Café Touba 250g,Alimentaire,1240.0,4.0,Wave
T103096,2025-05-01,Kaolack,BTQ-KAO-01,Recharge Woyofal,Services,4860.0,3.0,Orange Money
T103153,2025-08-07,Saint-Louis,BTQ-SAI-05,Crédit téléphone,Services,910.0,3.0,Espèces
T101505,2025-11-08,Tambacounda,BTQ-TAM-05,Stylo (lot de 10),Fournitures,1440.0,1.0,Espèces
T104438,10/05/2025,Tambacounda,BTQ-TAM-05,Huile 5L,Alimentaire,6220.0,3.0,Espèces
T104976,2025-04-01,Dakar,BTQ-DAK-02,Savon (lot de 4),Hygiène,960 FCFA,2.0,Orange Money
T102882,2025-06-17,Dakar,BTQ-DAK-04,Sucre 1kg,Alimentaire,700.0,3.0,Espèces
T101971,19-10-2025,Tambacounda,BTQ-TAM-01,Riz brisé 25kg,Alimentaire,12710.0,3.0,Espèces
T100980,2025-01-09,Thiès,BTQ-THI-03,Sucre 1kg,Alimentaire,710.0,2.0,Orange Money
T101024,2025-02-18,Thiès,BTQ-THI-03,Sucre 1kg,Alimentaire,660.0,5.0,Wave
T101161,2025-09-05,Saint-Louis,BTQ-SAI-02,Lait en poudre 400g,Alimentaire,2200.0,3.0,Wave
T103950,2025-12-23,Thiès,BTQ-THI-05,Huile 5L,Alimentaire,6240.0,5.0,Orange Money
T100952,25/02/2025,Dakar,BTQ-DAK-03,Crédit téléphone,Services,990.0,2.0,Espèces
T103392,2025-08-17,kaolack,BTQ-KAO-03,Riz brisé 25kg,Alimentaire,12550.0,6.0,Espèces
T100140,19/05/2025,Kaolack,BTQ-KAO-03,Sucre 1kg,Alimentaire,750.0,1.0,Espèces
T100829,2025-05-24,Dakar,BTQ-DAK-02,Lait en poudre 400g,Alimentaire,2180.0,4.0,Wave
T102791,2025-09-18,Ziguinchor,BTQ-ZIG-01,Javel 1L,Hygiène,600.0,3.0,Orange Money
T100169,05-01-2025,Dakar,BTQ-DAK-04,Recharge Woyofal,Services,4730.0,4.0,Espèces
T100528,2025-04-19,Tambacounda,BTQ-TAM-01,Cahier 200p,Fournitures,460.0,2.0,Carte
T102348,2025-09-22,Louga,BTQ-LOU-05,Cahier 200p,Fournitures,510.0,2.0,Orange Money
T102290,2025-05-23,Saint-Louis,BTQ-SAI-03,Café Touba 250g,Alimentaire,1190.0,2.0,Carte
T101634,2025-08-19,Dakar,BTQ-DAK-05,Café Touba 250g,Alimentaire,1210.0,2.0,Espèces
T101389,01/10/2025,Saint-Louis,BTQ-SAI-05,Javel 1L,Hygiène,610.0,2.0,Espèces
T102252,2025-06-11,St-Louis,BTQ-SAI-03,Stylo (lot de 10),Fournitures,1550.0,1.0,Orange Money
T103647,2025-05-08,Louga,BTQ-LOU-03,Café Touba 250g,Alimentaire,1190.0,3.0,Wave
T100765,2025-06-22,Dakar,BTQ-DAK-04,Cahier 200p,Fournitures,490.0,4.0,Orange Money
T100960,2025-02-02,Dakar,BTQ-DAK-04,Javel 1L,Hygiène,580.0,2.0,Espèces
T104341,2025-02-03,kaolack,BTQ-KAO-02,Lait en poudre 400g,Alimentaire,2 110 FCFA,2.0,Espèces
T102758,2025-06-14,Kaolack,BTQ-KAO-01,Cahier 200p,Fournitures,500.0,4.0,Orange Money
T104969,2025-04-12,Thiès,BTQ-THI-03,Huile 5L,Alimentaire,6250.0,1.0,Espèces
T104967,2025-05-31,Thiès,BTQ-THI-05,Huile 5L,Alimentaire,6500.0,1.0,Espèces
T100593,2025-02-10,Dakar,BTQ-DAK-01,Café Touba 250g,Alimentaire,1240.0,2.0,Espèces
T102789,2025-11-19,KAOLACK,BTQ-KAO-05,Javel 1L,Hygiène,610.0,3.0,Espèces
T102741,2025-12-17,Louga,BTQ-LOU-02,Javel 1L,Hygiène,600 FCFA,2.0,
T100648,2025-09-09,Dakar,BTQ-DAK-04,Savon (lot de 4),Hygiène,1010.0,5.0,Espèces
T103398,13-08-2025,Tambacounda,BTQ-TAM-05,Recharge Woyofal,Services,5140.0,,Wave
T103683,2025-05-01,Saint-Louis,BTQ-SAI-03,Savon (lot de 4),Hygiène,950.0,5.0,Espèces
T100317,2025-03-09,Thiès,BTQ-THI-02,Recharge Woyofal,Services,5060.0,3.0,Wave
T103274,2025-09-06,Dakar,BTQ-DAK-05,Javel 1L,Hygiène,590.0,2.0,Wave
T101652,2025-07-08, Dakar ,BTQ-DAK-02,Savon (lot de 4),Hygiène,980.0,3.0,Espèces
T103149,2025-09-20, Saint-Louis ,BTQ-SAI-05,Stylo (lot de 10),Fournitures,1670.0,3.0,Espèces
T101188,2025-12-27,St-Louis,BTQ-SAI-03,Sucre 1kg,Alimentaire,700.0,3.0,Wave
T102620,2025-03-10,KAOLACK,BTQ-KAO-01,Riz brisé 25kg,Alimentaire,11790.0,4.0,Espèces
T100093,2025-07-31,Dakar,BTQ-DAK-05,Stylo (lot de 10),Fournitures,1560.0,1.0,Orange Money
T102504,31-03-2025,Saint-Louis,BTQ-SAI-03,Sucre 1kg,Alimentaire,690.0,4.0,Espèces
T104602,2025-06-19,Dakar,BTQ-DAK-05,Recharge Woyofal,Services,5210.0,4.0,Espèces
T104128,2025-06-07,Saint-Louis,BTQ-SAI-05,Café Touba 250g,Alimentaire,1 160 FCFA,2.0,Espèces
T100793,2025-04-14,Louga,BTQ-LOU-03,Huile 5L,Alimentaire,6510.0,3.0,Espèces
T104856,2025-07-02,Saint-Louis,BTQ-SAI-02,Cahier 200p,Fournitures,490.0,6.0,Espèces
T104514,2025-08-01,Ziguinchor,BTQ-ZIG-01,Javel 1L,Hygiène,600.0,1.0,Wave
T102051,2025-03-17,Louga,BTQ-LOU-03,Recharge Woyofal,Services,5 190 FCFA,2.0,
T104841,15/08/2025,thiès,BTQ-THI-05,Riz brisé 25kg,Alimentaire,12580.0,4.0,Espèces
T101699,2025-01-15,Dakar,BTQ-DAK-02,Pain,Alimentaire,150 FCFA,2.0,Wave
T102823,2025-11-10,Dakar,BTQ-DAK-02,Sucre 1kg,Alimentaire,670.0,1.0,Wave
T104644,2025-11-26,Diourbel,BTQ-DIO-02,Recharge Woyofal,Services,4 580 FCFA,4.0,Espèces
T104355,30-11-2025, Saint-Louis ,BTQ-SAI-04,Crédit téléphone,Services,1050.0,1.0,Espèces
T102910,2025-01-13,Tambacounda,BTQ-TAM-01,Lait en poudre 400g,Alimentaire,2370.0,1.0,Wave
T104050,2025-09-03,THIÈS,BTQ-THI-02,Savon (lot de 4),Hygiène,1 010 FCFA,7.0,Wave
T100019,2025-04-19,Diourbel,BTQ-DIO-03,Pain,Alimentaire,150.0,2.0,Espèces
T104785,2025-12-13,Dakar,BTQ-DAK-05,Pain,Alimentaire,150 FCFA,4.0,Espèces
T100946,2025-09-02,Dakar,BTQ-DAK-04,Savon (lot de 4),Hygiène,980.0,5.0,Orange Money
T103100,2025-06-24,Dakar,BTQ-DAK-02,Crédit téléphone,Services,1050.0,2.0,Orange Money
T103007,2025-10-29,Tambacounda,BTQ-TAM-04,Café Touba 250g,Alimentaire,1170.0,3.0,Orange Money
T102632,2025-06-04,Louga,BTQ-LOU-04,Café Touba 250g,Alimentaire,1200.0,4.0,Espèces
T100455,2025-12-23,Dakar,BTQ-DAK-05,Lait en poudre 400g,Alimentaire,2 210 FCFA,6.0,Espèces
T100901,18/12/2025,Dakar,BTQ-DAK-01,Stylo (lot de 10),Fournitures,1480.0,3.0,Espèces
T100464,2025-10-27,Kaolack,BTQ-KAO-01,Pain,Alimentaire,150.0,3.0,Espèces
T100166,2025-02-01,Dakar,BTQ-DAK-03,Recharge Woyofal,Services,4 830 FCFA,2.0,Espèces
T101953,2025-12-21,Thiès,BTQ-THI-01,Crédit téléphone,Services,980.0,1.0,Orange Money
T101074,2025-10-14,Dakar,BTQ-DAK-01,Café Touba 250g,Alimentaire,1260.0,3.0,Wave
T103600,2025-09-01,Thiès,BTQ-THI-05,Recharge Woyofal,Services,5340.0,3.0,Orange Money
T103607,2025-12-10,Diourbel,BTQ-DIO-01,Riz brisé 25kg,Alimentaire,12240.0,3.0,Espèces
T102556,2025-09-22,Thiès,BTQ-THI-04,Cahier 200p,Fournitures,500.0,5.0,
T103345,2025-11-07,Dakar,BTQ-DAK-05,Stylo (lot de 10),Fournitures,1430.0,3.0,Wave
T101237,2025-04-14,Tambacounda,BTQ-TAM-02,Stylo (lot de 10),Fournitures,1340.0,3.0,Wave
T100277,2025-05-06,Kaolack,BTQ-KAO-02,Cahier 200p,Fournitures,510.0,3.0,Espèces
T103678,22/12/2025,Dakar,BTQ-DAK-05,Recharge Woyofal,Services,5140.0,1.0,Orange Money
T104278,2025-09-19,Diourbel,BTQ-DIO-04,Savon (lot de 4),Hygiène,990 FCFA,1.0,Orange Money
T100595,16/02/2025,Saint-Louis,,Riz brisé 25kg,Alimentaire,11640.0,2.0,Wave
T103088,2025-07-01,Dakar,BTQ-DAK-04,Lait en poudre 400g,Alimentaire,2340.0,4.0,Orange Money
T104770,2025-06-05,Diourbel,BTQ-DIO-04,Huile 5L,Alimentaire,6480.0,2.0,Espèces
T103260,2025-03-01, Diourbel ,BTQ-DIO-03,Pain,Alimentaire,150.0,2.0,Espèces
T101667,16-03-2025,Kaolack,BTQ-KAO-01,Riz brisé 25kg,Alimentaire,13320.0,-3.0,Orange Money
T100384,2025-01-03,Kaolack,BTQ-KAO-02,Crédit téléphone,Services,970.0,2.0,Wave
T101321,2025-07-11,Thiès,BTQ-THI-05,Riz brisé 25kg,Alimentaire,12140.0,2.0,Wave
T104240,2025-03-11,St-Louis,BTQ-SAI-05,Crédit téléphone,Services,950.0,3.0,Espèces
T100720,2025-07-22,Diourbel,BTQ-DIO-05,Huile 5L,Alimentaire,6 500 FCFA,4.0,Espèces
T101894,2025-10-04,Tambacounda,BTQ-TAM-02,Crédit téléphone,Services,1050.0,4.0,Wave
T101232,2025-02-21,Diourbel,BTQ-DIO-01,Pain,Alimentaire,150.0,3.0,Wave
T104877,2025-02-07,Dakar,BTQ-DAK-04,Recharge Woyofal,Services,4980.0,4.0,
T100096,2025-02-26,Thiès,BTQ-THI-01,Cahier 200p,Fournitures,460.0,1.0,Orange Money
T102989,2025-01-09,Ziguinchor,BTQ-ZIG-02,Lait en poudre 400g,Alimentaire,2140.0,2.0,Wave
T102294,2025-05-16,Dakar,BTQ-DAK-04,Lait en poudre 400g,Alimentaire,2 230 FCFA,3.0,Espèces
T102189,2025-03-05,KAOLACK,,Sucre 1kg,Alimentaire,680.0,2.0,Wave
T103814,2025-06-27,Diourbel,BTQ-DIO-01,Pain,Alimentaire,150.0,3.0,Espèces
T104114,2025-10-10,Thiès,BTQ-THI-05,Riz brisé 25kg,Alimentaire,12690.0,2.0,Espèces
T103588,28/07/2025,Saint-Louis,BTQ-SAI-02,Sucre 1kg,Alimentaire,710.0,3.0,Wave
T100362,2025-03-07,Saint-Louis,BTQ-SAI-01,Savon (lot de 4),Hygiène,940.0,1.0,Wave
T102845,2025-09-16,Dakar,BTQ-DAK-01,Stylo (lot de 10),Fournitures,1540.0,4.0,
T100359,2025-04-19,Tambacounda,BTQ-TAM-04,Crédit téléphone,Services,1020.0,4.0,Wave
T104460,2025-01-10,Tambacounda,BTQ-TAM-05,Huile 5L,Alimentaire,6310.0,5.0,Orange Money
T103527,15-02-2025,Dakar,BTQ-DAK-05,Lait en poudre 400g,Alimentaire,2 290 FCFA,2.0,
T101472,06/02/2025,Diourbel,BTQ-DIO-05,Sucre 1kg,Alimentaire,710 FCFA,4.0,
T102094,05-11-2025,Louga,BTQ-LOU-02,Lait en poudre 400g,Alimentaire,2370.0,4.0,Carte
T100615,2025-05-24,Saint-Louis,BTQ-SAI-04,Recharge Woyofal,Services,4980.0,1.0,Carte
T102992,2025-12-08,Dakar,BTQ-DAK-01,Sucre 1kg,Alimentaire,690.0,1.0,Espèces
T100453,2025-07-29,Dakar,BTQ-DAK-02,Javel 1L,Hygiène,560.0,4.0,Wave
T102353,2025-10-14,Louga,BTQ-LOU-01,Recharge Woyofal,Services,5220.0,1.0,Espèces
T102076,2025-06-13,Dakar,BTQ-DAK-01,Sucre 1kg,Alimentaire,660.0,3.0,Carte
T104200,2025-11-25, Dakar ,BTQ-DAK-02,Café Touba 250g,Alimentaire,1170.0,3.0,Orange Money
T102837,2025-11-11,Ziguinchor,BTQ-ZIG-04,Stylo (lot de 10),Fournitures,1400.0,6.0,Wave
T104650,2025-06-30,Kaolack,BTQ-KAO-01,Pain,Alimentaire,150.0,3.0,Espèces
T101094,2025-04-19,Thiès,BTQ-THI-03,Cahier 200p,Fournitures,510.0,5.0,Wave
T104811,2025-09-01,Thiès,BTQ-THI-05,Sucre 1kg,Alimentaire,690.0,3.0,Espèces
T100897,11-08-2025,Tambacounda,BTQ-TAM-02,Javel 1L,Hygiène,580.0,2.0,Wave
T101448,26-02-2025,Thiès,BTQ-THI-02,Café Touba 250g,Alimentaire,1210.0,2.0,Espèces
T103240,2025-04-20,Dakar,BTQ-DAK-01,Huile 5L,Alimentaire,6290.0,1.0,Espèces
T100430,2025-02-05,Ziguinchor,BTQ-ZIG-04,Pain,Alimentaire,160.0,5.0,Espèces
T104166,2025-10-15, Saint-Louis ,BTQ-SAI-05,Savon (lot de 4),Hygiène,970.0,5.0,Espèces
T102437,2025-11-20,Ziguinchor,BTQ-ZIG-05,Pain,Alimentaire,150.0,2.0,Espèces
T103065,2025-09-29,ziguinchor,BTQ-ZIG-02,Stylo (lot de 10),Fournitures,1400.0,4.0,Carte
T101666,15/10/2025,Tambacounda,BTQ-TAM-01,Crédit téléphone,Services,1 000 FCFA,4.0,Espèces
T100977,2025-11-02,Saint-Louis,BTQ-SAI-01,Cahier 200p,Fournitures,520.0,5.0,Wave
T102019,2025-01-04,Thiès,BTQ-THI-04,Savon (lot de 4),Hygiène,990.0,2.0,Orange Money
T101407,2025-06-20,Dakar,BTQ-DAK-02,Café Touba 250g,Alimentaire,1 200 FCFA,4.0,Orange Money
T100664,2025-04-25,Dakar,BTQ-DAK-04,Savon (lot de 4),Hygiène,1000.0,4.0,Espèces
T101039,2025-02-12,St-Louis,BTQ-SAI-05,Stylo (lot de 10),Fournitures,1520.0,2.0,Espèces
T101664,2025-12-28,Ziguinchor,BTQ-ZIG-04,Pain,Alimentaire,150.0,5.0,Wave
T100167,2025-02-03,Tambacounda,BTQ-TAM-05,Café Touba 250g,Alimentaire,1160.0,3.0,
T100619,2025-01-19,Dakar,BTQ-DAK-02,Cahier 200p,Fournitures,490.0,2.0,Carte
T101254,2025-09-02, Ziguinchor ,BTQ-ZIG-05,Recharge Woyofal,Services,4590.0,4.0,Wave
T103595,2025-08-05,Kaolack,BTQ-KAO-01,Café Touba 250g,Alimentaire,1250.0,3.0,Carte
T100683,2025-11-28,Dakar,BTQ-DAK-03,Pain,Alimentaire,160.0,3.0,Espèces
T101602,2025-02-02,Ziguinchor,BTQ-ZIG-05,Stylo (lot de 10),Fournitures,1490.0,3.0,Wave
T104067,10-10-2025,Thiès,BTQ-THI-03,Stylo (lot de 10),Fournitures,1540.0,1.0,Wave
T100461,2025-01-06,Thiès,BTQ-THI-04,Recharge Woyofal,Services,5350.0,3.0,Espèces
T101184,2025-04-27,Louga,BTQ-LOU-02,Savon (lot de 4),Hygiène,920.0,2.0,
T104145,2025-01-28,Dakar,BTQ-DAK-01,Crédit téléphone,Services,1000.0,2.0,
T101044,2025-08-26,Louga,BTQ-LOU-05,Recharge Woyofal,Services,5 250 FCFA,3.0,Orange Money
T102998,2025-01-29,Dakar,BTQ-DAK-03,Stylo (lot de 10),Fournitures,1530.0,4.0,Espèces
T100950,2025-10-08,Kaolack,BTQ-KAO-02,Sucre 1kg,Alimentaire,720.0,3.0,Espèces
T103365,2025-12-18,Dakar,BTQ-DAK-03,Café Touba 250g,Alimentaire,1170.0,1.0,Orange Money
T102742,2025-02-16,Ziguinchor,BTQ-ZIG-05,Crédit téléphone,Services,990.0,3.0,Espèces
T102087,2025-10-05,Dakar,BTQ-DAK-01,Javel 1L,Hygiène,590 FCFA,5.0,Wave
T103964,18/02/2025,Louga,BTQ-LOU-04,Recharge Woyofal,Services,4880.0,1.0,Orange Money
T104459,2025-03-26,dakar,BTQ-DAK-05,Lait en poudre 400g,Alimentaire,2520.0,4.0,Espèces
T102432,2025-02-28,Dakar,,Javel 1L,Hygiène,630 FCFA,3.0,Orange Money
T102584,2025-09-18,Dakar,BTQ-DAK-03,Lait en poudre 400g,Alimentaire,2 310 FCFA,1.0,Espèces
T101670,2025-11-04,Kaolack,BTQ-KAO-01,Pain,Alimentaire,140.0,2.0,Espèces
T104356,2025-01-04,Tambacounda,BTQ-TAM-05,Lait en poudre 400g,Alimentaire,2 270 FCFA,3.0,Espèces
T103442,2025-01-05,Kaolack,BTQ-KAO-01,Huile 5L,Alimentaire,6520.0,5.0,Espèces
T104193,2025-05-08,Kaolack,BTQ-KAO-02,Javel 1L,Hygiène,610.0,4.0,Espèces
T102753,2025-08-23,Saint-Louis,BTQ-SAI-05,Cahier 200p,Fournitures,480.0,3.0,Wave
T101734,2025-11-21,Thiès,BTQ-THI-02,Huile 5L,Alimentaire,6620.0,4.0,Espèces
T103617,2025-04-09,Tambacounda,BTQ-TAM-03,Savon (lot de 4),Hygiène,1000.0,3.0,Orange Money
T103859,2025-04-27,Dakar,BTQ-DAK-03,Lait en poudre 400g,Alimentaire,2190.0,5.0,Espèces
T103053,25-04-2025,Thiès,BTQ-THI-02,Sucre 1kg,Alimentaire,730 FCFA,4.0,Orange Money
T103305,2025-09-11,Diourbel,BTQ-DIO-02,Lait en poudre 400g,Alimentaire,2370.0,3.0,Espèces
T104777,2025-08-11,Diourbel,BTQ-DIO-02,Sucre 1kg,Alimentaire,700.0,3.0,Espèces
T100565,2025-02-12,Kaolack,BTQ-KAO-02,Pain,Alimentaire,150 FCFA,1.0,Orange Money
T101836,2025-07-13,Dakar,BTQ-DAK-05,Recharge Woyofal,Services,4890.0,4.0,Espèces
T104575,2025-04-13,Diourbel,BTQ-DIO-04,Lait en poudre 400g,Alimentaire,2380.0,6.0,Espèces
T101709,2025-05-16,Louga,BTQ-LOU-05,Café Touba 250g,Alimentaire,1150.0,2.0,Wave
T104093,2025-09-08,Saint-Louis,BTQ-SAI-05,Café Touba 250g,Alimentaire,1110.0,4.0,Espèces
T103458,2025-05-25,Dakar,BTQ-DAK-04,Sucre 1kg,Alimentaire,720.0,2.0,Orange Money
T102512,17/11/2025,Louga,BTQ-LOU-05,Riz brisé 25kg,Alimentaire,12960.0,3.0,Espèces
T103486,2025-05-18,Dakar,BTQ-DAK-04,Lait en poudre 400g,Alimentaire,2120.0,1.0,
T101282,2025-09-04,Saint-Louis,BTQ-SAI-01,Pain,Alimentaire,150.0,3.0,Orange Money
T103836,2025-10-29, Dakar ,BTQ-DAK-04,Riz brisé 25kg,Alimentaire,11290.0,3.0,Orange Money
T102542,2025-01-05,Ziguinchor,BTQ-ZIG-03,Savon (lot de 4),Hygiène,1010.0,6.0,Espèces
T101448,26-02-2025,Thiès,BTQ-THI-02,Café Touba 250g,Alimentaire,1210.0,2.0,Espèces
T101964,2025-12-18,diourbel,BTQ-DIO-01,Pain,Alimentaire,140 FCFA,1.0,Orange Money
T101906,2025-08-09,Dakar,BTQ-DAK-05,Pain,Alimentaire,150.0,4.0,Orange Money
T103521,2025-03-17,Dakar,BTQ-DAK-02,Savon (lot de 4),Hygiène,990.0,5.0,Orange Money
T103879,2025-08-21,Dakar,BTQ-DAK-01,Stylo (lot de 10),Fournitures,1440.0,3.0,Orange Money
T104368,2025-11-25,Dakar,BTQ-DAK-02,Recharge Woyofal,Services,4620.0,5.0,Orange Money
T101403,2025-01-08,Dakar,BTQ-DAK-04,Café Touba 250g,Alimentaire,1190.0,4.0,Wave
T103769,2025-02-20, Diourbel ,BTQ-DIO-04,Pain,Alimentaire,150.0,2.0,Espèces
T102872,2025-06-10,Diourbel,BTQ-DIO-02,Stylo (lot de 10),Fournitures,1520.0,5.0,Orange Money
T100889,2025-04-17,Thiès,BTQ-THI-04,Stylo (lot de 10),Fournitures,1 410 FCFA,3.0,Espèces
T104900,2025-08-02,Ziguinchor,BTQ-ZIG-02,Pain,Alimentaire,150.0,3.0,Espèces
T102456,2025-05-15,Tambacounda,BTQ-TAM-03,Riz brisé 25kg,Alimentaire,12320.0,2.0,Wave
T102642,2025-08-08,Louga,BTQ-LOU-04,Savon (lot de 4),Hygiène,1090.0,4.0,Wave
T100409,09/10/2025,Thiès,BTQ-THI-05,Sucre 1kg,Alimentaire,680.0,5.0,Wave
T101014,2025-02-06,kaolack,BTQ-KAO-03,Javel 1L,Hygiène,610.0,4.0,Espèces
T100759,28-08-2025,Tambacounda,BTQ-TAM-04,Crédit téléphone,Services,1010.0,2.0,Espèces
T100011,2025-10-16,Tambacounda,BTQ-TAM-03,Cahier 200p,Fournitures,510.0,3.0,Wave
T104424,2025-03-03,Dakar,BTQ-DAK-04,Pain,Alimentaire,160.0,2.0,Espèces
T104345,2025-03-30,Louga,BTQ-LOU-05,Huile 5L,Alimentaire,6980.0,4.0,Orange Money
T100714,2025-05-05,Dakar,BTQ-DAK-05,Café Touba 250g,Alimentaire,1 230 FCFA,5.0,Wave
T102215,2025-02-19,Dakar,BTQ-DAK-03,Huile 5L,Alimentaire,6720.0,5.0,Espèces
T104074,2025-12-01,ZIGUINCHOR,BTQ-ZIG-05,Riz brisé 25kg,Alimentaire,12 960 FCFA,5.0,Espèces
T103716,15-08-2025,Dakar,BTQ-DAK-05,Cahier 200p,Fournitures,510.0,5.0,Orange Money
T100223,2025-05-04,Dakar,BTQ-DAK-04,Savon (lot de 4),Hygiène,930.0,5.0,Wave
T104988,2025-05-25,Tambacounda,BTQ-TAM-01,Recharge Woyofal,Services,5260.0,,Wave
T104435,14-10-2025,Dakar,BTQ-DAK-03,Lait en poudre 400g,Alimentaire,2180.0,6.0,Espèces
T102191,2025-04-25,Thiès,BTQ-THI-02,Javel 1L,Hygiène,610.0,3.0,Orange Money
T103476,2025-07-19,St-Louis,BTQ-SAI-03,Cahier 200p,Fournitures,490.0,2.0,Espèces
T101158,2025-07-21,Diourbel,BTQ-DIO-04,Stylo (lot de 10),Fournitures,1510.0,2.0,Wave
T100903,2025-02-02,Dakar,BTQ-DAK-01,Javel 1L,Hygiène,600.0,1.0,Orange Money
T102323,2025-03-07,Kaolack,BTQ-KAO-05,Savon (lot de 4),Hygiène,1 030 FCFA,2.0,Wave
T101169,2025-05-29,Saint-Louis,BTQ-SAI-01,Recharge Woyofal,Services,4750.0,3.0,Orange Money
T103751,2025-01-05,Dakar,BTQ-DAK-01,Javel 1L,Hygiène,620.0,1.0,Espèces
T103207,2025-12-14,Ziguinchor,BTQ-ZIG-02,Huile 5L,Alimentaire,6680.0,3.0,Orange Money
T104816,2025-05-29,Dakar,BTQ-DAK-01,Javel 1L,Hygiène,580.0,2.0,Espèces
T102002,2025-04-02,Dakar,BTQ-DAK-01,Café Touba 250g,Alimentaire,1120.0,3.0,Wave
T101701,2025-08-07,diourbel,BTQ-DIO-05,Huile 5L,Alimentaire,6740.0,1.0,Espèces
T103225,2025-05-13,DAKAR,BTQ-DAK-03,Pain,Alimentaire,160.0,1.0,Espèces
T104827,2025-03-17,Dakar,BTQ-DAK-05,Recharge Woyofal,Services,4790.0,2.0,Orange Money
T103609,2025-05-17,Saint-Louis,BTQ-SAI-04,Savon (lot de 4),Hygiène,1050.0,1.0,Wave
T100303,27/04/2025,Dakar,BTQ-DAK-05,Crédit téléphone,Services,1080.0,3.0,Wave
T100431,2025-04-13,Dakar,BTQ-DAK-02,Café Touba 250g,Alimentaire,1160.0,4.0,
T101230,2025-08-01,Thiès,BTQ-THI-05,Lait en poudre 400g,Alimentaire,2150.0,4.0,Espèces
T104273,2025-07-21,Thiès,BTQ-THI-02,Café Touba 250g,Alimentaire,1130.0,3.0,Espèces
T101603,2025-09-11,Louga,BTQ-LOU-04,Recharge Woyofal,Services,4 700 FCFA,3.0,
T102200,2025-07-06,Kaolack,BTQ-KAO-02,Cahier 200p,Fournitures,500.0,2.0,Espèces
T100998,2025-05-02,Saint-Louis,BTQ-SAI-01,Lait en poudre 400g,Alimentaire,2380.0,4.0,Espèces
T104684,2025-09-18,Louga,BTQ-LOU-03,Savon (lot de 4),Hygiène,960.0,2.0,Espèces
T104565,2025-10-31,Dakar,BTQ-DAK-03,Stylo (lot de 10),Fournitures,1460.0,2.0,Orange Money
T104910,2025-05-23,Dakar,BTQ-DAK-01,Recharge Woyofal,Services,4920.0,2.0,Espèces
T101223,2025-02-04,Dakar,BTQ-DAK-03,Recharge Woyofal,Services,5330.0,3.0,Espèces
T100624,2025-12-18,Tambacounda,BTQ-TAM-05,Pain,Alimentaire,150.0,4.0,Orange Money
T104196,2025-05-29,Thiès,BTQ-THI-01,Pain,Alimentaire,150.0,5.0,Wave
T103761,11/06/2025,Dakar,BTQ-DAK-04,Pain,Alimentaire,150.0,3.0,Espèces
T100260,2025-03-11,Louga,BTQ-LOU-01,Riz brisé 25kg,Alimentaire,12220.0,3.0,Espèces
T101236,07-05-2025,Dakar,BTQ-DAK-04,Cahier 200p,Fournitures,500.0,3.0,Wave
T104374,2025-06-26,Dakar,BTQ-DAK-05,Javel 1L,Hygiène,590.0,2.0,Espèces
T100319,2025-10-04,Saint-Louis,BTQ-SAI-01,Huile 5L,Alimentaire,6390.0,4.0,Wave
T103753,2025-04-03,Diourbel,BTQ-DIO-04,Pain,Alimentaire,150.0,3.0,Wave
T103219,2025-09-26,Ziguinchor,BTQ-ZIG-04,Stylo (lot de 10),Fournitures,1470.0,2.0,
T100869,2025-02-15,Kaolack,BTQ-KAO-01,Sucre 1kg,Alimentaire,670.0,3.0,Espèces
T103111,2025-01-19, Dakar ,BTQ-DAK-02,Pain,Alimentaire,160.0,4.0,Espèces
T104948,2025-02-15,Dakar,BTQ-DAK-03,Cahier 200p,Fournitures,500.0,2.0,Espèces
T101332,2025-08-16,Kaolack,BTQ-KAO-01,Cahier 200p,Fournitures,490.0,,Orange Money
T101112,2025-04-13,Dakar,BTQ-DAK-05,Café Touba 250g,Alimentaire,1 160 FCFA,3.0,Espèces
T103639,2025-06-01,Thiès,BTQ-THI-01,Lait en poudre 400g,Alimentaire,2 260 FCFA,3.0,Orange Money
T100252,2025-06-15,Kaolack,BTQ-KAO-01,Javel 1L,Hygiène,640.0,2.0,Orange Money
T103780,2025-11-16,Thiès,BTQ-THI-01,Recharge Woyofal,Services,5210.0,5.0,Orange Money
T103884,16/05/2025,Dakar,BTQ-DAK-04,Stylo (lot de 10),Fournitures,1490.0,,Espèces
T100735,2025-02-04,Louga,BTQ-LOU-05,Recharge Woyofal,Services,4660.0,6.0,Orange Money
T103655,2025-05-08,Diourbel,BTQ-DIO-03,Savon (lot de 4),Hygiène,1030.0,1.0,Espèces
T104456,2025-07-31,Kaolack,BTQ-KAO-03,Sucre 1kg,Alimentaire,700.0,2.0,Espèces
T102206,2025-04-27,Dakar,BTQ-DAK-04,Café Touba 250g,Alimentaire,1220.0,4.0,Espèces
T103164,06-12-2025,Tambacounda,BTQ-TAM-02,Recharge Woyofal,Services,5090.0,2.0,Wave
T101546,2025-07-31,Kaolack,BTQ-KAO-05,Lait en poudre 400g,Alimentaire,2310.0,3.0,Wave
T100989,2025-10-29,Dakar,BTQ-DAK-01,Pain,Alimentaire,150.0,3.0,Espèces
T104481,2025-12-13,Thiès,BTQ-THI-02,Huile 5L,Alimentaire,6660.0,5.0,Espèces
T104814,2025-01-29,St-Louis,BTQ-SAI-05,Café Touba 250g,Alimentaire,1190.0,1.0,Orange Money
T104889,06-04-2025,Dakar,BTQ-DAK-02,Sucre 1kg,Alimentaire,710.0,1.0,Carte
T102513,2025-07-07,Dakar,BTQ-DAK-01,Huile 5L,Alimentaire,6730.0,3.0,Wave
T104176,2025-08-15,Dakar,BTQ-DAK-02,Stylo (lot de 10),Fournitures,1590.0,2.0,Wave
T103220,2025-06-22,Ziguinchor,,Recharge Woyofal,Services,5050.0,2.0,Espèces
T103835,2025-01-10,Louga,BTQ-LOU-01,Savon (lot de 4),Hygiène,1010.0,4.0,Espèces
T102366,22/02/2025, Kaolack ,BTQ-KAO-03,Huile 5L,Alimentaire,6900.0,3.0,Espèces
T101604,2025-06-20,Diourbel,BTQ-DIO-03,Stylo (lot de 10),Fournitures,1590.0,1.0,Espèces
T100559,2025-05-31,Tambacounda,BTQ-TAM-04,Javel 1L,Hygiène,630.0,2.0,Wave
T101322,2025-06-15,Diourbel,BTQ-DIO-01,Javel 1L,Hygiène,610.0,2.0,Wave
T100474,2025-09-30,diourbel,BTQ-DIO-05,Pain,Alimentaire,150.0,3.0,Orange Money
T100691,12-07-2025,Dakar,BTQ-DAK-02,Crédit téléphone,Services,1020.0,2.0,Espèces
T101528,2025-07-23,Dakar,BTQ-DAK-04,Riz brisé 25kg,Alimentaire,11380.0,3.0,Carte
T100836,2025-12-17,Dakar,BTQ-DAK-04,Café Touba 250g,Alimentaire,1 190 FCFA,1.0,Orange Money
T100939,2025-05-25,Tambacounda,BTQ-TAM-01,Savon (lot de 4),Hygiène,1020.0,,Espèces
T104335,2025-01-31,Diourbel,BTQ-DIO-01,Sucre 1kg,Alimentaire,740.0,6.0,Orange Money
T101738,2025-12-07,Thiès,BTQ-THI-02,Javel 1L,Hygiène,570.0,5.0,Espèces
T103116,2025-01-12,Kaolack,BTQ-KAO-05,Café Touba 250g,Alimentaire,1180.0,3.0,Espèces
T101576,2025-02-24, Saint-Louis ,BTQ-SAI-04,Javel 1L,Hygiène,620.0,7.0,Orange Money
T104242,2025-03-26,Louga,BTQ-LOU-05,Cahier 200p,Fournitures,470.0,2.0,Espèces
T103692,2025-09-14,St-Louis,BTQ-SAI-05,Savon (lot de 4),Hygiène,970.0,5.0,Espèces
T103042,2025-06-21,Dakar,BTQ-DAK-04,Riz brisé 25kg,Alimentaire,11980.0,,Orange Money
T100966,2025-12-26,Dakar,BTQ-DAK-03,Recharge Woyofal,Services,5120.0,4.0,Orange Money
T104136,2025-07-29,Ziguinchor,BTQ-ZIG-02,Stylo (lot de 10),Fournitures,1590.0,3.0,Wave
T104766,2025-03-23,Saint-Louis,BTQ-SAI-05,Recharge Woyofal,Services,4800.0,2.0,Espèces
T103688,2025-09-08,Dakar,BTQ-DAK-03,Cahier 200p,Fournitures,490.0,2.0,Espèces
T100543,2025-12-09,Louga,BTQ-LOU-04,Cahier 200p,Fournitures,500.0,1.0,Espèces
T103156,2025-06-09,Diourbel,BTQ-DIO-04,Recharge Woyofal,Services,4660.0,3.0,Espèces
T103109,2025-06-22,St-Louis,BTQ-SAI-04,Recharge Woyofal,Services,4930.0,4.0,Espèces
T102699,27/04/2025,Kaolack,BTQ-KAO-02,Stylo (lot de 10),Fournitures,1440.0,2.0,Espèces
T101213,27/11/2025,Louga,BTQ-LOU-02,Café Touba 250g,Alimentaire,1150.0,1.0,
T100671,2025-05-27,Dakar,BTQ-DAK-02,Stylo (lot de 10),Fournitures,1450.0,3.0,Espèces
T101871,2025-09-20,Dakar,BTQ-DAK-03,Huile 5L,Alimentaire,6 170 FCFA,6.0,Wave
T104115,2025-01-07,Dakar,BTQ-DAK-05,Pain,Alimentaire,150 FCFA,2.0,Espèces
T104605,2025-08-07, Tambacounda ,BTQ-TAM-01,Café Touba 250g,Alimentaire,1200.0,2.0,Espèces
T104843,2025-02-12,Thiès,BTQ-THI-04,Savon (lot de 4),Hygiène,980.0,2.0,Wave
T102364,2025-02-17,Saint-Louis,BTQ-SAI-05,Stylo (lot de 10),Fournitures,1 420 FCFA,5.0,Orange Money
T103453,2025-07-04,Saint-Louis,BTQ-SAI-02,Pain,Alimentaire,150.0,1.0,Orange Money
T100712,2025-08-20,Saint-Louis,BTQ-SAI-02,Recharge Woyofal,Services,5 040 FCFA,1.0,Espèces
T104276,2025-08-22,Diourbel,BTQ-DIO-04,Stylo (lot de 10),Fournitures,1450.0,2.0,Wave
T103351,2025-05-26,Thiès,BTQ-THI-05,Pain,Alimentaire,150.0,4.0,Wave
T103429,2025-08-06,Ziguinchor,BTQ-ZIG-02,Stylo (lot de 10),Fournitures,1530.0,2.0,Espèces
T103252,2025-07-14,Dakar,BTQ-DAK-02,Stylo (lot de 10),Fournitures,1510.0,1.0,Espèces
T100654,2025-09-22,Diourbel,BTQ-DIO-03,Crédit téléphone,Services,1050.0,2.0,Orange Money
T104379,2025-10-01,Kaolack,BTQ-KAO-01,Recharge Woyofal,Services,4890.0,,Espèces
T104258,2025-12-23,Dakar,BTQ-DAK-05,Recharge Woyofal,Services,4790.0,3.0,Espèces
T101465,17-08-2025,Diourbel,BTQ-DIO-03,Savon (lot de 4),Hygiène,980.0,4.0,Espèces
T101754,2025-08-10,Ziguinchor,BTQ-ZIG-01,Savon (lot de 4),Hygiène,950.0,3.0,Orange Money
T103295,2025-08-15,Diourbel,BTQ-DIO-03,Riz brisé 25kg,Alimentaire,11740.0,3.0,
T101281,23-10-2025,St-Louis,BTQ-SAI-02,Huile 5L,Alimentaire,6510.0,2.0,Espèces
T104657,2025-01-20,Thiès,BTQ-THI-02,Stylo (lot de 10),Fournitures,1500.0,3.0,Wave
T104896,2025-12-06,Kaolack,BTQ-KAO-05,Stylo (lot de 10),Fournitures,1 500 FCFA,1.0,Wave
T104606,21-05-2025,DAKAR,BTQ-DAK-05,Pain,Alimentaire,150.0,3.0,Orange Money
T104362,2025-10-05,Thiès,BTQ-THI-04,Cahier 200p,Fournitures,520.0,3.0,
T100027,2025-10-02,Dakar,BTQ-DAK-01,Cahier 200p,Fournitures,520.0,3.0,Espèces
T104317,2025-05-22,Dakar,BTQ-DAK-04,Savon (lot de 4),Hygiène,930.0,6.0,Espèces
T103746,2025-09-04,Diourbel,BTQ-DIO-05,Cahier 200p,Fournitures,500.0,3.0,Espèces
T100772,2025-08-15,Dakar,BTQ-DAK-03,Javel 1L,Hygiène,600.0,3.0,
T103514,2025-06-02,saint-louis,BTQ-SAI-02,Cahier 200p,Fournitures,520.0,4.0,Espèces
T100588,2025-02-24,Dakar,BTQ-DAK-01,Recharge Woyofal,Services,5 270 FCFA,5.0,Wave
T101135,2025-09-04,Dakar,BTQ-DAK-03,Savon (lot de 4),Hygiène,990.0,3.0,Orange Money
T102430,2025-09-15,Dakar,BTQ-DAK-03,Crédit téléphone,Services,1110.0,2.0,Espèces
T101636,2025-03-02,Ziguinchor,BTQ-ZIG-05,Recharge Woyofal,Services,5140.0,3.0,Wave
T103594,2025-12-28,Kaolack,BTQ-KAO-01,Café Touba 250g,Alimentaire,1 160 FCFA,3.0,Espèces
T101317,16/12/2025,Saint-Louis,BTQ-SAI-03,Lait en poudre 400g,Alimentaire,2060.0,2.0,Espèces
T104241,16-04-2025,Thiès,BTQ-THI-04,Café Touba 250g,Alimentaire,1210.0,2.0,Espèces
T103178,2025-11-24,Saint-Louis,BTQ-SAI-03,Pain,Alimentaire,150.0,6.0,Espèces
T101178,2025-06-17,Saint-Louis,BTQ-SAI-01,Lait en poudre 400g,Alimentaire,2300.0,1.0,
T103171,2025-02-07,Thiès,BTQ-THI-02,Savon (lot de 4),Hygiène,970.0,5.0,Espèces
T103348,2025-11-26,Louga,BTQ-LOU-04,Pain,Alimentaire,150.0,1.0,Espèces
T101551,2025-07-25,Dakar,BTQ-DAK-02,Café Touba 250g,Alimentaire,1200.0,1.0,Wave
T104592,2025-06-24,ziguinchor,BTQ-ZIG-05,Cahier 200p,Fournitures,480.0,2.0,Orange Money
T101966,2025-11-12,Thiès,BTQ-THI-04,Stylo (lot de 10),Fournitures,1 570 FCFA,2.0,Wave
T102207,2025-11-16,Kaolack,BTQ-KAO-02,Javel 1L,Hygiène,610.0,5.0,
T102388,2025-08-15,Thiès,BTQ-THI-02,Café Touba 250g,Alimentaire,1190.0,4.0,Espèces
T100879,2025-05-30,St-Louis,BTQ-SAI-04,Stylo (lot de 10),Fournitures,1 550 FCFA,2.0,Orange Money
T103275,2025-07-12,Dakar,BTQ-DAK-05,Javel 1L,Hygiène,630.0,3.0,Wave
T100146,2025-07-10,Dakar,BTQ-DAK-05,Stylo (lot de 10),Fournitures,1380.0,3.0,Wave
T104420,2025-06-07,Louga,BTQ-LOU-02,Riz brisé 25kg,Alimentaire,11360.0,3.0,
T100663,2025-11-18,Kaolack,BTQ-KAO-04,Cahier 200p,Fournitures,540.0,3.0,Orange Money
T101617,2025-11-26,Dakar,BTQ-DAK-05,Crédit téléphone,Services,1 030 FCFA,1.0,Espèces
T100106,2025-09-29,Thiès,BTQ-THI-05,Cahier 200p,Fournitures,500.0,2.0,Wave
T101978,2025-04-01,Louga,BTQ-LOU-02,Lait en poudre 400g,Alimentaire,2 260 FCFA,1.0,Carte
T104625,2025-07-26,Dakar,BTQ-DAK-05,Cahier 200p,Fournitures,510.0,6.0,Wave
T101084,2025-02-12,Dakar,BTQ-DAK-01,Cahier 200p,Fournitures,480.0,2.0,Espèces
T102927,2025-05-24,Tambacounda,BTQ-TAM-05,Sucre 1kg,Alimentaire,720.0,3.0,Carte
T101118,2025-06-23,Dakar,BTQ-DAK-02,Savon (lot de 4),Hygiène,970.0,4.0,Wave
T100354,16-04-2025,Diourbel,BTQ-DIO-04,Stylo (lot de 10),Fournitures,1470.0,2.0,Wave
T100616,2025-11-25,Diourbel,BTQ-DIO-01,Lait en poudre 400g,Alimentaire,2380.0,4.0,Orange Money
T104791,2025-02-26,Dakar,BTQ-DAK-02,Café Touba 250g,Alimentaire,1220.0,4.0,Espèces
T104995,2025-12-16,Saint-Louis,BTQ-SAI-04,Pain,Alimentaire,150.0,4.0,Orange Money
T101485,2025-09-22,Dakar,BTQ-DAK-03,Café Touba 250g,Alimentaire,1120.0,4.0,Wave
T101214,2025-01-08,Saint-Louis,BTQ-SAI-03,Stylo (lot de 10),Fournitures,1620.0,7.0,Carte
T102665,09-12-2025,Dakar,BTQ-DAK-02,Stylo (lot de 10),Fournitures,1540.0,2.0,Espèces
T100690,2025-10-13,Ziguinchor,BTQ-ZIG-04,Huile 5L,Alimentaire,6720.0,3.0,Orange Money
T101182,2025-12-01,Kaolack,BTQ-KAO-05,Javel 1L,Hygiène,600 FCFA,2.0,Carte
T103876,2025-05-13,Saint-Louis,BTQ-SAI-02,Pain,Alimentaire,140.0,6.0,Wave
T104382,2025-05-24,Saint-Louis,BTQ-SAI-01,Café Touba 250g,Alimentaire,1170.0,3.0,Espèces
T100685,23/02/2025,Ziguinchor,BTQ-ZIG-04,Stylo (lot de 10),Fournitures,1550.0,3.0,Orange Money
T101639,2025-12-10,Diourbel,BTQ-DIO-05,Café Touba 250g,Alimentaire,1140.0,2.0,Orange Money
T103121,2025-02-04,Kaolack,BTQ-KAO-02,Huile 5L,Alimentaire,6500.0,2.0,Espèces
T102980,2025-06-08,Thiès,BTQ-THI-04,Recharge Woyofal,Services,4930.0,4.0,Espèces
T103538,2025-04-27,Diourbel,BTQ-DIO-01,Cahier 200p,Fournitures,510.0,4.0,Espèces
T102641,2025-05-07,Saint-Louis,BTQ-SAI-01,Lait en poudre 400g,Alimentaire,2300.0,4.0,Espèces
T103858,2025-04-29,Dakar,BTQ-DAK-04,Lait en poudre 400g,Alimentaire,2300.0,3.0,Wave
T104086,15-05-2025,Dakar,BTQ-DAK-03,Pain,Alimentaire,150.0,3.0,Wave
T102477,2025-06-12,Ziguinchor,BTQ-ZIG-05,Cahier 200p,Fournitures,500.0,3.0,Orange Money
T102764,2025-05-17,Kaolack,BTQ-KAO-04,Recharge Woyofal,Services,5360.0,2.0,Espèces
T103623,2025-09-02,Dakar,BTQ-DAK-02,Crédit téléphone,Services,1010.0,2.0,Orange Money
T103990,2025-02-11,Tambacounda,BTQ-TAM-02,Javel 1L,Hygiène,620.0,4.0,Wave
T104457,2025-05-01,Dakar,BTQ-DAK-03,Pain,Alimentaire,150.0,2.0,
T101283,2025-05-27,Dakar,BTQ-DAK-02,Stylo (lot de 10),Fournitures,1440.0,5.0,Wave
T102523,2025-09-07,Dakar,BTQ-DAK-04,Recharge Woyofal,Services,5040.0,2.0,Carte
T103804,07-02-2025,St-Louis,BTQ-SAI-03,Cahier 200p,Fournitures,520 FCFA,2.0,Wave
T104018,26/02/2025,Kaolack,BTQ-KAO-02,Huile 5L,Alimentaire,6290.0,2.0,Espèces
T101221,2025-11-28,Diourbel,BTQ-DIO-01,Café Touba 250g,Alimentaire,1250.0,3.0,Espèces
T102354,2025-02-25,Ziguinchor,BTQ-ZIG-03,Savon (lot de 4),Hygiène,970.0,3.0,Carte
T102619,25/04/2025,dakar,BTQ-DAK-01,Crédit téléphone,Services,1000.0,3.0,Orange Money
T104153,2025-06-12,Tambacounda,BTQ-TAM-01,Pain,Alimentaire,150.0,5.0,Orange Money
T104507,2025-06-14,Ziguinchor,BTQ-ZIG-04,Riz brisé 25kg,Alimentaire,12 650 FCFA,1.0,Espèces
T102365,2025-05-28,Saint-Louis,BTQ-SAI-03,Huile 5L,Alimentaire,6450.0,4.0,Espèces
T101292,2025-04-12,Dakar,BTQ-DAK-04,Crédit téléphone,Services,1010.0,6.0,Wave
T103212,15/08/2025,Dakar,BTQ-DAK-03,Café Touba 250g,Alimentaire,1200.0,2.0,Orange Money
T102878,2025-11-22,Kaolack,BTQ-KAO-02,Huile 5L,Alimentaire,6680.0,2.0,Espèces
T102693,2025-06-15,Thiès,BTQ-THI-04,Javel 1L,Hygiène,590.0,3.0,Orange Money
T101744,2025-06-13,Saint-Louis,BTQ-SAI-01,Stylo (lot de 10),Fournitures,1440.0,3.0,Espèces
T103653,2025-07-30,Tambacounda,BTQ-TAM-04,Pain,Alimentaire,150.0,4.0,Espèces
T100819,2025-09-28,Thiès,BTQ-THI-05,Pain,Alimentaire,150.0,3.0,Espèces
T104297,2025-11-07,Saint-Louis,BTQ-SAI-01,Huile 5L,Alimentaire,6460.0,2.0,Espèces
T104880,2025-04-04,Dakar,BTQ-DAK-05,Savon (lot de 4),Hygiène,1020.0,4.0,Orange Money
T102996,2025-07-08, Diourbel ,BTQ-DIO-03,Stylo (lot de 10),Fournitures,1500.0,4.0,Espèces
T101496,2025-04-23,Dakar,BTQ-DAK-03,Stylo (lot de 10),Fournitures,1530.0,3.0,Orange Money
T100821,2025-03-20,Ziguinchor,BTQ-ZIG-02,Sucre 1kg,Alimentaire,700 FCFA,2.0,Espèces
T102701,2025-02-24,Dakar,BTQ-DAK-03,Recharge Woyofal,Services,5310.0,4.0,Wave
T104738,2025-05-11,Diourbel,BTQ-DIO-03,Cahier 200p,Fournitures,470.0,1.0,Carte
T101092,2025-02-26,Kaolack,BTQ-KAO-03,Riz brisé 25kg,Alimentaire,12 990 FCFA,1.0,Espèces
T103410,2025-10-07,Thiès,BTQ-THI-01,Cahier 200p,Fournitures,490.0,3.0,Espèces
T104963,2025-02-15,Dakar,BTQ-DAK-02,Café Touba 250g,Alimentaire,1220.0,2.0,Wave
T104990,2025-09-04,Dakar,BTQ-DAK-03,Pain,Alimentaire,150 FCFA,6.0,Wave
T100059,2025-04-20,Diourbel,BTQ-DIO-03,Lait en poudre 400g,Alimentaire,2240.0,4.0,Wave
T103943,2025-07-24,Thiès,BTQ-THI-04,Savon (lot de 4),Hygiène,1020.0,1.0,Wave
T104055,2025-11-02,Dakar,BTQ-DAK-03,Savon (lot de 4),Hygiène,970.0,5.0,Wave
T101815,29/11/2025,Thiès,BTQ-THI-05,Café Touba 250g,Alimentaire,1 180 FCFA,1.0,Wave
T101764,2025-09-24,Saint-Louis,BTQ-SAI-01,Pain,Alimentaire,150.0,2.0,Espèces
T101211,05/07/2025,Dakar,BTQ-DAK-04,Café Touba 250g,Alimentaire,1 200 FCFA,2.0,Wave
T102703,2025-04-04,Thiès,BTQ-THI-04,Savon (lot de 4),Hygiène,950 FCFA,3.0,Espèces
T102344,2025-05-14,Dakar,BTQ-DAK-05,Riz brisé 25kg,Alimentaire,12090.0,3.0,Espèces
T100186,2025-03-31,Tambacounda,BTQ-TAM-01,Pain,Alimentaire,160.0,6.0,Wave
T104771,2025-11-04,Thiès,BTQ-THI-05,Savon (lot de 4),Hygiène,1010.0,2.0,Orange Money
T101991,2025-08-11,Kaolack,BTQ-KAO-03,Crédit téléphone,Services,1060.0,4.0,Wave
T101348,29/09/2025,Diourbel,BTQ-DIO-04,Pain,Alimentaire,150.0,5.0,Espèces
T100753,2025-11-22,Dakar,BTQ-DAK-04,Riz brisé 25kg,Alimentaire,12700.0,1.0,Wave
T100750,2025-12-02,Dakar,BTQ-DAK-04,Café Touba 250g,Alimentaire,1230.0,2.0,Wave
T100702,2025-10-16,Diourbel,BTQ-DIO-02,Stylo (lot de 10),Fournitures,1540.0,1.0,Espèces
T104188,2025-05-29,Tambacounda,BTQ-TAM-03,Sucre 1kg,Alimentaire,680 FCFA,2.0,Orange Money
T101712,2025-10-11,Diourbel,BTQ-DIO-04,Cahier 200p,Fournitures,530.0,1.0,Wave
T102888,2025-01-08,Thiès,BTQ-THI-05,Savon (lot de 4),Hygiène,940.0,4.0,Orange Money
T102832,2025-01-07,Thiès,BTQ-THI-01,Huile 5L,Alimentaire,6770.0,2.0,Espèces
T102792,2025-05-26,Diourbel,BTQ-DIO-02,Recharge Woyofal,Services,4980.0,3.0,Espèces
T103728,2025-05-03,Saint-Louis,BTQ-SAI-01,Javel 1L,Hygiène,650.0,2.0,Wave
T104984,2025-03-28,Thiès,BTQ-THI-04,Riz brisé 25kg,Alimentaire,13480.0,2.0,
T104386,15-12-2025,Diourbel,BTQ-DIO-05,Crédit téléphone,Services,990.0,2.0,Wave
T100524,2025-03-26,Dakar,BTQ-DAK-04,Savon (lot de 4),Hygiène,1030.0,4.0,Espèces
T103788,2025-06-10,Diourbel,BTQ-DIO-02,Crédit téléphone,Services,980.0,1.0,Espèces
T102481,2025-10-09,Louga,BTQ-LOU-05,Sucre 1kg,Alimentaire,690.0,3.0,Wave
T102979,2025-06-17,Diourbel,BTQ-DIO-04,Javel 1L,Hygiène,560.0,4.0,Orange Money
T102682,2025-09-11,Louga,BTQ-LOU-02,Cahier 200p,Fournitures,500 FCFA,6.0,Orange Money
T103869,2025-04-22,Ziguinchor,BTQ-ZIG-05,Sucre 1kg,Alimentaire,710.0,5.0,
T102536,2025-02-18,Saint-Louis,BTQ-SAI-05,Recharge Woyofal,Services,5 280 FCFA,5.0,Espèces
T101647,2025-10-04,Dakar,BTQ-DAK-03,Recharge Woyofal,Services,4780.0,2.0,Espèces
T102673,05-07-2025,Diourbel,BTQ-DIO-01,Recharge Woyofal,Services,5150.0,2.0,Espèces
T103239,2025-08-22,Louga,BTQ-LOU-02,Riz brisé 25kg,Alimentaire,12450.0,1.0,Orange Money
T103369,2025-03-28,Louga,BTQ-LOU-02,Stylo (lot de 10),Fournitures,1460.0,3.0,Espèces
T102425,2025-07-22,Dakar,BTQ-DAK-01,Crédit téléphone,Services,1040.0,3.0,Espèces
T104096,2025-11-24,Diourbel,BTQ-DIO-04,Sucre 1kg,Alimentaire,720.0,3.0,Orange Money
T103371,2025-07-15,Dakar,BTQ-DAK-04,Crédit téléphone,Services,990.0,3.0,Espèces
T102702,2025-01-06,St-Louis,BTQ-SAI-04,Riz brisé 25kg,Alimentaire,12 180 FCFA,1.0,Espèces
T104095,2025-07-17,Louga,BTQ-LOU-05,Javel 1L,Hygiène,600 FCFA,3.0,Espèces
T102717,2025-10-13,Louga,BTQ-LOU-01,Stylo (lot de 10),Fournitures,1480.0,3.0,Wave
T100850,2025-12-02,Ziguinchor,BTQ-ZIG-04,Pain,Alimentaire,150 FCFA,2.0,Orange Money
T103297,2025-06-12,Thiès,BTQ-THI-03,Pain,Alimentaire,150.0,3.0,Wave
T101599,2025-04-14,Louga,BTQ-LOU-01,Crédit téléphone,Services,980.0,2.0,Wave
T104092,2025-05-30,Saint-Louis,BTQ-SAI-04,Pain,Alimentaire,150.0,2.0,Espèces
T100576,2025-04-23,Saint-Louis,BTQ-SAI-04,Lait en poudre 400g,Alimentaire,2 090 FCFA,3.0,Espèces
T103092,2025-05-28,Ziguinchor,BTQ-ZIG-02,Recharge Woyofal,Services,5010.0,2.0,Espèces
T104807,04/11/2025,Ziguinchor,BTQ-ZIG-04,Lait en poudre 400g,Alimentaire,2360.0,6.0,Espèces
T103516,2025-05-22,Kaolack,BTQ-KAO-04,Lait en poudre 400g,Alimentaire,2330.0,3.0,Orange Money
T102149,2025-05-10,Kaolack,BTQ-KAO-04,Café Touba 250g,Alimentaire,1190.0,2.0,Orange Money
T102650,2025-01-20,Tambacounda,BTQ-TAM-01,Recharge Woyofal,Services,5080.0,,Wave
T100784,2025-04-12,Ziguinchor,BTQ-ZIG-01,Recharge Woyofal,Services,4 760 FCFA,2.0,Espèces
T101535,2025-12-09,Dakar,BTQ-DAK-04,Savon (lot de 4),Hygiène,940.0,5.0,Wave
T101075,2025-02-10,Dakar,BTQ-DAK-05,Lait en poudre 400g,Alimentaire,2 120 FCFA,4.0,Orange Money
T101844,2025-06-17,Dakar,BTQ-DAK-02,Crédit téléphone,Services,960.0,4.0,Wave
T101476,2025-05-25,Dakar,BTQ-DAK-04,Recharge Woyofal,Services,5100.0,3.0,
T104030,2025-08-01,Ziguinchor,BTQ-ZIG-03,Recharge Woyofal,Services,5310.0,2.0,Orange Money
T100099,2025-07-20,Dakar,BTQ-DAK-03,Huile 5L,Alimentaire,6 430 FCFA,2.0,Wave
T101326,30-01-2025,DIOURBEL,BTQ-DIO-05,Crédit téléphone,Services,1010.0,4.0,Carte
T104665,2025-11-06,Kaolack,BTQ-KAO-03,Riz brisé 25kg,Alimentaire,12 860 FCFA,2.0,Espèces
T104490,2025-06-01,Dakar,BTQ-DAK-04,Sucre 1kg,Alimentaire,730.0,250.0,
T100852,2025-07-30,Thiès,BTQ-THI-03,Sucre 1kg,Alimentaire,720.0,2.0,Wave
T104393,2025-01-09,Diourbel,BTQ-DIO-02,Huile 5L,Alimentaire,6380.0,3.0,Wave
T101899,2025-04-08,Tambacounda,BTQ-TAM-02,Crédit téléphone,Services,1000.0,2.0,Wave
T103828,2025-11-29,ziguinchor,BTQ-ZIG-05,Javel 1L,Hygiène,660 FCFA,3.0,Orange Money
T100356,2025-04-20,dakar,BTQ-DAK-02,Stylo (lot de 10),Fournitures,1590.0,5.0,Wave
T102590,2025-08-07,Ziguinchor,BTQ-ZIG-05,Sucre 1kg,Alimentaire,700.0,2.0,Espèces
T100963,26-05-2025,Diourbel,BTQ-DIO-02,Crédit téléphone,Services,950.0,2.0,
T103903,2025-11-28,Diourbel,BTQ-DIO-03,Pain,Alimentaire,150.0,5.0,Espèces
T100246,2025-10-11,Kaolack,BTQ-KAO-01,Crédit téléphone,Services,1010.0,3.0,Orange Money
T101034,2025-04-28,Saint-Louis,BTQ-SAI-03,Pain,Alimentaire,150.0,2.0,Wave
T103651,2025-08-03,Dakar,BTQ-DAK-05,Lait en poudre 400g,Alimentaire,2250.0,2.0,Orange Money
T100477,2025-05-14,Dakar,BTQ-DAK-03,Savon (lot de 4),Hygiène,960.0,4.0,Espèces
T102324,2025-02-21,Dakar,BTQ-DAK-04,Riz brisé 25kg,Alimentaire,13280.0,3.0,Espèces
T100904,2025-11-16,Dakar,BTQ-DAK-04,Café Touba 250g,Alimentaire,1200.0,,Espèces
T104391,2025-11-03,Kaolack,BTQ-KAO-01,Savon (lot de 4),Hygiène,980.0,4.0,
T100694,2025-07-27,Tambacounda,BTQ-TAM-02,Stylo (lot de 10),Fournitures,1420.0,3.0,Espèces
T102661,2025-12-02,Dakar,BTQ-DAK-03,Café Touba 250g,Alimentaire,1180.0,6.0,Wave
T104433,15-10-2025,Dakar,BTQ-DAK-03,Cahier 200p,Fournitures,500.0,3.0,Carte
T104801,2025-07-23,Tambacounda,BTQ-TAM-01,Stylo (lot de 10),Fournitures,1540.0,2.0,Wave
T102433,2025-02-04,Ziguinchor,BTQ-ZIG-02,Recharge Woyofal,Services,5160.0,1.0,Carte
T100324,2025-02-26,saint-louis,BTQ-SAI-02,Café Touba 250g,Alimentaire,1150.0,1.0,Espèces
T103026,2025-03-17,Dakar,BTQ-DAK-02,Cahier 200p,Fournitures,500.0,4.0,Espèces
T103724,2025-07-04,Saint-Louis,BTQ-SAI-03,Café Touba 250g,Alimentaire,1 210 FCFA,3.0,
T103304,2025-11-29,Thiès,BTQ-THI-01,Pain,Alimentaire,150 FCFA,2.0,Orange Money
T102009,2025-09-16,Diourbel,BTQ-DIO-01,Riz brisé 25kg,Alimentaire,12050.0,6.0,Orange Money
T100462,2025-01-10,Dakar,BTQ-DAK-01,Javel 1L,Hygiène,600.0,2.0,Wave
T102886,2025-06-12,Ziguinchor,BTQ-ZIG-01,Pain,Alimentaire,150.0,3.0,Espèces
T100541,2025-01-17,Tambacounda,BTQ-TAM-03,Café Touba 250g,Alimentaire,1290.0,1.0,Espèces
T104538,2025-11-21,Louga,BTQ-LOU-01,Sucre 1kg,Alimentaire,720.0,2.0,Espèces
T100954,2025-12-05,Tambacounda,BTQ-TAM-04,Javel 1L,Hygiène,530.0,1.0,Espèces
T100340,13-05-2025,Kaolack,BTQ-KAO-02,Recharge Woyofal,Services,4900.0,2.0,Espèces
T104198,2025-01-21,Diourbel,BTQ-DIO-04,Pain,Alimentaire,160 FCFA,3.0,
T103487,2025-10-22,Thiès,BTQ-THI-05,Huile 5L,Alimentaire,6060.0,1.0,Wave
T101071,2025-03-02,Tambacounda,BTQ-TAM-01,Crédit téléphone,Services,990.0,,Espèces
T101621,2025-04-25,Thiès,BTQ-THI-01,Savon (lot de 4),Hygiène,1 040 FCFA,4.0,Wave
T100583,2025-05-09,Dakar,BTQ-DAK-03,Recharge Woyofal,Services,4810.0,,Wave
T101534,17/06/2025,Dakar,BTQ-DAK-01,Sucre 1kg,Alimentaire,680.0,6.0,Espèces
T103794,2025-05-03,St-Louis,BTQ-SAI-03,Savon (lot de 4),Hygiène,1010.0,5.0,Espèces
T101700,2025-09-23,Ziguinchor,BTQ-ZIG-02,Recharge Woyofal,Services,4910.0,4.0,Orange Money
T101054,2025-05-25,Tambacounda,BTQ-TAM-03,Lait en poudre 400g,Alimentaire,2290.0,2.0,Wave
T103766,2025-03-02,Diourbel,BTQ-DIO-02,Javel 1L,Hygiène,580.0,1.0,Espèces
T102018,2025-06-25,LOUGA,BTQ-LOU-02,Riz brisé 25kg,Alimentaire,13160.0,2.0,Orange Money
T103938,2025-10-14,Louga,BTQ-LOU-05,Huile 5L,Alimentaire,6400.0,2.0,Carte
T103015,2025-02-24,Diourbel,BTQ-DIO-05,Sucre 1kg,Alimentaire,700.0,3.0,Espèces
T103735,2025-06-28,Diourbel,BTQ-DIO-01,Riz brisé 25kg,Alimentaire,12490.0,5.0,Espèces
T104164,2025-02-02,Dakar,BTQ-DAK-04,Crédit téléphone,Services,950.0,4.0,Wave
T101026,2025-04-18,Thiès,BTQ-THI-02,Javel 1L,Hygiène,550.0,7.0,Wave
T101166,2025-02-14,Diourbel,BTQ-DIO-02,Riz brisé 25kg,Alimentaire,13160.0,3.0,Wave
T102752,2025-01-10,tambacounda,BTQ-TAM-05,Riz brisé 25kg,Alimentaire,12810.0,2.0,Wave
T103686,20/01/2025,Thiès,BTQ-THI-04,Riz brisé 25kg,Alimentaire,12 430 FCFA,6.0,Espèces
T101132,2025-01-29,Dakar,BTQ-DAK-04,Savon (lot de 4),Hygiène,1010.0,2.0,Espèces
T103947,2025-09-13,Dakar,BTQ-DAK-04,Pain,Alimentaire,140.0,,Espèces
T102844,2025-04-18,Kaolack,BTQ-KAO-02,Savon (lot de 4),Hygiène,1000.0,5.0,Espèces
T102423,2025-12-28,Dakar,BTQ-DAK-02,Café Touba 250g,Alimentaire,1260.0,1.0,Espèces
T101748,2025-01-05,St-Louis,BTQ-SAI-02,Savon (lot de 4),Hygiène,1020.0,2.0,Wave
T101888,2025-12-26,Kaolack,BTQ-KAO-05,Cahier 200p,Fournitures,480.0,5.0,Carte
T101711,2025-07-29,Dakar,BTQ-DAK-02,Recharge Woyofal,Services,5040.0,1.0,
T103159,2025-04-18,ZIGUINCHOR,BTQ-ZIG-03,Pain,Alimentaire,150.0,5.0,Wave
T100410,2025-08-28,Dakar,BTQ-DAK-02,Café Touba 250g,Alimentaire,1210.0,4.0,Espèces
T100895,2025-03-22,Ziguinchor,BTQ-ZIG-02,Riz brisé 25kg,Alimentaire,12500.0,1.0,Wave
T100613,2025-07-26,Diourbel,BTQ-DIO-01,Recharge Woyofal,Services,5160.0,3.0,Espèces
T103359,2025-04-22,Diourbel,BTQ-DIO-01,Recharge Woyofal,Services,4660.0,2.0,Espèces
T103747,2025-10-20,Kaolack,BTQ-KAO-04,Lait en poudre 400g,Alimentaire,2310.0,5.0,Wave
T101980,05/07/2025,Kaolack,BTQ-KAO-04,Recharge Woyofal,Services,5300.0,2.0,Wave
T102004,2025-09-05,Kaolack,BTQ-KAO-04,Crédit téléphone,Services,1020.0,2.0,Wave
T102660,2025-01-06,Ziguinchor,BTQ-ZIG-04,Javel 1L,Hygiène,610.0,5.0,Espèces
T102909,2025-01-21,Diourbel,BTQ-DIO-03,Riz brisé 25kg,Alimentaire,11940.0,3.0,Espèces
T102855,2025-12-14,Kaolack,BTQ-KAO-03,Javel 1L,Hygiène,580.0,3.0,Orange Money
T101857,2025-07-27, Ziguinchor ,BTQ-ZIG-02,Javel 1L,Hygiène,620.0,5.0,Espèces
T100978,2025-01-04,Ziguinchor,BTQ-ZIG-04,Lait en poudre 400g,Alimentaire,2210.0,2.0,Wave
T102630,2025-11-25, Dakar ,BTQ-DAK-01,Recharge Woyofal,Services,4640.0,7.0,Espèces
T102561,2025-12-12,Kaolack,BTQ-KAO-05,Riz brisé 25kg,Alimentaire,13030.0,2.0,Wave
T100909,2025-05-01,Dakar,BTQ-DAK-02,Stylo (lot de 10),Fournitures,1 450 FCFA,2.0,Wave
T103498,2025-05-23,Dakar,BTQ-DAK-05,Lait en poudre 400g,Alimentaire,2330.0,5.0,Espèces
T100790,2025-04-24,Dakar,BTQ-DAK-03,Stylo (lot de 10),Fournitures,1470.0,2.0,Espèces
T104621,2025-10-03,Thiès,BTQ-THI-04,Sucre 1kg,Alimentaire,670.0,1.0,Wave
T102282,2025-06-24,Dakar,BTQ-DAK-02,Huile 5L,Alimentaire,6 060 FCFA,1.0,Orange Money
T103610,2025-08-29,Louga,BTQ-LOU-03,Sucre 1kg,Alimentaire,770.0,3.0,Orange Money
T101594,2025-07-23,Dakar,BTQ-DAK-04,Savon (lot de 4),Hygiène,990.0,4.0,Orange Money
T104747,2025-11-09,Ziguinchor,BTQ-ZIG-05,Cahier 200p,Fournitures,510.0,1.0,Wave
T100334,2025-07-29,Diourbel,BTQ-DIO-02,Sucre 1kg,Alimentaire,700 FCFA,8.0,Espèces
T100799,2025-08-09,Thiès,BTQ-THI-04,Savon (lot de 4),Hygiène,970.0,3.0,Orange Money
T102729,2025-08-17,Thiès,BTQ-THI-04,Cahier 200p,Fournitures,520.0,3.0,Wave
T100892,2025-01-13,Saint-Louis,BTQ-SAI-01,Recharge Woyofal,Services,4930.0,2.0,Orange Money
T103210,2025-10-27,Tambacounda,BTQ-TAM-03,Riz brisé 25kg,Alimentaire,13940.0,3.0,Espèces
T101770,2025-11-20,Dakar,BTQ-DAK-04,Cahier 200p,Fournitures,510.0,2.0,Wave
T100141,2025-07-26, Diourbel ,BTQ-DIO-05,Pain,Alimentaire,160.0,3.0,
T101126,2025-06-27,Dakar,BTQ-DAK-03,Javel 1L,Hygiène,630.0,2.0,Orange Money
T103124,2025-10-20,Diourbel,BTQ-DIO-02,Crédit téléphone,Services,930.0,3.0,Orange Money
T103230,2025-08-07,saint-louis,BTQ-SAI-05,Crédit téléphone,Services,950.0,2.0,Wave
T100037,12-04-2025,Louga,BTQ-LOU-02,Stylo (lot de 10),Fournitures,1600.0,,Wave
T103829,2025-03-07,Diourbel,BTQ-DIO-03,Savon (lot de 4),Hygiène,970.0,2.0,Wave
T100034,2025-06-17,Diourbel,BTQ-DIO-04,Pain,Alimentaire,150.0,3.0,Wave
T103961,2025-12-31,Louga,BTQ-LOU-04,Huile 5L,Alimentaire,6200.0,2.0,Espèces
T103540,2025-03-21,Louga,BTQ-LOU-01,Recharge Woyofal,Services,4800.0,2.0,Espèces
T102373,2025-12-26,Thiès,BTQ-THI-05,Cahier 200p,Fournitures,500.0,1.0,Espèces
T104027,2025-04-17,Ziguinchor,BTQ-ZIG-05,Huile 5L,Alimentaire,6660.0,6.0,Wave
T100612,2025-01-16,Tambacounda,BTQ-TAM-04,Café Touba 250g,Alimentaire,1310.0,2.0,Wave
T100180,2025-04-21, Dakar ,BTQ-DAK-03,Crédit téléphone,Services,930.0,1.0,Wave
T101915,2025-12-20,Tambacounda,BTQ-TAM-03,Recharge Woyofal,Services,5060.0,1.0,Espèces
T102825,2025-01-20,Dakar,BTQ-DAK-04,Lait en poudre 400g,Alimentaire,2410.0,3.0,Wave
T103914,2025-08-18,Diourbel,BTQ-DIO-01,Javel 1L,Hygiène,600.0,5.0,Wave
T103957,2025-09-16,Kaolack,BTQ-KAO-03,Savon (lot de 4),Hygiène,990.0,5.0,Espèces
T101885,2025-09-09,Louga,BTQ-LOU-04,Pain,Alimentaire,140.0,1.0,Espèces
T101987,2025-09-27,Dakar,BTQ-DAK-05,Café Touba 250g,Alimentaire,1210.0,1.0,Espèces
T102718,2025-05-09,Dakar,BTQ-DAK-04,Savon (lot de 4),Hygiène,1040.0,3.0,Wave
T100467,2025-07-27,Louga,BTQ-LOU-01,Pain,Alimentaire,150.0,3.0,Wave
T101399,2025-09-16,Diourbel,BTQ-DIO-05,Riz brisé 25kg,Alimentaire,12 070 FCFA,6.0,Wave
T100736,2025-04-22,Saint-Louis,BTQ-SAI-02,Recharge Woyofal,Services,4 970 FCFA,2.0,Wave
T102021,2025-09-20,Dakar,BTQ-DAK-01,Sucre 1kg,Alimentaire,640 FCFA,3.0,Espèces
T103605,25-12-2025,Saint-Louis,BTQ-SAI-04,Crédit téléphone,Services,1060.0,3.0,
T100194,2025-10-15,Kaolack,BTQ-KAO-03,Huile 5L,Alimentaire,6740.0,1.0,Espèces
T101683,2025-06-17,Saint-Louis,BTQ-SAI-03,Javel 1L,Hygiène,590.0,3.0,Orange Money
T100315,2025-06-04, Dakar ,BTQ-DAK-02,Huile 5L,Alimentaire,6410.0,3.0,Carte
T104467,2025-12-06,Dakar,BTQ-DAK-01,Javel 1L,Hygiène,590.0,2.0,Orange Money
T102317,2025-01-10,Diourbel,BTQ-DIO-01,Lait en poudre 400g,Alimentaire,2410.0,,Orange Money
T101571,2025-10-17,Dakar,BTQ-DAK-01,Savon (lot de 4),Hygiène,1020.0,2.0,Orange Money
T104214,2025-08-21,Tambacounda,BTQ-TAM-03,Stylo (lot de 10),Fournitures,1540.0,2.0,Espèces
T103278,2025-09-18,Ziguinchor,BTQ-ZIG-05,Stylo (lot de 10),Fournitures,1500.0,3.0,Orange Money
T104494,2025-01-17,Louga,BTQ-LOU-01,Huile 5L,Alimentaire,6530.0,2.0,Orange Money
T100335,2025-01-12, Thiès ,BTQ-THI-04,Riz brisé 25kg,Alimentaire,11550.0,2.0,Wave
T103437,2025-03-16,Dakar,BTQ-DAK-05,Pain,Alimentaire,160.0,2.0,Espèces
T102150,2025-10-22,Ziguinchor,BTQ-ZIG-01,Javel 1L,Hygiène,610.0,2.0,Espèces
T103367,2025-04-10,Thiès,BTQ-THI-04,Stylo (lot de 10),Fournitures,1 490 FCFA,2.0,Wave
T103360,2025-11-09,Ziguinchor,BTQ-ZIG-04,Crédit téléphone,Services,950.0,3.0,Espèces
T102588,2025-05-28,Diourbel,BTQ-DIO-05,Riz brisé 25kg,Alimentaire,13100.0,2.0,Wave
T104779,2025-04-29,Dakar,BTQ-DAK-02,Sucre 1kg,Alimentaire,740 FCFA,2.0,Orange Money
T102763,19-09-2025,Tambacounda,BTQ-TAM-01,Javel 1L,Hygiène,550.0,2.0,Espèces
T101962,2025-02-02,Dakar,BTQ-DAK-02,Café Touba 250g,Alimentaire,1120.0,3.0,Wave
T102730,2025-02-11,St-Louis,BTQ-SAI-04,Savon (lot de 4),Hygiène,1010.0,,
T102593,2025-03-25,Kaolack,BTQ-KAO-05,Huile 5L,Alimentaire,6510.0,2.0,Espèces
T103273,14/10/2025,Dakar,BTQ-DAK-03,Javel 1L,Hygiène,580.0,5.0,Espèces
T100716,2025-05-05,Dakar,BTQ-DAK-05,Riz brisé 25kg,Alimentaire,13100.0,3.0,Wave
T104269,2025-11-15,Kaolack,BTQ-KAO-05,Cahier 200p,Fournitures,480 FCFA,2.0,Espèces
T101207,2025-05-29,Kaolack,BTQ-KAO-04,Crédit téléphone,Services,1060.0,2.0,Orange Money
T101750,2025-11-02,Dakar,BTQ-DAK-04,Cahier 200p,Fournitures,530.0,1.0,Espèces
T101511,2025-01-31,Ziguinchor,BTQ-ZIG-02,Recharge Woyofal,Services,4900.0,3.0,Wave
T100776,2025-07-14,Diourbel,BTQ-DIO-05,Riz brisé 25kg,Alimentaire,12810.0,5.0,Wave
T102209,2025-10-06,Saint-Louis,BTQ-SAI-01,Cahier 200p,Fournitures,500.0,2.0,Espèces
T103341,2025-01-05,Dakar,BTQ-DAK-02,Stylo (lot de 10),Fournitures,1460.0,2.0,
T100640,2025-05-15,Kaolack,BTQ-KAO-02,Sucre 1kg,Alimentaire,690.0,2.0,Orange Money
T102446,2025-08-11,Diourbel,BTQ-DIO-02,Café Touba 250g,Alimentaire,1110.0,2.0,Wave
T101752,2025-01-08, Dakar ,BTQ-DAK-03,Huile 5L,Alimentaire,6520.0,2.0,Espèces
T104471,2025-03-10,Kaolack,BTQ-KAO-01,Riz brisé 25kg,Alimentaire,12720.0,2.0,Espèces
T100502,2025-01-11,Dakar,BTQ-DAK-02,Riz brisé 25kg,Alimentaire,12240.0,3.0,Wave
T103857,2025-07-31,Kaolack,BTQ-KAO-01,Recharge Woyofal,Services,5050.0,1.0,Orange Money
T103864,2025-11-01,Ziguinchor,BTQ-ZIG-03,Pain,Alimentaire,150.0,2.0,Espèces
T104131,2025-04-08,Kaolack,BTQ-KAO-04,Recharge Woyofal,Services,5120.0,5.0,Espèces
T100346,2025-09-09,Ziguinchor,BTQ-ZIG-01,Javel 1L,Hygiène,560.0,3.0,Espèces
T101309,2025-11-28,Louga,BTQ-LOU-03,Stylo (lot de 10),Fournitures,1480.0,3.0,Espèces
T104724,2025-12-10,Louga,BTQ-LOU-03,Stylo (lot de 10),Fournitures,1470.0,3.0,Espèces
T103071,2025-04-13,Ziguinchor,BTQ-ZIG-02,Lait en poudre 400g,Alimentaire,2200.0,5.0,Wave
T102162,2025-08-03,Louga,BTQ-LOU-01,Riz brisé 25kg,Alimentaire,12310.0,4.0,Espèces
T103334,2025-08-05,Ziguinchor,BTQ-ZIG-04,Javel 1L,Hygiène,600.0,,Espèces
T100884,2025-08-13,Dakar,BTQ-DAK-01,Stylo (lot de 10),Fournitures,1440.0,4.0,Orange Money
T104429,2025-02-13,Dakar,BTQ-DAK-01,Pain,Alimentaire,150.0,,Espèces
T104121,2025-09-20,Dakar,BTQ-DAK-03,Savon (lot de 4),Hygiène,1010.0,5.0,Orange Money
T100390,2025-01-10,Diourbel,BTQ-DIO-05,Savon (lot de 4),Hygiène,940 FCFA,2.0,Espèces
T100510,2025-11-19,Thiès,BTQ-THI-04,Pain,Alimentaire,160.0,2.0,Espèces
T101386,2025-08-24,St-Louis,BTQ-SAI-04,Recharge Woyofal,Services,5200.0,2.0,Espèces
T101508,2025-08-16,Diourbel,BTQ-DIO-05,Recharge Woyofal,Services,5270.0,2.0,Espèces
T101860,2025-11-01,Kaolack,BTQ-KAO-04,Javel 1L,Hygiène,640.0,5.0,
T104994,2025-10-01,Thiès,BTQ-THI-04,Savon (lot de 4),Hygiène,930 FCFA,4.0,Orange Money
T104435,14-10-2025,Dakar,BTQ-DAK-03,Lait en poudre 400g,Alimentaire,2180.0,6.0,Espèces
T101910,2025-11-10,Diourbel,BTQ-DIO-05,Javel 1L,Hygiène,590.0,2.0,Orange Money
T103571,2025-10-16,Ziguinchor,BTQ-ZIG-04,Recharge Woyofal,Services,5130.0,,Orange Money
T102343,2025-08-20,Kaolack,BTQ-KAO-03,Savon (lot de 4),Hygiène,1050.0,4.0,Wave
T100732,2025-08-02,Louga,BTQ-LOU-01,Cahier 200p,Fournitures,490.0,3.0,Espèces
T101458,2025-04-04,St-Louis,BTQ-SAI-03,Crédit téléphone,Services,1 000 FCFA,3.0,Espèces
T102748,2025-05-08,Kaolack,BTQ-KAO-01,Cahier 200p,Fournitures,470.0,2.0,Wave
T102337,2025-02-05,Thiès,BTQ-THI-05,Stylo (lot de 10),Fournitures,1500.0,4.0,Espèces
T103438,09/05/2025,Dakar,BTQ-DAK-02,Savon (lot de 4),Hygiène,990.0,4.0,
T100342,2025-03-06,Diourbel,BTQ-DIO-05,Café Touba 250g,Alimentaire,1140.0,3.0,Wave
T100109,21/06/2025,Saint-Louis,BTQ-SAI-01,Savon (lot de 4),Hygiène,1010.0,4.0,Wave
T100862,23/09/2025,Ziguinchor,BTQ-ZIG-05,Savon (lot de 4),Hygiène,960.0,1.0,Orange Money
T100505,2025-02-10,Dakar,BTQ-DAK-01,Pain,Alimentaire,150.0,4.0,Espèces
T101719,2025-05-20,Dakar,BTQ-DAK-01,Huile 5L,Alimentaire,6 390 FCFA,1.0,Orange Money
T101529,2025-12-15,Dakar,BTQ-DAK-04,Savon (lot de 4),Hygiène,980.0,2.0,Espèces
T104761,2025-12-01,Diourbel,BTQ-DIO-04,Recharge Woyofal,Services,5060.0,2.0,Wave
T103291,12/10/2025,Louga,BTQ-LOU-04,Lait en poudre 400g,Alimentaire,2310.0,3.0,Espèces
T104868,2025-03-24,Thiès,BTQ-THI-03,Crédit téléphone,Services,1000.0,4.0,Wave
T102573,2025-09-17,Dakar,BTQ-DAK-02,Pain,Alimentaire,140.0,4.0,Orange Money
T100350,24-07-2025,Thiès,BTQ-THI-05,Huile 5L,Alimentaire,6600.0,3.0,Orange Money
T104357,2025-06-17,Dakar,BTQ-DAK-05,Pain,Alimentaire,150.0,3.0,Orange Money
T102182,2025-04-14,Thiès,BTQ-THI-02,Javel 1L,Hygiène,580 FCFA,2.0,Wave
T103802,2025-11-04,thiès,BTQ-THI-03,Savon (lot de 4),Hygiène,970.0,6.0,Orange Money
T103537,2025-03-09,Tambacounda,BTQ-TAM-04,Pain,Alimentaire,160.0,1.0,Orange Money
T102662,2025-05-29,Kaolack,BTQ-KAO-02,Crédit téléphone,Services,990.0,3.0,
T104477,2025-02-06,Dakar,BTQ-DAK-05,Recharge Woyofal,Services,4770.0,5.0,Espèces
T100426,2025-09-13,Louga,BTQ-LOU-04,Pain,Alimentaire,150.0,2.0,Wave
T101972,2025-09-25,Louga,BTQ-LOU-05,Lait en poudre 400g,Alimentaire,2350.0,5.0,Espèces
T104215,29/05/2025,Kaolack,BTQ-KAO-02,Riz brisé 25kg,Alimentaire,12720.0,3.0,Orange Money
T103238,2025-07-28,Saint-Louis,BTQ-SAI-05,Cahier 200p,Fournitures,520.0,3.0,
T101073,2025-07-17,Tambacounda,BTQ-TAM-04,Crédit téléphone,Services,990.0,2.0,Espèces
T100257,22-06-2025,Dakar,BTQ-DAK-04,Javel 1L,Hygiène,570.0,7.0,Espèces
T104619,2025-05-31,Ziguinchor,BTQ-ZIG-01,Cahier 200p,Fournitures,520.0,2.0,Espèces
T100050,2025-12-28,Saint-Louis,BTQ-SAI-02,Savon (lot de 4),Hygiène,1010.0,5.0,Wave
T104113,2025-10-02,Tambacounda,BTQ-TAM-05,Crédit téléphone,Services,1010.0,2.0,Carte
T102288,2025-11-28,Dakar,BTQ-DAK-01,Stylo (lot de 10),Fournitures,1520.0,4.0,Wave
T103447,2025-06-20,Kaolack,BTQ-KAO-03,Crédit téléphone,Services,960 FCFA,5.0,Espèces
T104025,2025-02-28,Saint-Louis,BTQ-SAI-04,Lait en poudre 400g,Alimentaire,2240.0,4.0,Espèces
T103953,2025-12-20,Kaolack,BTQ-KAO-01,Sucre 1kg,Alimentaire,720.0,3.0,Wave
T101443,2025-08-26,Thiès,BTQ-THI-02,Riz brisé 25kg,Alimentaire,12960.0,4.0,Orange Money
T103376,2025-04-27,Saint-Louis,BTQ-SAI-05,Crédit téléphone,Services,1030.0,5.0,Espèces
T102202,2025-01-11,Kaolack,BTQ-KAO-04,Sucre 1kg,Alimentaire,710.0,3.0,Orange Money
T104206,2025-03-01,Ziguinchor,BTQ-ZIG-01,Crédit téléphone,Services,1000.0,3.0,Espèces
T100358,02-12-2025,dakar,BTQ-DAK-03,Lait en poudre 400g,Alimentaire,2260.0,2.0,Wave
T101395,2025-07-15,Tambacounda,BTQ-TAM-01,Cahier 200p,Fournitures,510.0,3.0,Wave
T102219,2025-03-16,Saint-Louis,BTQ-SAI-01,Riz brisé 25kg,Alimentaire,13580.0,1.0,Orange Money
T104562,2025-05-21,Thiès,BTQ-THI-02,Pain,Alimentaire,150.0,2.0,Espèces
T103168,2025-09-24,Diourbel,BTQ-DIO-05,Javel 1L,Hygiène,630.0,3.0,Espèces
T103622,2025-02-06,Dakar,BTQ-DAK-01,Café Touba 250g,Alimentaire,1 220 FCFA,3.0,Espèces
T104071,13-05-2025,Ziguinchor,BTQ-ZIG-04,Sucre 1kg,Alimentaire,730.0,2.0,Wave
T100434,2025-05-25,Dakar,BTQ-DAK-02,Café Touba 250g,Alimentaire,1190.0,7.0,Wave
T101774,25/10/2025,Thiès,BTQ-THI-03,Stylo (lot de 10),Fournitures,1460.0,2.0,Espèces
T103531,2025-10-24,Ziguinchor,BTQ-ZIG-02,Javel 1L,Hygiène,590.0,1.0,Espèces
T101345,2025-10-11,Louga,BTQ-LOU-04,Sucre 1kg,Alimentaire,730.0,3.0,
T104582,2025-03-16,Dakar,BTQ-DAK-05,Pain,Alimentaire,150.0,3.0,Orange Money
T101303,2025-12-05,Diourbel,BTQ-DIO-03,Javel 1L,Hygiène,610.0,3.0,
T101515,2025-11-03,Dakar,BTQ-DAK-01,Pain,Alimentaire,150 FCFA,7.0,Orange Money
T102460,2025-02-21,Saint-Louis,BTQ-SAI-03,Pain,Alimentaire,160.0,3.0,Espèces
T104256,2025-11-19,Ziguinchor,BTQ-ZIG-04,Sucre 1kg,Alimentaire,730 FCFA,3.0,Orange Money
T100054,2025-06-24,Kaolack,BTQ-KAO-02,Javel 1L,Hygiène,600.0,1.0,Wave
T100289,2025-12-18,Thiès,BTQ-THI-03,Riz brisé 25kg,Alimentaire,12160.0,4.0,
T102131,2025-11-02,Dakar,BTQ-DAK-05,Recharge Woyofal,Services,4680.0,3.0,Espèces
T102127,2025-10-23,Thiès,BTQ-THI-04,Savon (lot de 4),Hygiène,990.0,5.0,Wave
T102879,2025-03-01,Louga,BTQ-LOU-02,Javel 1L,Hygiène,560.0,5.0,Orange Money
T104337,2025-04-04,Ziguinchor,BTQ-ZIG-03,Crédit téléphone,Services,940 FCFA,1.0,Espèces
T103211,2025-09-25,Thiès,BTQ-THI-04,Café Touba 250g,Alimentaire,1180.0,5.0,Espèces
T103965,2025-05-21,Diourbel,BTQ-DIO-03,Café Touba 250g,Alimentaire,1130.0,1.0,Espèces
T103099,24-03-2025,Kaolack,BTQ-KAO-01,Savon (lot de 4),Hygiène,950.0,2.0,Espèces
T100733,15-11-2025,Dakar,BTQ-DAK-01,Café Touba 250g,Alimentaire,1120.0,4.0,Espèces
T102245,2025-12-03,Dakar,BTQ-DAK-03,Huile 5L,Alimentaire,6170.0,4.0,Wave
T103066,2025-12-13,Tambacounda,BTQ-TAM-02,Savon (lot de 4),Hygiène,1050.0,6.0,Wave
T102358,2025-07-19,Diourbel,BTQ-DIO-02,Stylo (lot de 10),Fournitures,1550.0,3.0,Orange Money
T101942,2025-08-17,Diourbel,,Javel 1L,Hygiène,630.0,1.0,Espèces
T104069,2025-03-11,Dakar,BTQ-DAK-01,Crédit téléphone,Services,950.0,2.0,Espèces
T100087,2025-09-13,Tambacounda,BTQ-TAM-02,Huile 5L,Alimentaire,6200.0,3.0,Espèces
T101227,2025-09-07,Ziguinchor,BTQ-ZIG-04,Pain,Alimentaire,150.0,3.0,Espèces
T104805,2025-03-16,Diourbel,BTQ-DIO-02,Café Touba 250g,Alimentaire,1200.0,2.0,Wave
T100780,01/08/2025,Louga,BTQ-LOU-03,Stylo (lot de 10),Fournitures,1450.0,2.0,Carte
T100828,2025-06-10,Dakar,BTQ-DAK-01,Lait en poudre 400g,Alimentaire,2340.0,,Wave
T104543,2025-12-27,Kaolack,BTQ-KAO-03,Riz brisé 25kg,Alimentaire,12290.0,4.0,Espèces
T102744,2025-12-10,Dakar,BTQ-DAK-02,Pain,Alimentaire,150.0,1.0,Espèces
T103294,2025-08-29,Dakar,BTQ-DAK-03,Recharge Woyofal,Services,4430.0,4.0,Espèces
T102240,2025-12-09,Dakar,BTQ-DAK-01,Sucre 1kg,Alimentaire,680.0,2.0,Orange Money
T102095,2025-01-29,Dakar,BTQ-DAK-05,Lait en poudre 400g,Alimentaire,2400.0,2.0,Wave
T102099,2025-11-23,Diourbel,BTQ-DIO-03,Savon (lot de 4),Hygiène,970.0,3.0,Orange Money
T100711,2025-08-30,Tambacounda,BTQ-TAM-01,Javel 1L,Hygiène,600.0,4.0,Orange Money
T100636,2025-07-20,Thiès,BTQ-THI-03,Stylo (lot de 10),Fournitures,1440.0,3.0,Espèces
T104912,26/10/2025,Dakar,BTQ-DAK-05,Huile 5L,Alimentaire,6 610 FCFA,1.0,Orange Money
T104982,2025-07-28,Dakar,BTQ-DAK-01,Javel 1L,Hygiène,590.0,2.0,Espèces
T100992,2025-08-14,Kaolack,,Savon (lot de 4),Hygiène,1010.0,1.0,Espèces
T103448,10/04/2025,Diourbel,BTQ-DIO-04,Huile 5L,Alimentaire,6 890 FCFA,,Espèces
T102417,2025-04-25,Kaolack,BTQ-KAO-05,Lait en poudre 400g,Alimentaire,2240.0,2.0,Wave
T101720,2025-03-02,Kaolack,BTQ-KAO-01,Sucre 1kg,Alimentaire,710.0,2.0,Orange Money
T104919,2025-03-08,Dakar,BTQ-DAK-03,Huile 5L,Alimentaire,6 830 FCFA,2.0,Wave
T100675,2025-06-19, Louga ,BTQ-LOU-03,Cahier 200p,Fournitures,480.0,4.0,Carte
T101718,2025-10-07,Ziguinchor,BTQ-ZIG-05,Riz brisé 25kg,Alimentaire,12880.0,4.0,Espèces
T101560,2025-07-18,Diourbel,BTQ-DIO-04,Javel 1L,Hygiène,590 FCFA,3.0,Wave
T103937,2025-01-11,Dakar,BTQ-DAK-01,Crédit téléphone,Services,980.0,3.0,Wave
T101247,2025-06-13,Louga,BTQ-LOU-02,Cahier 200p,Fournitures,500.0,3.0,Orange Money
T101650,2025-03-22,Saint-Louis,BTQ-SAI-05,Lait en poudre 400g,Alimentaire,2430.0,3.0,Wave
T104169,2025-07-22,Diourbel,BTQ-DIO-02,Lait en poudre 400g,Alimentaire,2190.0,4.0,Carte
T104924,2025-02-04,Tambacounda,BTQ-TAM-05,Sucre 1kg,Alimentaire,720.0,3.0,Espèces
T100144,2025-03-11,Diourbel,BTQ-DIO-05,Cahier 200p,Fournitures,480 FCFA,2.0,Wave
T100007,2025-05-16,Thiès,BTQ-THI-02,Recharge Woyofal,Services,4730.0,5.0,Wave
T100651,2025-09-30,Dakar,BTQ-DAK-02,Javel 1L,Hygiène,610.0,2.0,Espèces
T103187,2025-09-28,Louga,BTQ-LOU-05,Pain,Alimentaire,150.0,3.0,Espèces
T103714,2025-12-12,Tambacounda,BTQ-TAM-01,Sucre 1kg,Alimentaire,670.0,1.0,Espèces
T100091,2025-06-29, Dakar ,BTQ-DAK-04,Huile 5L,Alimentaire,6600.0,2.0,Orange Money
T100163,03/09/2025,Dakar,BTQ-DAK-04,Pain,Alimentaire,160.0,4.0,Espèces
T101658,2025-09-07,Saint-Louis,BTQ-SAI-05,Lait en poudre 400g,Alimentaire,2240.0,2.0,Espèces
T103267,2025-03-21,Tambacounda,BTQ-TAM-01,Savon (lot de 4),Hygiène,990 FCFA,2.0,Carte
T103768,2025-10-17,Dakar,BTQ-DAK-01,Stylo (lot de 10),Fournitures,1470.0,3.0,
T103023,2025-12-09,Dakar,BTQ-DAK-05,Sucre 1kg,Alimentaire,710.0,5.0,Orange Money
T104219,2025-10-12,Tambacounda,BTQ-TAM-01,Café Touba 250g,Alimentaire,1280.0,2.0,Wave
T102178,2025-01-25,Tambacounda,BTQ-TAM-04,Cahier 200p,Fournitures,500.0,3.0,Espèces
T100492,2025-02-13,Diourbel,BTQ-DIO-05,Lait en poudre 400g,Alimentaire,2340.0,,Wave
T100452,2025-07-09,Ziguinchor,BTQ-ZIG-05,Cahier 200p,Fournitures,490.0,4.0,Orange Money
T100713,2025-04-17,Dakar,BTQ-DAK-03,Cahier 200p,Fournitures,480.0,3.0,Espèces
T103114,2025-03-06,Kaolack,BTQ-KAO-02,Stylo (lot de 10),Fournitures,1450.0,2.0,
T104947,2025-11-04,Dakar,BTQ-DAK-02,Crédit téléphone,Services,970.0,1.0,Wave
T104293,10-02-2025,KAOLACK,BTQ-KAO-05,Crédit téléphone,Services,970 FCFA,5.0,Espèces
T104911,08-11-2025, Ziguinchor ,BTQ-ZIG-03,Sucre 1kg,Alimentaire,680.0,3.0,
T102291,2025-09-13,Dakar,BTQ-DAK-04,Stylo (lot de 10),Fournitures,1540.0,4.0,Wave
T102553,2025-03-22,Dakar,BTQ-DAK-04,Cahier 200p,Fournitures,490 FCFA,1.0,Carte
T103723,2025-06-28,Diourbel,BTQ-DIO-04,Riz brisé 25kg,Alimentaire,13430.0,1.0,Espèces
T100769,2025-06-08,Kaolack,BTQ-KAO-02,Café Touba 250g,Alimentaire,1140.0,4.0,Wave
T103589,2025-12-21,Dakar,BTQ-DAK-03,Javel 1L,Hygiène,600.0,3.0,Wave
T101765,2025-11-11,Dakar,BTQ-DAK-02,Café Touba 250g,Alimentaire,1190.0,3.0,Espèces
T101922,2025-12-03,KAOLACK,BTQ-KAO-03,Pain,Alimentaire,150.0,6.0,Carte
T102285,2025-11-18,Dakar,BTQ-DAK-01,Pain,Alimentaire,160.0,2.0,Espèces
T100808,2025-07-20,Thiès,BTQ-THI-01,Sucre 1kg,Alimentaire,680.0,6.0,Wave
T103865,2025-08-05,Dakar,BTQ-DAK-01,Pain,Alimentaire,150.0,3.0,Wave
T102332,2025-12-25,Dakar,BTQ-DAK-03,Huile 5L,Alimentaire,6710.0,3.0,
T102041,2025-05-27,Thiès,BTQ-THI-04,Lait en poudre 400g,Alimentaire,2280.0,1.0,Espèces
T101726,2025-04-06,Dakar,BTQ-DAK-05,Cahier 200p,Fournitures,490.0,3.0,Wave
T104468,2025-12-19,Kaolack,BTQ-KAO-03,Lait en poudre 400g,Alimentaire,2420.0,5.0,Wave
T101414,2025-09-19,Kaolack,BTQ-KAO-03,Savon (lot de 4),Hygiène,1020.0,2.0,Wave
T102974,2025-08-11,Kaolack,BTQ-KAO-05,Recharge Woyofal,Services,5200.0,5.0,Espèces
T104009,13/12/2025,DAKAR,BTQ-DAK-05,Huile 5L,Alimentaire,6690.0,3.0,
T104289,2025-11-02,Kaolack,BTQ-KAO-01,Savon (lot de 4),Hygiène,1030.0,4.0,Wave
T102780,2025-11-29,Dakar,BTQ-DAK-02,Lait en poudre 400g,Alimentaire,2300.0,3.0,Wave
T104833,2025-06-10,Kaolack,BTQ-KAO-04,Sucre 1kg,Alimentaire,730.0,2.0,Espèces
T102321,22/04/2025,Dakar,BTQ-DAK-02,Javel 1L,Hygiène,580.0,2.0,Espèces
T100764,17-12-2025,Thiès,BTQ-THI-01,Cahier 200p,Fournitures,540.0,1.0,Espèces
T104179,2025-07-30,Dakar,BTQ-DAK-01,Stylo (lot de 10),Fournitures,1410.0,2.0,Espèces
T101181,2025-06-14,Saint-Louis,BTQ-SAI-04,Cahier 200p,Fournitures,540.0,3.0,Wave
T101827,2025-05-23,Dakar,BTQ-DAK-02,Huile 5L,Alimentaire,6800.0,1.0,Carte
T104446,2025-03-18,Louga,BTQ-LOU-02,Savon (lot de 4),Hygiène,1000.0,2.0,
T101715,2025-09-24,Dakar,BTQ-DAK-01,Stylo (lot de 10),Fournitures,1 410 FCFA,5.0,Orange Money
T101064,2025-10-12,Diourbel,BTQ-DIO-05,Café Touba 250g,Alimentaire,1190.0,6.0,Espèces
T104336,2025-03-19,Kaolack,BTQ-KAO-01,Sucre 1kg,Alimentaire,700.0,5.0,Espèces
T100348,2025-01-12,Diourbel,BTQ-DIO-02,Riz brisé 25kg,Alimentaire,12 110 FCFA,2.0,Orange Money
T100906,30-04-2025,Diourbel,BTQ-DIO-02,Huile 5L,Alimentaire,6280.0,3.0,Espèces
T102345,2025-11-06,Diourbel,BTQ-DIO-02,Pain,Alimentaire,160.0,1.0,Wave
T104972,2025-06-19,Dakar,BTQ-DAK-04,Lait en poudre 400g,Alimentaire,2 290 FCFA,5.0,Wave
T102991,2025-06-28,Dakar,BTQ-DAK-04,Riz brisé 25kg,Alimentaire,12110.0,1.0,Wave
T101268,2025-01-27,Diourbel,BTQ-DIO-05,Recharge Woyofal,Services,4950.0,3.0,Espèces
T102382,11/05/2025,Ziguinchor,BTQ-ZIG-05,Javel 1L,Hygiène,550.0,4.0,Carte
T102795,2025-09-10,Thiès,BTQ-THI-03,Recharge Woyofal,Services,4860.0,2.0,Wave
T100311,2025-02-16, Louga ,BTQ-LOU-02,Javel 1L,Hygiène,600.0,1.0,Orange Money
T102397,2025-02-08,St-Louis,BTQ-SAI-03,Recharge Woyofal,Services,4960.0,3.0,Espèces
T103733,2025-11-07,Tambacounda,BTQ-TAM-05,Stylo (lot de 10),Fournitures,1 420 FCFA,4.0,Wave
T101580,2025-07-09,Dakar,BTQ-DAK-03,Stylo (lot de 10),Fournitures,1430.0,1.0,Wave
T101495,2025-02-13,Kaolack,BTQ-KAO-02,Crédit téléphone,Services,1000.0,2.0,Espèces
T103995,2025-05-10,Tambacounda,BTQ-TAM-02,Riz brisé 25kg,Alimentaire,12150.0,5.0,Espèces
T103870,2025-06-30,Diourbel,BTQ-DIO-05,Javel 1L,Hygiène,620.0,3.0,Espèces
T104731,2025-12-07,Tambacounda,,Riz brisé 25kg,Alimentaire,12 750 FCFA,,Espèces
T102479,2025-08-02,Diourbel,BTQ-DIO-02,Sucre 1kg,Alimentaire,700.0,2.0,Wave
T103598,2025-05-17,Dakar,BTQ-DAK-03,Recharge Woyofal,Services,4900.0,2.0,Wave
T103126,2025-01-01,Diourbel,BTQ-DIO-02,Lait en poudre 400g,Alimentaire,2320.0,2.0,Espèces
T101299,2025-02-17,Dakar,BTQ-DAK-01,Savon (lot de 4),Hygiène,1 020 FCFA,1.0,Carte
T104961,2025-07-19,diourbel,BTQ-DIO-03,Stylo (lot de 10),Fournitures,1490.0,4.0,Espèces
T101721,2025-08-20,Saint-Louis,BTQ-SAI-04,Savon (lot de 4),Hygiène,960.0,1.0,Wave
T103107,2025-09-14,Thiès,BTQ-THI-04,Javel 1L,Hygiène,590.0,1.0,Espèces
T101730,2025-05-17,Thiès,BTQ-THI-04,Lait en poudre 400g,Alimentaire,2150.0,2.0,Orange Money
T101005,2025-11-23,Dakar,BTQ-DAK-01,Javel 1L,Hygiène,590.0,1.0,Espèces
T102901,2025-06-13,tambacounda,BTQ-TAM-05,Huile 5L,Alimentaire,6460.0,3.0,
T102885,2025-02-02,Diourbel,BTQ-DIO-03,Recharge Woyofal,Services,5050.0,4.0,Orange Money
T104270,2025-05-29,Dakar,BTQ-DAK-04,Crédit téléphone,Services,980.0,4.0,Espèces
T104003,2025-12-25,Dakar,BTQ-DAK-03,Pain,Alimentaire,160.0,6.0,Espèces
T101258,16-10-2025, Dakar ,BTQ-DAK-05,Riz brisé 25kg,Alimentaire,12290.0,1.0,Orange Money
T104636,2025-08-06,Dakar,BTQ-DAK-05,Savon (lot de 4),Hygiène,940.0,5.0,Espèces
T104753,2025-05-02,Dakar,BTQ-DAK-05,Recharge Woyofal,Services,5240.0,2.0,Wave
T102540,2025-10-13,Thiès,BTQ-THI-05,Huile 5L,Alimentaire,6350.0,5.0,Espèces
T103271,2025-04-21,Dakar,BTQ-DAK-02,Recharge Woyofal,Services,4920.0,2.0,Espèces
T102792,2025-05-26,Diourbel,BTQ-DIO-02,Recharge Woyofal,Services,4980.0,3.0,Espèces
T103921,2025-12-22,Dakar,BTQ-DAK-05,Savon (lot de 4),Hygiène,1020.0,4.0,Espèces
T104723,2025-10-07,Dakar,BTQ-DAK-05,Cahier 200p,Fournitures,520.0,5.0,Espèces
T103357,2025-03-07,Dakar,BTQ-DAK-04,Crédit téléphone,Services,980.0,1.0,
T101083,2025-11-06,Kaolack,BTQ-KAO-04,Javel 1L,Hygiène,600.0,7.0,Wave
T101365,2025-10-10,Thiès,BTQ-THI-04,Crédit téléphone,Services,1010.0,4.0,Espèces
T103582,2025-08-11,Saint-Louis,BTQ-SAI-02,Lait en poudre 400g,Alimentaire,2440.0,3.0,Wave
T104781,2025-10-29,Dakar,BTQ-DAK-02,Cahier 200p,Fournitures,500 FCFA,2.0,Espèces
T104292,2025-02-28,Ziguinchor,BTQ-ZIG-03,Sucre 1kg,Alimentaire,720.0,3.0,Wave
T104581,2025-06-05,Louga,BTQ-LOU-04,Riz brisé 25kg,Alimentaire,12800.0,5.0,Espèces
T101109,2025-08-08,DIOURBEL,BTQ-DIO-02,Sucre 1kg,Alimentaire,730.0,3.0,Wave
T101336,2025-08-03,Thiès,BTQ-THI-01,Savon (lot de 4),Hygiène,980.0,1.0,Orange Money
T104897,2025-07-11,Kaolack,BTQ-KAO-03,Huile 5L,Alimentaire,6 800 FCFA,3.0,Wave
T104903,2025-07-11,Dakar,BTQ-DAK-05,Pain,Alimentaire,150 FCFA,3.0,Wave
T104939,2025-08-25,DAKAR,BTQ-DAK-05,Café Touba 250g,Alimentaire,1200.0,3.0,Espèces
T101147,2025-08-03,Dakar,,Cahier 200p,Fournitures,490 FCFA,2.0,Espèces
T101000,2025-06-16,Dakar,BTQ-DAK-01,Recharge Woyofal,Services,4740.0,3.0,Wave
T104863,2025-03-05,Louga,BTQ-LOU-03,Javel 1L,Hygiène,570.0,5.0,Espèces
T103003,03/08/2025,Diourbel,BTQ-DIO-04,Savon (lot de 4),Hygiène,1020.0,3.0,Orange Money
T102261,2025-11-10,Thiès,BTQ-THI-03,Savon (lot de 4),Hygiène,980.0,2.0,Orange Money
T101798,2025-07-02,Diourbel,BTQ-DIO-03,Pain,Alimentaire,140.0,2.0,Orange Money
T100637,2025-02-05,Dakar,BTQ-DAK-02,Sucre 1kg,Alimentaire,710 FCFA,2.0,Espèces
T103574,2025-09-02,Tambacounda,BTQ-TAM-05,Huile 5L,Alimentaire,6310.0,5.0,Wave
T101341,2025-12-31,Dakar,BTQ-DAK-03,Crédit téléphone,Services,980.0,5.0,
T100880,2025-06-05,Thiès,BTQ-THI-01,Recharge Woyofal,Services,4960.0,3.0,Espèces
T103062,2025-01-05,Diourbel,BTQ-DIO-05,Crédit téléphone,Services,1080.0,3.0,Espèces
T104224,2025-08-26,dakar,BTQ-DAK-04,Sucre 1kg,Alimentaire,730 FCFA,3.0,Espèces
T104884,2025-03-14,Thiès,BTQ-THI-04,Stylo (lot de 10),Fournitures,1560.0,4.0,Wave
T100482,04-01-2025,Dakar,BTQ-DAK-03,Crédit téléphone,Services,960.0,4.0,Espèces
T101900,2025-02-06,Kaolack,BTQ-KAO-04,Riz brisé 25kg,Alimentaire,12120.0,3.0,Wave
T103132,2025-01-16,Tambacounda,BTQ-TAM-01,Javel 1L,Hygiène,590.0,3.0,Wave
T101796,2025-04-26,Kaolack,BTQ-KAO-03,Riz brisé 25kg,Alimentaire,12600.0,3.0,Espèces
T101152,2025-04-11,Dakar,BTQ-DAK-05,Café Touba 250g,Alimentaire,1240.0,2.0,Espèces
T104149,2025-11-14,Dakar,BTQ-DAK-05,Café Touba 250g,Alimentaire,1 220 FCFA,4.0,Wave
T101672,28/10/2025,Ziguinchor,BTQ-ZIG-04,Javel 1L,Hygiène,570.0,3.0,Wave
T101255,2025-10-07,Dakar,BTQ-DAK-01,Javel 1L,Hygiène,590 FCFA,2.0,Wave
T102897,2025-12-07,ZIGUINCHOR,BTQ-ZIG-05,Sucre 1kg,Alimentaire,700.0,5.0,Espèces
T101439,2025-02-05,Dakar,BTQ-DAK-04,Crédit téléphone,Services,980.0,4.0,Wave
T100459,2025-11-20,Tambacounda,BTQ-TAM-01,Javel 1L,Hygiène,610.0,4.0,Wave
T104848,2025-09-06,Tambacounda,BTQ-TAM-05,Lait en poudre 400g,Alimentaire,2270.0,2.0,Wave
T101432,2025-12-12,Louga,BTQ-LOU-03,Lait en poudre 400g,Alimentaire,2310.0,2.0,Espèces
T104264,09/12/2025, Dakar ,BTQ-DAK-01,Lait en poudre 400g,Alimentaire,2170.0,1.0,
T104332,2025-03-09,Kaolack,BTQ-KAO-03,Savon (lot de 4),Hygiène,1 010 FCFA,3.0,Orange Money
T100695,2025-03-15,Thiès,BTQ-THI-02,Riz brisé 25kg,Alimentaire,13010.0,2.0,Espèces
T104265,2025-08-21,Ziguinchor,BTQ-ZIG-01,Cahier 200p,Fournitures,550.0,3.0,Wave
T100542,2025-01-22,Louga,BTQ-LOU-02,Huile 5L,Alimentaire,6350.0,3.0,Orange Money
T102302,2025-10-13,St-Louis,BTQ-SAI-02,Savon (lot de 4),Hygiène,970.0,7.0,Espèces
T104331,2025-11-04,Dakar,BTQ-DAK-04,Crédit téléphone,Services,1020.0,2.0,Wave
T101506,2025-12-18,Saint-Louis,BTQ-SAI-04,Javel 1L,Hygiène,580.0,2.0,Espèces
T102407,2025-08-31,Thiès,BTQ-THI-02,Cahier 200p,Fournitures,500.0,4.0,Orange Money
T100597,06-07-2025,Thiès,BTQ-THI-01,Javel 1L,Hygiène,640.0,2.0,Wave
T103988,14/09/2025,Kaolack,,Huile 5L,Alimentaire,6930.0,2.0,Espèces
T100678,2025-12-10,Dakar,BTQ-DAK-04,Cahier 200p,Fournitures,500.0,2.0,Espèces
T103362,2025-10-13,Dakar,,Stylo (lot de 10),Fournitures,1 450 FCFA,,Orange Money
T102759,09-01-2025,Saint-Louis,BTQ-SAI-02,Javel 1L,Hygiène,580.0,1.0,Wave
T104349,17/04/2025,Kaolack,BTQ-KAO-05,Crédit téléphone,Services,1 000 FCFA,3.0,Orange Money
T102818,2025-08-30,Diourbel,BTQ-DIO-02,Lait en poudre 400g,Alimentaire,2400.0,3.0,Carte
T100775,2025-12-06,Diourbel,BTQ-DIO-03,Crédit téléphone,Services,950.0,6.0,Espèces
T100859,2025-11-18,Diourbel,BTQ-DIO-03,Cahier 200p,Fournitures,490 FCFA,2.0,Orange Money
T101921,2025-10-03,Louga,BTQ-LOU-04,Riz brisé 25kg,Alimentaire,11610.0,4.0,Espèces
T103899,2025-08-27,Dakar,BTQ-DAK-04,Pain,Alimentaire,150.0,1.0,Orange Money
T104524,06/03/2025,Saint-Louis,BTQ-SAI-02,Cahier 200p,Fournitures,470.0,4.0,Wave
T101346,2025-03-06,Dakar,BTQ-DAK-02,Riz brisé 25kg,Alimentaire,13070.0,2.0,Orange Money
T100569,2025-11-21,Thiès,BTQ-THI-02,Crédit téléphone,Services,1090.0,3.0,Wave
T100174,2025-07-22, Thiès ,BTQ-THI-03,Huile 5L,Alimentaire,6830.0,1.0,Espèces
T103080,2025-04-13,Saint-Louis,BTQ-SAI-01,Sucre 1kg,Alimentaire,760.0,2.0,Wave
T101492,2025-04-01,Thiès,BTQ-THI-02,Savon (lot de 4),Hygiène,990 FCFA,3.0,Espèces
T102414,2025-11-20,KAOLACK,BTQ-KAO-04,Sucre 1kg,Alimentaire,680.0,4.0,Espèces
T103051,2025-09-06,Tambacounda,BTQ-TAM-04,Crédit téléphone,Services,1010.0,1.0,Orange Money
T101088,2025-11-25,THIÈS,BTQ-THI-03,Lait en poudre 400g,Alimentaire,2270.0,2.0,Orange Money
T103710,2025-11-18,Tambacounda,BTQ-TAM-02,Recharge Woyofal,Services,4860.0,,Wave
T100136,2025-09-13,Louga,BTQ-LOU-05,Pain,Alimentaire,150.0,4.0,Espèces
T100015,2025-03-06,St-Louis,BTQ-SAI-02,Huile 5L,Alimentaire,6540.0,3.0,Wave
T100568,2025-02-21,Tambacounda,BTQ-TAM-03,Pain,Alimentaire,150 FCFA,3.0,Espèces
T103180,30-03-2025,Ziguinchor,BTQ-ZIG-03,Riz brisé 25kg,Alimentaire,12400.0,2.0,Espèces
T103599,2025-11-05,Diourbel,BTQ-DIO-02,Savon (lot de 4),Hygiène,1040.0,3.0,Espèces
T102716,2025-05-28,Diourbel,BTQ-DIO-01,Cahier 200p,Fournitures,490.0,4.0,Orange Money
T101340,2025-11-03,Dakar,BTQ-DAK-02,Lait en poudre 400g,Alimentaire,2300.0,3.0,
T100610,14/04/2025,Ziguinchor,BTQ-ZIG-03,Lait en poudre 400g,Alimentaire,2 250 FCFA,3.0,Orange Money
T102089,2025-11-19,Diourbel,BTQ-DIO-04,Huile 5L,Alimentaire,6580.0,1.0,Espèces
T103031,2025-03-23,Dakar,BTQ-DAK-05,Café Touba 250g,Alimentaire,1270.0,2.0,Wave
T101593,21-05-2025,Dakar,BTQ-DAK-02,Recharge Woyofal,Services,4790.0,2.0,Wave
T102342,2025-08-02,Tambacounda,BTQ-TAM-01,Huile 5L,Alimentaire,6940.0,2.0,
T104327,2025-02-19,Dakar,BTQ-DAK-05,Savon (lot de 4),Hygiène,1020.0,4.0,Espèces
T104367,2025-02-24,Tambacounda,BTQ-TAM-03,Sucre 1kg,Alimentaire,690.0,2.0,Espèces
T102583,2025-04-14,Kaolack,BTQ-KAO-03,Riz brisé 25kg,Alimentaire,12840.0,6.0,Carte
T101678,2025-08-01,Thiès,BTQ-THI-01,Stylo (lot de 10),Fournitures,1400.0,3.0,Wave
T103076,2025-06-27,Kaolack,BTQ-KAO-03,Riz brisé 25kg,Alimentaire,12080.0,1.0,Orange Money
T102677,06-01-2025, Diourbel ,BTQ-DIO-02,Café Touba 250g,Alimentaire,1190.0,3.0,Espèces
T102484,28/11/2025, Tambacounda ,BTQ-TAM-01,Sucre 1kg,Alimentaire,730 FCFA,3.0,Wave
T104152,2025-11-26,Louga,BTQ-LOU-03,Recharge Woyofal,Services,4940.0,6.0,
T100056,2025-04-30,Dakar,BTQ-DAK-01,Riz brisé 25kg,Alimentaire,13180.0,5.0,Orange Money
T103931,02/08/2025,Dakar,BTQ-DAK-01,Crédit téléphone,Services,960.0,2.0,Wave
T103740,2025-07-10,Diourbel,BTQ-DIO-04,Huile 5L,Alimentaire,6700.0,2.0,Wave
T102739,2025-04-26,Kaolack,BTQ-KAO-01,Savon (lot de 4),Hygiène,1010.0,4.0,Wave
T101893,09-05-2025,Dakar,BTQ-DAK-03,Lait en poudre 400g,Alimentaire,2 340 FCFA,1.0,Orange Money
T104094,2025-12-04,Ziguinchor,BTQ-ZIG-03,Pain,Alimentaire,150.0,4.0,Carte
T102997,2025-05-16,Diourbel,BTQ-DIO-02,Café Touba 250g,Alimentaire,1170.0,3.0,
T102834,2025-04-29,Dakar,BTQ-DAK-02,Savon (lot de 4),Hygiène,950.0,3.0,
T103434,18/01/2025,Dakar,BTQ-DAK-02,Riz brisé 25kg,Alimentaire,12550.0,3.0,Espèces
T100117,2025-01-01,Saint-Louis,BTQ-SAI-03,Cahier 200p,Fournitures,500.0,3.0,Orange Money
T102247,2025-03-16,Dakar,BTQ-DAK-04,Javel 1L,Hygiène,590.0,3.0,Espèces
T103050,2025-02-04,St-Louis,BTQ-SAI-01,Recharge Woyofal,Services,4960.0,1.0,Espèces
T101393,2025-10-06,Kaolack,BTQ-KAO-04,Savon (lot de 4),Hygiène,980.0,2.0,Carte
T100300,2025-01-22,Kaolack,BTQ-KAO-03,Recharge Woyofal,Services,5120.0,4.0,Espèces
T103101,10-04-2025,Thiès,BTQ-THI-03,Recharge Woyofal,Services,5160.0,5.0,Wave
T103184,2025-08-30,Ziguinchor,BTQ-ZIG-03,Crédit téléphone,Services,1000.0,3.0,Orange Money
T100587,2025-06-07,LOUGA,BTQ-LOU-04,Lait en poudre 400g,Alimentaire,2190.0,1.0,Espèces
T103974,2025-04-16,Saint-Louis,BTQ-SAI-03,Crédit téléphone,Services,1030.0,1.0,Espèces
T100873,2025-10-14,Dakar,BTQ-DAK-03,Cahier 200p,Fournitures,520.0,2.0,
T104622,2025-07-27,Dakar,BTQ-DAK-04,Riz brisé 25kg,Alimentaire,12600.0,5.0,Espèces
T100035,2025-05-04,Diourbel,BTQ-DIO-05,Crédit téléphone,Services,990.0,3.0,Orange Money
T100756,2025-10-23,St-Louis,BTQ-SAI-03,Lait en poudre 400g,Alimentaire,2320.0,1.0,Wave
T101934,2025-06-03,Dakar,BTQ-DAK-02,Huile 5L,Alimentaire,6720.0,4.0,Orange Money
T101129,2025-06-03,Kaolack,BTQ-KAO-05,Stylo (lot de 10),Fournitures,1490.0,4.0,Espèces
T104132,2025-03-13,Diourbel,BTQ-DIO-03,Stylo (lot de 10),Fournitures,1460.0,2.0,Wave
T104869,2025-09-19,Dakar,BTQ-DAK-02,Sucre 1kg,Alimentaire,690.0,6.0,Espèces
T102722,2025-05-01,Diourbel,BTQ-DIO-01,Javel 1L,Hygiène,600.0,4.0,Espèces
T104649,2025-06-06,ziguinchor,BTQ-ZIG-04,Pain,Alimentaire,160.0,3.0,Wave
T103994,2025-11-03,Dakar,BTQ-DAK-05,Sucre 1kg,Alimentaire,700.0,4.0,Orange Money
T104321,2025-07-04,Thiès,BTQ-THI-04,Savon (lot de 4),Hygiène,990.0,2.0,Espèces
T101631,2025-02-22,Thiès,BTQ-THI-04,Savon (lot de 4),Hygiène,1010.0,1.0,Espèces
T102891,2025-08-22,Tambacounda,BTQ-TAM-01,Stylo (lot de 10),Fournitures,1490.0,2.0,Espèces
T102450,2025-12-28,Louga,BTQ-LOU-03,Stylo (lot de 10),Fournitures,1550.0,5.0,Espèces
T103597,2025-04-02,Kaolack,BTQ-KAO-01,Sucre 1kg,Alimentaire,720.0,2.0,Wave
T101992,2025-06-24,Thiès,BTQ-THI-05,Cahier 200p,Fournitures,520.0,3.0,Espèces
T101873,2025-06-30,Saint-Louis,BTQ-SAI-05,Riz brisé 25kg,Alimentaire,12160.0,,Espèces
T102628,2025-01-25,Dakar,BTQ-DAK-02,Crédit téléphone,Services,980.0,3.0,Espèces
T103276,2025-08-09,TAMBACOUNDA,BTQ-TAM-04,Sucre 1kg,Alimentaire,670.0,3.0,Wave
T100115,01/06/2025,Dakar,BTQ-DAK-01,Lait en poudre 400g,Alimentaire,2400.0,3.0,Wave
T100192,2025-01-26,Dakar,BTQ-DAK-04,Recharge Woyofal,Services,4960.0,2.0,Espèces
T100660,2025-05-29,Thiès,BTQ-THI-05,Savon (lot de 4),Hygiène,950.0,,Espèces
T101644,2025-08-30,Dakar,BTQ-DAK-02,Javel 1L,Hygiène,600.0,2.0,Espèces
T100827,2025-09-09,DAKAR,BTQ-DAK-01,Cahier 200p,Fournitures,530.0,2.0,Wave
T101611,2025-06-08,Louga,BTQ-LOU-01,Stylo (lot de 10),Fournitures,1630.0,1.0,Orange Money
T104221,2025-08-30,Saint-Louis,BTQ-SAI-02,Riz brisé 25kg,Alimentaire,13060.0,3.0,Wave
T103640,2025-02-11,Louga,BTQ-LOU-05,Javel 1L,Hygiène,590.0,,Espèces
T104887,2025-06-25,Saint-Louis,BTQ-SAI-01,Crédit téléphone,Services,970 FCFA,3.0,Espèces
T100062,2025-12-08,Kaolack,BTQ-KAO-02,Lait en poudre 400g,Alimentaire,2 320 FCFA,5.0,Wave
T104867,2025-08-06,tambacounda,BTQ-TAM-03,Crédit téléphone,Services,930.0,4.0,
T100655,2025-06-23,Tambacounda,BTQ-TAM-02,Crédit téléphone,Services,990.0,2.0,
T104615,2025-03-17,Kaolack,BTQ-KAO-02,Riz brisé 25kg,Alimentaire,12330.0,3.0,Espèces
T102426,2025-12-02,Diourbel,BTQ-DIO-04,Javel 1L,Hygiène,580.0,2.0,Carte
T101559,2025-12-19,Louga,BTQ-LOU-02,Huile 5L,Alimentaire,6680.0,5.0,Espèces
T101170,2025-01-13,Dakar,BTQ-DAK-01,Riz brisé 25kg,Alimentaire,11890.0,3.0,Wave
T101225,2025-10-22,Tambacounda,BTQ-TAM-01,Huile 5L,Alimentaire,6630.0,3.0,Orange Money
T104062,2025-11-24,Dakar,BTQ-DAK-03,Crédit téléphone,Services,1000.0,,Wave
T100044,2025-04-09,Kaolack,BTQ-KAO-01,Huile 5L,Alimentaire,6550.0,2.0,Espèces
T103712,2025-03-29,Thiès,BTQ-THI-02,Pain,Alimentaire,160.0,2.0,Wave
T102360,2025-11-01,Diourbel,BTQ-DIO-04,Riz brisé 25kg,Alimentaire,12230.0,6.0,Wave
T104412,2025-08-21,Ziguinchor,BTQ-ZIG-05,Huile 5L,Alimentaire,6340.0,3.0,Espèces
T101206,2025-11-06,Saint-Louis,BTQ-SAI-02,Sucre 1kg,Alimentaire,700 FCFA,4.0,Espèces
T100544,2025-07-05,THIÈS,BTQ-THI-03,Cahier 200p,Fournitures,520.0,3.0,Espèces
T101669,2025-01-21,Kaolack,BTQ-KAO-05,Huile 5L,Alimentaire,6740.0,1.0,Wave
T101965,2025-07-24,Dakar,BTQ-DAK-01,Cahier 200p,Fournitures,490.0,3.0,Espèces
T103727,2025-01-27,Diourbel,BTQ-DIO-04,Cahier 200p,Fournitures,490.0,3.0,Espèces
T102233,2025-02-26,Dakar,BTQ-DAK-01,Pain,Alimentaire,160.0,4.0,
T102410,08-01-2025,Diourbel,BTQ-DIO-03,Lait en poudre 400g,Alimentaire,2300.0,4.0,Orange Money
T104740,2025-03-13,Dakar,BTQ-DAK-04,Savon (lot de 4),Hygiène,1020.0,4.0,Carte
T102187,2025-04-17,Dakar,BTQ-DAK-04,Riz brisé 25kg,Alimentaire,12980.0,3.0,Espèces
T101042,2025-10-27,Tambacounda,BTQ-TAM-02,Crédit téléphone,Services,1030.0,2.0,Espèces
T101983,2025-12-04,Saint-Louis,BTQ-SAI-01,Riz brisé 25kg,Alimentaire,11800.0,4.0,Espèces
T102516,2025-11-24,Dakar,BTQ-DAK-02,Crédit téléphone,Services,1000.0,6.0,Carte
T102671,2025-08-07,Louga,BTQ-LOU-01,Javel 1L,Hygiène,600.0,5.0,Orange Money
T101412,2025-11-23,Dakar,BTQ-DAK-04,Recharge Woyofal,Services,4920.0,999.0,Espèces
T103030,2025-09-20,Ziguinchor,BTQ-ZIG-05,Stylo (lot de 10),Fournitures,1510.0,3.0,Espèces
T101781,2025-06-14,Thiès,BTQ-THI-05,Recharge Woyofal,Services,4860.0,1.0,Wave
T101359,2025-01-31,Louga,BTQ-LOU-02,Lait en poudre 400g,Alimentaire,2210.0,3.0,Espèces
T100795,2025-10-31,Diourbel,BTQ-DIO-03,Savon (lot de 4),Hygiène,950.0,2.0,Espèces
T104726,2025-08-15,Tambacounda,BTQ-TAM-03,Huile 5L,Alimentaire,6160.0,3.0,Wave
T104556,2025-03-06,Dakar,BTQ-DAK-01,Cahier 200p,Fournitures,500.0,4.0,Orange Money
T103321,2025-07-18,Thiès,BTQ-THI-01,Huile 5L,Alimentaire,6 120 FCFA,2.0,Carte
T102384,2025-10-23,Kaolack,BTQ-KAO-02,Huile 5L,Alimentaire,6530.0,2.0,Wave
T102445,2025-10-05,Ziguinchor,BTQ-ZIG-03,Savon (lot de 4),Hygiène,1040.0,2.0,Espèces
T104825,11-07-2025,Diourbel,BTQ-DIO-04,Savon (lot de 4),Hygiène,970.0,4.0,Espèces
T104561,2025-01-11,Dakar,BTQ-DAK-01,Huile 5L,Alimentaire,6690.0,2.0,Espèces
T101673,2025-11-07,Louga,BTQ-LOU-02,Huile 5L,Alimentaire,6080.0,3.0,Espèces
T103397,2025-01-13,Dakar,BTQ-DAK-05,Lait en poudre 400g,Alimentaire,2 330 FCFA,,Wave
T102520,2025-07-20,Diourbel,BTQ-DIO-04,Javel 1L,Hygiène,620.0,3.0,
T101059,08-12-2025,Ziguinchor,BTQ-ZIG-03,Sucre 1kg,Alimentaire,700 FCFA,5.0,Espèces
T102236,2025-01-12,Dakar,BTQ-DAK-05,Riz brisé 25kg,Alimentaire,12100.0,3.0,Espèces
T101300,2025-01-29,Ziguinchor,BTQ-ZIG-05,Café Touba 250g,Alimentaire,1310.0,2.0,Wave
T104475,2025-01-14,saint-louis,BTQ-SAI-02,Javel 1L,Hygiène,610.0,3.0,Espèces
T102313,2025-03-22,Dakar,BTQ-DAK-02,Sucre 1kg,Alimentaire,670.0,2.0,Orange Money
T101379,03/12/2025,Diourbel,BTQ-DIO-01,Café Touba 250g,Alimentaire,1240.0,3.0,Orange Money
T103940,11/03/2025,Ziguinchor,BTQ-ZIG-05,Pain,Alimentaire,160.0,2.0,Espèces
T102351,2025-03-19,Dakar,BTQ-DAK-01,Crédit téléphone,Services,990.0,4.0,Carte
T100064,2025-12-16,Dakar,BTQ-DAK-03,Huile 5L,Alimentaire,6580.0,1.0,Carte
T103425,2025-07-11,Diourbel,BTQ-DIO-04,Recharge Woyofal,Services,5 110 FCFA,3.0,Wave
T102854,2025-11-10,Dakar,BTQ-DAK-05,Sucre 1kg,Alimentaire,690.0,1.0,Espèces
T100594,2025-04-03,St-Louis,BTQ-SAI-01,Pain,Alimentaire,160.0,3.0,
T100351,2025-01-27,Dakar,BTQ-DAK-03,Pain,Alimentaire,160.0,2.0,Orange Money
T101494,2025-12-24,Dakar,BTQ-DAK-02,Huile 5L,Alimentaire,7260.0,2.0,Espèces
T100986,2025-11-30,Kaolack,,Lait en poudre 400g,Alimentaire,2450.0,2.0,Wave
T104333,2025-01-16,Diourbel,BTQ-DIO-02,Riz brisé 25kg,Alimentaire,12940.0,3.0,Espèces
T100981,2025-08-06,Dakar,BTQ-DAK-01,Stylo (lot de 10),Fournitures,1430.0,2.0,Wave
T102612,2025-07-08,Dakar,BTQ-DAK-04,Sucre 1kg,Alimentaire,680.0,2.0,
T102023,2025-04-22,Kaolack,BTQ-KAO-02,Javel 1L,Hygiène,610.0,2.0,Wave
T100320,2025-11-13,Tambacounda,BTQ-TAM-05,Crédit téléphone,Services,1010.0,5.0,Wave
T104962,2025-03-26,Kaolack,BTQ-KAO-01,Stylo (lot de 10),Fournitures,1580.0,3.0,Wave
T104979,2025-02-11,Saint-Louis,BTQ-SAI-01,Savon (lot de 4),Hygiène,960.0,3.0,Carte
T101250,2025-05-18,Diourbel,BTQ-DIO-01,Crédit téléphone,Services,1040.0,,Orange Money
T100381,2025-02-28,Kaolack,BTQ-KAO-05,Café Touba 250g,Alimentaire,1160.0,5.0,Wave
T102029,2025-05-24,Tambacounda,BTQ-TAM-01,Huile 5L,Alimentaire,6 540 FCFA,3.0,Wave
T100745,2025-11-01,Dakar,BTQ-DAK-04,Sucre 1kg,Alimentaire,680.0,2.0,Wave
T103322,09-08-2025,Dakar,BTQ-DAK-05,Huile 5L,Alimentaire,6600.0,1.0,Orange Money
T104495,2025-08-20,Diourbel,BTQ-DIO-02,Riz brisé 25kg,Alimentaire,12920.0,,Espèces
T101613,2025-09-28,St-Louis,BTQ-SAI-05,Recharge Woyofal,Services,4 700 FCFA,4.0,Espèces
T101297,2025-10-16,Diourbel,BTQ-DIO-05,Huile 5L,Alimentaire,6410.0,2.0,Espèces
T102340,2025-08-11,Dakar,BTQ-DAK-03,Huile 5L,Alimentaire,6980.0,4.0,Wave
T100839,2025-07-28,diourbel,BTQ-DIO-04,Stylo (lot de 10),Fournitures,1600.0,3.0,
T101685,2025-01-24,Dakar,BTQ-DAK-03,Recharge Woyofal,Services,4790.0,4.0,Espèces
T100448,2025-11-24,Kaolack,BTQ-KAO-01,Javel 1L,Hygiène,610.0,,Espèces
T101843,2025-06-27,Dakar,BTQ-DAK-03,Huile 5L,Alimentaire,6 370 FCFA,3.0,Espèces
T104275,2025-02-10,tambacounda,BTQ-TAM-05,Pain,Alimentaire,150.0,2.0,Orange Money
T103018,2025-01-22,Dakar,BTQ-DAK-01,Recharge Woyofal,Services,5040.0,2.0,Espèces
T104639,2025-10-06,Dakar,BTQ-DAK-05,Huile 5L,Alimentaire,6790.0,1.0,Wave
T104020,2025-04-24,Kaolack,BTQ-KAO-04,Recharge Woyofal,Services,5160.0,3.0,Espèces
T101918,2025-05-17,Dakar,BTQ-DAK-01,Sucre 1kg,Alimentaire,670.0,3.0,Espèces
T101425,2025-01-06,Dakar,BTQ-DAK-04,Sucre 1kg,Alimentaire,730.0,4.0,
T100605,2025-01-04,Thiès,BTQ-THI-03,Lait en poudre 400g,Alimentaire,2 210 FCFA,2.0,
T102073,2025-02-17,Louga,BTQ-LOU-05,Sucre 1kg,Alimentaire,670.0,3.0,Wave
T104981,2025-12-22,Louga,BTQ-LOU-05,Stylo (lot de 10),Fournitures,1540.0,3.0,Wave
T102249,27/03/2025,Ziguinchor,BTQ-ZIG-01,Stylo (lot de 10),Fournitures,1520.0,3.0,Espèces
T103059,2025-12-05,Louga,BTQ-LOU-02,Lait en poudre 400g,Alimentaire,2150.0,3.0,Espèces
T101779,2025-07-19,Ziguinchor,BTQ-ZIG-04,Savon (lot de 4),Hygiène,990 FCFA,3.0,Espèces
T104180,2025-04-01,Thiès,BTQ-THI-03,Pain,Alimentaire,160.0,5.0,Wave
T100760,2025-03-09,Dakar,BTQ-DAK-04,Lait en poudre 400g,Alimentaire,2430.0,6.0,Wave
T100345,2025-07-27,Dakar,BTQ-DAK-02,Café Touba 250g,Alimentaire,1 200 FCFA,4.0,Orange Money
T103691,2025-10-20,Tambacounda,BTQ-TAM-03,Savon (lot de 4),Hygiène,1030.0,1.0,Espèces
T103893,23/02/2025,Ziguinchor,BTQ-ZIG-05,Savon (lot de 4),Hygiène,1 020 FCFA,3.0,
T100851,2025-03-26,Saint-Louis,BTQ-SAI-04,Stylo (lot de 10),Fournitures,1460.0,2.0,Espèces
T100905,17/03/2025,Kaolack,BTQ-KAO-05,Stylo (lot de 10),Fournitures,1540.0,2.0,Espèces
T100273,2025-09-19,Diourbel,BTQ-DIO-03,Sucre 1kg,Alimentaire,770.0,3.0,Wave
T102081,2025-12-06,Diourbel,BTQ-DIO-04,Riz brisé 25kg,Alimentaire,13 180 FCFA,3.0,Wave
T101808,2025-01-18,Ziguinchor,BTQ-ZIG-04,Cahier 200p,Fournitures,470.0,1.0,Espèces
T104630,2025-09-01,Dakar,BTQ-DAK-01,Pain,Alimentaire,150.0,1.0,Wave
T100151,2025-08-15,Dakar,BTQ-DAK-02,Stylo (lot de 10),Fournitures,1550.0,3.0,Orange Money
T104026,2025-10-05,Tambacounda,BTQ-TAM-02,Recharge Woyofal,Services,4 880 FCFA,4.0,Wave
T101825,2025-10-16,Dakar,BTQ-DAK-03,Javel 1L,Hygiène,630.0,3.0,
T100677,2025-12-17,Dakar,BTQ-DAK-01,Crédit téléphone,Services,990 FCFA,5.0,Wave
T104527,2025-11-14,Thiès,BTQ-THI-03,Huile 5L,Alimentaire,6500.0,2.0,Wave
T102047,2025-07-19, Diourbel ,BTQ-DIO-05,Savon (lot de 4),Hygiène,1 010 FCFA,3.0,Espèces
T104996,2025-04-15,Dakar,,Stylo (lot de 10),Fournitures,1450.0,4.0,Espèces
T104352,22/09/2025,Dakar,BTQ-DAK-03,Café Touba 250g,Alimentaire,1140.0,5.0,Orange Money
T100338,2025-09-10,Thiès,BTQ-THI-05,Savon (lot de 4),Hygiène,1020.0,2.0,Espèces
T100051,2025-05-14,Saint-Louis,BTQ-SAI-03,Sucre 1kg,Alimentaire,650 FCFA,1.0,Espèces
T103337,2025-05-08,Diourbel,BTQ-DIO-05,Savon (lot de 4),Hygiène,970.0,1.0,Carte
T104190,2025-12-22,Dakar,BTQ-DAK-02,Recharge Woyofal,Services,5020.0,3.0,Wave
T103932,17/08/2025,Thiès,BTQ-THI-05,Recharge Woyofal,Services,4910.0,,Orange Money
T101264,2025-11-23,Dakar,BTQ-DAK-02,Javel 1L,Hygiène,640.0,2.0,Espèces
T101740,01/03/2025,Tambacounda,BTQ-TAM-05,Crédit téléphone,Services,1000.0,2.0,Wave
T102796,2025-11-12,Kaolack,BTQ-KAO-04,Lait en poudre 400g,Alimentaire,2090.0,2.0,Orange Money
T104126,2025-04-03,Dakar,BTQ-DAK-02,Cahier 200p,Fournitures,540.0,3.0,Espèces
T103078,08/02/2025,Diourbel,BTQ-DIO-01,Cahier 200p,Fournitures,470.0,2.0,Espèces
T101629,2025-01-02,Kaolack,BTQ-KAO-03,Javel 1L,Hygiène,610.0,3.0,Wave
T104748,2025-06-11,Thiès,BTQ-THI-01,Riz brisé 25kg,Alimentaire,12650.0,2.0,Espèces
T104886,2025-08-10,Dakar,BTQ-DAK-02,Lait en poudre 400g,Alimentaire,2260.0,,Espèces
T101111,2025-11-09,Tambacounda,BTQ-TAM-02,Cahier 200p,Fournitures,520.0,2.0,Wave
T104366,2025-11-24,Louga,BTQ-LOU-01,Javel 1L,Hygiène,640 FCFA,1.0,Espèces
T101479,2025-04-08,Thiès,BTQ-THI-04,Crédit téléphone,Services,980.0,3.0,Carte
T102775,06-09-2025,dakar,BTQ-DAK-01,Javel 1L,Hygiène,580.0,6.0,
T102183,2025-05-15,Ziguinchor,BTQ-ZIG-01,Recharge Woyofal,Services,4720.0,1.0,Espèces
T102643,2025-11-29,Diourbel,BTQ-DIO-01,Recharge Woyofal,Services,4600.0,2.0,Espèces
T103649,2025-01-09,Dakar,BTQ-DAK-03,Pain,Alimentaire,140.0,3.0,Espèces
T102220,2025-08-22,Saint-Louis,BTQ-SAI-03,Crédit téléphone,Services,990.0,3.0,Espèces
T102096,2025-11-04,St-Louis,BTQ-SAI-03,Riz brisé 25kg,Alimentaire,12380.0,2.0,Orange Money
T100118,2025-01-15,Thiès,BTQ-THI-05,Recharge Woyofal,Services,5300.0,2.0,Espèces
T102622,16-01-2025,dakar,BTQ-DAK-04,Café Touba 250g,Alimentaire,1 260 FCFA,1.0,Orange Money
T102319,2025-06-15,Thiès,BTQ-THI-05,Crédit téléphone,Services,970.0,3.0,
T101512,2025-10-16,Louga,BTQ-LOU-04,Javel 1L,Hygiène,570.0,3.0,
T103167,2025-11-17,Thiès,BTQ-THI-02,Café Touba 250g,Alimentaire,1190.0,4.0,Espèces
T104370,2025-10-13,Dakar,BTQ-DAK-02,Savon (lot de 4),Hygiène,960.0,1.0,Wave
T101856,2025-12-06,Dakar,BTQ-DAK-05,Savon (lot de 4),Hygiène,1010.0,2.0,
T102663,2025-10-29,THIÈS,BTQ-THI-04,Sucre 1kg,Alimentaire,710.0,1.0,Espèces
T104068,2025-06-30,Dakar,BTQ-DAK-01,Huile 5L,Alimentaire,6230.0,5.0,Espèces
T100133,2025-01-22,Saint-Louis,BTQ-SAI-01,Lait en poudre 400g,Alimentaire,2170.0,4.0,Wave
T103185,2025-03-12,Tambacounda,BTQ-TAM-01,Pain,Alimentaire,150 FCFA,2.0,Wave
T102922,2025-10-27,Thiès,BTQ-THI-03,Sucre 1kg,Alimentaire,710.0,4.0,Espèces
T104410,2025-08-28,Ziguinchor,BTQ-ZIG-03,Stylo (lot de 10),Fournitures,1410.0,4.0,Espèces
T103146,2025-06-07,Tambacounda,BTQ-TAM-04,Cahier 200p,Fournitures,500.0,4.0,Orange Money
T102251,2025-02-02,Dakar,BTQ-DAK-04,Huile 5L,Alimentaire,6270.0,3.0,Wave
T103130,2025-08-30,Dakar,BTQ-DAK-02,Sucre 1kg,Alimentaire,640.0,5.0,Orange Money
T101737,2025-02-01,Ziguinchor,BTQ-ZIG-01,Javel 1L,Hygiène,610.0,3.0,
T103424,16-07-2025,Dakar,BTQ-DAK-05,Cahier 200p,Fournitures,520.0,2.0,Orange Money
T103616,2025-11-12,Diourbel,BTQ-DIO-02,Café Touba 250g,Alimentaire,1250.0,3.0,Espèces
T102881,2025-01-17,Thiès,BTQ-THI-02,Huile 5L,Alimentaire,6590.0,2.0,Wave
T100547,2025-09-27,Dakar,BTQ-DAK-04,Crédit téléphone,Services,1030.0,2.0,Wave
T102474,2025-03-01,Ziguinchor,BTQ-ZIG-03,Cahier 200p,Fournitures,530 FCFA,3.0,Wave
T103308,09/07/2025,Saint-Louis,BTQ-SAI-01,Cahier 200p,Fournitures,500 FCFA,3.0,Orange Money
T103591,2025-10-14,Kaolack,,Huile 5L,Alimentaire,6380.0,3.0,Espèces
T103103,2025-05-05,Louga,BTQ-LOU-01,Stylo (lot de 10),Fournitures,1510.0,4.0,
T104217,2025-11-28,Dakar,BTQ-DAK-04,Café Touba 250g,Alimentaire,1170.0,4.0,Orange Money
T103336,17-04-2025,Dakar,BTQ-DAK-03,Crédit téléphone,Services,1060.0,3.0,Espèces
T103085,25-03-2025,Thiès,BTQ-THI-05,Recharge Woyofal,Services,5 050 FCFA,2.0,Orange Money
T104840,2025-10-06,Diourbel,BTQ-DIO-04,Javel 1L,Hygiène,640.0,2.0,Espèces
T104475,2025-01-14,saint-louis,BTQ-SAI-02,Javel 1L,Hygiène,610.0,3.0,Espèces
T104973,13/02/2025,KAOLACK,BTQ-KAO-05,Riz brisé 25kg,Alimentaire,12560.0,5.0,Orange Money
T100081,2025-09-12,Dakar,BTQ-DAK-04,Javel 1L,Hygiène,650.0,3.0,Espèces
T103145,2025-03-18,Saint-Louis,BTQ-SAI-01,Lait en poudre 400g,Alimentaire,2410.0,1.0,Wave
T100486,2025-04-12,Thiès,BTQ-THI-01,Pain,Alimentaire,150 FCFA,2.0,Espèces
T100708,01/07/2025,Dakar,BTQ-DAK-03,Huile 5L,Alimentaire,6170.0,4.0,Espèces
T102936,05/10/2025,Dakar,BTQ-DAK-05,Javel 1L,Hygiène,640.0,4.0,Wave
T104011,2025-12-02,Dakar,BTQ-DAK-05,Pain,Alimentaire,150.0,1.0,Espèces
T103941,09-09-2025,Kaolack,BTQ-KAO-05,Huile 5L,Alimentaire,6600.0,1.0,Espèces
T104395,2025-09-26,Dakar,BTQ-DAK-03,Huile 5L,Alimentaire,6380.0,3.0,Espèces
T103709,2025-01-23,Dakar,BTQ-DAK-02,Lait en poudre 400g,Alimentaire,2350.0,2.0,Wave
T104908,2025-05-14,Tambacounda,BTQ-TAM-03,Crédit téléphone,Services,1000.0,2.0,
T101406,2025-11-03,Thiès,BTQ-THI-04,Savon (lot de 4),Hygiène,1090.0,3.0,Espèces
T100591,01-07-2025,Diourbel,,Stylo (lot de 10),Fournitures,1420.0,2.0,
T101405,13/12/2025,Tambacounda,BTQ-TAM-03,Café Touba 250g,Alimentaire,1210.0,4.0,Orange Money
T102090,2025-05-01,Louga,BTQ-LOU-01,Javel 1L,Hygiène,580.0,2.0,Orange Money
T102755,2025-09-24,Saint-Louis,BTQ-SAI-04,Javel 1L,Hygiène,600.0,4.0,Orange Money
T104326,2025-02-20,SAINT-LOUIS,BTQ-SAI-05,Café Touba 250g,Alimentaire,1160.0,4.0,
T101797,2025-08-27,Thiès,BTQ-THI-02,Café Touba 250g,Alimentaire,1280.0,,Wave
T100111,2025-09-04,Dakar,BTQ-DAK-01,Lait en poudre 400g,Alimentaire,2090.0,3.0,Espèces
T103546,2025-10-01,DAKAR,BTQ-DAK-04,Recharge Woyofal,Services,5350.0,5.0,Espèces
T102785,2025-01-16,Kaolack,BTQ-KAO-03,Stylo (lot de 10),Fournitures,1540.0,4.0,Wave
T102772,2025-01-04,Thiès,BTQ-THI-04,Cahier 200p,Fournitures,500.0,3.0,Wave
T100680,2025-05-23,diourbel,BTQ-DIO-01,Café Touba 250g,Alimentaire,1260.0,5.0,Wave
T101517,2025-11-18,Diourbel,BTQ-DIO-03,Lait en poudre 400g,Alimentaire,2410.0,6.0,Orange Money
T100270,2025-06-16,Tambacounda,BTQ-TAM-02,Lait en poudre 400g,Alimentaire,2300.0,2.0,Wave
T101676,2025-12-18,Dakar,BTQ-DAK-05,Crédit téléphone,Services,950.0,1.0,Wave
T101577,08-01-2025,Louga,BTQ-LOU-05,Savon (lot de 4),Hygiène,990.0,4.0,Orange Money
T103638,20-04-2025,KAOLACK,BTQ-KAO-03,Javel 1L,Hygiène,570.0,3.0,Espèces
T104572,2025-12-23,thiès,BTQ-THI-05,Lait en poudre 400g,Alimentaire,2340.0,3.0,Espèces
T100955,2025-11-19,Ziguinchor,BTQ-ZIG-03,Sucre 1kg,Alimentaire,700.0,2.0,Espèces
T103468,2025-05-16,Tambacounda,BTQ-TAM-03,Stylo (lot de 10),Fournitures,1540.0,3.0,Wave
T103349,2025-10-17,Saint-Louis,BTQ-SAI-05,Savon (lot de 4),Hygiène,1000.0,3.0,Espèces
T102905,2025-06-07,Diourbel,BTQ-DIO-02,Savon (lot de 4),Hygiène,1000.0,3.0,Wave
T100562,2025-11-25,Kaolack,BTQ-KAO-03,Cahier 200p,Fournitures,500.0,3.0,Wave
T104478,06/08/2025,Thiès,BTQ-THI-02,Pain,Alimentaire,150.0,2.0,Espèces
T104017,2025-06-27,Dakar,BTQ-DAK-04,Huile 5L,Alimentaire,6610.0,4.0,Espèces
T100327,2025-10-13,Kaolack,BTQ-KAO-02,Lait en poudre 400g,Alimentaire,2340.0,1.0,Wave
T104652,2025-07-27,Diourbel,BTQ-DIO-02,Pain,Alimentaire,160 FCFA,3.0,Espèces
T104376,2025-05-05,Tambacounda,BTQ-TAM-03,Savon (lot de 4),Hygiène,970 FCFA,3.0,Espèces
T103551,2025-03-15,St-Louis,BTQ-SAI-01,Huile 5L,Alimentaire,6210.0,3.0,Espèces
T102260,2025-09-20,Dakar,BTQ-DAK-02,Savon (lot de 4),Hygiène,990.0,2.0,Wave
T100513,2025-05-10,Dakar,BTQ-DAK-05,Javel 1L,Hygiène,630.0,1.0,Espèces
T100114,2025-12-09,Dakar,BTQ-DAK-03,Lait en poudre 400g,Alimentaire,2280.0,2.0,Espèces
T101208,2025-01-16,thiès,BTQ-THI-05,Savon (lot de 4),Hygiène,1010.0,2.0,Espèces
T102130,2025-07-13,Dakar,BTQ-DAK-01,Café Touba 250g,Alimentaire,1310.0,5.0,Orange Money
T101817,2025-05-10,Dakar,BTQ-DAK-05,Recharge Woyofal,Services,4640.0,3.0,Wave
T104821,2025-06-02,Tambacounda,BTQ-TAM-03,Stylo (lot de 10),Fournitures,1640.0,4.0,Espèces
T103074,2025-05-05,Thiès,BTQ-THI-03,Savon (lot de 4),Hygiène,1010.0,3.0,Espèces
T100292,17-01-2025,Kaolack,BTQ-KAO-01,Savon (lot de 4),Hygiène,950.0,2.0,
T103604,2025-03-25,Dakar,BTQ-DAK-04,Crédit téléphone,Services,1010.0,4.0,Wave
T100742,2025-04-27,Thiès,BTQ-THI-04,Riz brisé 25kg,Alimentaire,11740.0,4.0,Espèces
T102522,2025-07-11,Dakar,BTQ-DAK-05,Café Touba 250g,Alimentaire,1200.0,1.0,Espèces
T101782,2025-04-22,Diourbel,BTQ-DIO-02,Lait en poudre 400g,Alimentaire,1960.0,3.0,Espèces
T102106,2025-04-15,Diourbel,BTQ-DIO-03,Huile 5L,Alimentaire,6230.0,4.0,Orange Money
T103520,2025-09-25,SAINT-LOUIS,BTQ-SAI-03,Javel 1L,Hygiène,580 FCFA,2.0,Espèces
T100993,01-08-2025,Dakar,BTQ-DAK-01,Riz brisé 25kg,Alimentaire,12290.0,1.0,Espèces
T102993,2025-01-14,Ziguinchor,BTQ-ZIG-02,Sucre 1kg,Alimentaire,690.0,6.0,Wave
T103319,2025-04-01,Dakar,BTQ-DAK-04,Pain,Alimentaire,140.0,,Espèces
T101703,2025-12-21,Tambacounda,BTQ-TAM-05,Cahier 200p,Fournitures,540.0,7.0,Espèces
T101592,2025-01-23,Thiès,BTQ-THI-04,Cahier 200p,Fournitures,500.0,4.0,Orange Money
T100392,2025-05-27,Louga,BTQ-LOU-03,Café Touba 250g,Alimentaire,1200.0,3.0,Espèces
T102483,2025-10-25,Diourbel,BTQ-DIO-03,Cahier 200p,Fournitures,480.0,3.0,Espèces
T101030,2025-09-29,Louga,BTQ-LOU-03,Sucre 1kg,Alimentaire,660.0,2.0,Espèces
T104001,2025-08-25,Thiès,BTQ-THI-04,Cahier 200p,Fournitures,470 FCFA,4.0,Orange Money
T103016,2025-09-07,Dakar,BTQ-DAK-04,Savon (lot de 4),Hygiène,950.0,1.0,Wave
T103569,2025-01-03,Ziguinchor,BTQ-ZIG-02,Lait en poudre 400g,Alimentaire,2290.0,3.0,Wave
T103549,2025-07-29,Dakar,BTQ-DAK-05,Javel 1L,Hygiène,580 FCFA,2.0,Orange Money
T103670,2025-03-15,Saint-Louis,BTQ-SAI-03,Recharge Woyofal,Services,4790.0,1.0,Orange Money
T103021,30-01-2025,Kaolack,BTQ-KAO-03,Lait en poudre 400g,Alimentaire,2 300 FCFA,2.0,Wave
T104466,2025-08-09,Dakar,BTQ-DAK-04,Pain,Alimentaire,150.0,3.0,Carte
T104130,2025-07-06,Dakar,BTQ-DAK-05,Sucre 1kg,Alimentaire,670.0,3.0,Espèces
T102829,2025-08-24,Saint-Louis,BTQ-SAI-02,Savon (lot de 4),Hygiène,1040.0,1.0,Espèces
T101106,2025-12-24,St-Louis,BTQ-SAI-01,Café Touba 250g,Alimentaire,1200.0,-3.0,Orange Money
T104931,2025-04-11,Thiès,BTQ-THI-02,Crédit téléphone,Services,1010.0,2.0,Espèces
T102001,2025-10-21,Thiès,BTQ-THI-02,Sucre 1kg,Alimentaire,670.0,2.0,Espèces
T103643,2025-04-22,Thiès,BTQ-THI-02,Café Touba 250g,Alimentaire,1180.0,4.0,Espèces
T101939,2025-05-17,Diourbel,BTQ-DIO-02,Riz brisé 25kg,Alimentaire,11630.0,3.0,Wave
T101628,2025-05-25,Dakar,BTQ-DAK-01,Stylo (lot de 10),Fournitures,1 530 FCFA,6.0,Orange Money
T104213,2025-09-03,Thiès,BTQ-THI-02,Huile 5L,Alimentaire,6470.0,3.0,Wave
T100112,2025-10-19,Tambacounda,BTQ-TAM-03,Sucre 1kg,Alimentaire,690.0,3.0,Espèces
T101574,2025-12-02,Dakar,BTQ-DAK-01,Savon (lot de 4),Hygiène,1040.0,3.0,Espèces
T104012,2025-08-07,DIOURBEL,BTQ-DIO-02,Sucre 1kg,Alimentaire,700.0,4.0,Espèces
T103919,2025-10-02,Diourbel,BTQ-DIO-02,Lait en poudre 400g,Alimentaire,2340.0,3.0,Orange Money
T100662,2025-10-20,Saint-Louis,BTQ-SAI-02,Javel 1L,Hygiène,590.0,1.0,Espèces
T102301,2025-06-15,Dakar,BTQ-DAK-03,Javel 1L,Hygiène,610.0,4.0,Espèces
T104350,2025-10-28,Thiès,BTQ-THI-05,Sucre 1kg,Alimentaire,690.0,1.0,Wave
T102874,2025-10-10,Ziguinchor,BTQ-ZIG-01,Stylo (lot de 10),Fournitures,1480.0,2.0,Wave
T101349,2025-05-24, Dakar ,BTQ-DAK-05,Recharge Woyofal,Services,5 020 FCFA,3.0,Wave
T101840,2025-01-30,Diourbel,BTQ-DIO-02,Lait en poudre 400g,Alimentaire,2320.0,2.0,Wave
T101963,2025-08-23,Thiès,BTQ-THI-04,Café Touba 250g,Alimentaire,1 220 FCFA,4.0,Orange Money
T102666,2025-07-16,Diourbel,BTQ-DIO-02,Cahier 200p,Fournitures,520 FCFA,3.0,Wave
T100134,2025-04-04,Dakar,BTQ-DAK-05,Pain,Alimentaire,140 FCFA,,Orange Money
T102805,2025-09-24,louga,BTQ-LOU-04,Pain,Alimentaire,150.0,4.0,Espèces
T100322,2025-04-12,Ziguinchor,BTQ-ZIG-05,Café Touba 250g,Alimentaire,1130.0,1.0,Wave
T103648,2025-09-05,Diourbel,BTQ-DIO-01,Javel 1L,Hygiène,630.0,4.0,
T104670,2025-06-12,Kaolack,BTQ-KAO-01,Pain,Alimentaire,150.0,2.0,Orange Money
T102208,2025-12-11,Thiès,BTQ-THI-01,Pain,Alimentaire,150.0,6.0,Wave
T103472,2025-03-27,Ziguinchor,BTQ-ZIG-04,Lait en poudre 400g,Alimentaire,2190.0,5.0,Orange Money
T101970,2025-11-29,Dakar,BTQ-DAK-01,Sucre 1kg,Alimentaire,740.0,1.0,Espèces
T101583,2025-07-01,Diourbel,BTQ-DIO-03,Huile 5L,Alimentaire,6560.0,6.0,Espèces
T104187,2025-07-05,Kaolack,BTQ-KAO-03,Pain,Alimentaire,150.0,4.0,Wave
T103266,2025-02-24,Louga,BTQ-LOU-03,Javel 1L,Hygiène,570.0,2.0,Wave
T101616,2025-12-01,Dakar,BTQ-DAK-03,Riz brisé 25kg,Alimentaire,12890.0,2.0,Wave
T101144,2025-10-13,Diourbel,BTQ-DIO-02,Lait en poudre 400g,Alimentaire,2150.0,2.0,Wave
T100907,2025-08-30,Thiès,BTQ-THI-01,Cahier 200p,Fournitures,500.0,5.0,Orange Money
T100308,2025-09-04,Louga,BTQ-LOU-03,Huile 5L,Alimentaire,6240.0,2.0,Wave
T101705,2025-06-06, Thiès ,BTQ-THI-04,Pain,Alimentaire,150.0,1.0,Espèces
T101622,2025-08-06,Dakar,BTQ-DAK-03,Huile 5L,Alimentaire,6410.0,1.0,Wave
T101724,2025-04-25,Thiès,BTQ-THI-02,Stylo (lot de 10),Fournitures,1 520 FCFA,2.0,Espèces
T100761,2025-01-12,Diourbel,BTQ-DIO-01,Pain,Alimentaire,150 FCFA,2.0,Espèces
T101360,2025-05-10,Louga,BTQ-LOU-01,Huile 5L,Alimentaire,6400.0,6.0,Espèces
T102541,2025-08-16,Tambacounda,BTQ-TAM-02,Pain,Alimentaire,150.0,5.0,Orange Money
T102141,2025-01-05,Thiès,BTQ-THI-05,Recharge Woyofal,Services,5140.0,4.0,
T103742,09/04/2025,Diourbel,BTQ-DIO-01,Cahier 200p,Fournitures,510.0,2.0,Espèces
T101979,22/08/2025,Ziguinchor,BTQ-ZIG-04,Stylo (lot de 10),Fournitures,1390.0,3.0,
T100773,2025-04-01,Dakar,BTQ-DAK-05,Lait en poudre 400g,Alimentaire,2490.0,3.0,Wave
T101950,2025-08-17,Saint-Louis,BTQ-SAI-05,Stylo (lot de 10),Fournitures,1550.0,2.0,Orange Money
T101080,2025-06-04, Tambacounda ,BTQ-TAM-05,Sucre 1kg,Alimentaire,700.0,2.0,Espèces
T103631,2025-10-20,Dakar,BTQ-DAK-02,Huile 5L,Alimentaire,6460.0,1.0,Orange Money
T102581,2025-05-03,Saint-Louis,BTQ-SAI-02,Lait en poudre 400g,Alimentaire,2330.0,3.0,Orange Money
T102723,2025-08-01,Thiès,BTQ-THI-05,Savon (lot de 4),Hygiène,940.0,4.0,Wave
T104916,2025-04-02,DAKAR,BTQ-DAK-02,Huile 5L,Alimentaire,6750.0,3.0,Espèces
T104964,2025-06-13,tambacounda,BTQ-TAM-01,Pain,Alimentaire,150.0,5.0,Wave
T104654,2025-02-21,Dakar,BTQ-DAK-05,Stylo (lot de 10),Fournitures,1 550 FCFA,3.0,Wave
T100848,21/11/2025,Louga,,Pain,Alimentaire,150.0,1.0,Espèces
T104371,2025-07-24,Kaolack,BTQ-KAO-03,Sucre 1kg,Alimentaire,700.0,2.0,Orange Money
T104859,2025-10-29,Dakar,BTQ-DAK-03,Savon (lot de 4),Hygiène,1020.0,4.0,Espèces
T100304,18/01/2025,Dakar,BTQ-DAK-02,Huile 5L,Alimentaire,6290.0,3.0,Espèces
T100740,2025-11-18,Thiès,BTQ-THI-04,Lait en poudre 400g,Alimentaire,2270.0,2.0,
T104470,2025-02-07,Dakar,BTQ-DAK-01,Sucre 1kg,Alimentaire,680.0,2.0,Espèces
T101302,2025-06-21,Ziguinchor,BTQ-ZIG-04,Recharge Woyofal,Services,4760.0,2.0,Wave
T101819,2025-12-28,Saint-Louis,BTQ-SAI-03,Savon (lot de 4),Hygiène,990 FCFA,3.0,
T102952,2025-02-01,Louga,BTQ-LOU-01,Javel 1L,Hygiène,610.0,1.0,Wave
T104663,2025-08-27,Dakar,BTQ-DAK-01,Café Touba 250g,Alimentaire,1220.0,3.0,Orange Money
T103862,2025-06-29,Dakar,BTQ-DAK-04,Café Touba 250g,Alimentaire,1240.0,3.0,Carte
T102895,2025-07-23,Saint-Louis,BTQ-SAI-01,Savon (lot de 4),Hygiène,1010.0,3.0,Espèces
T101810,2025-02-04,Saint-Louis,BTQ-SAI-04,Crédit téléphone,Services,970.0,3.0,
T100770,11/06/2025,Diourbel,BTQ-DIO-01,Pain,Alimentaire,150.0,5.0,Wave
T102218,2025-09-21, Ziguinchor ,BTQ-ZIG-04,Riz brisé 25kg,Alimentaire,12890.0,1.0,Orange Money
T103770,2025-08-26,Louga,BTQ-LOU-02,Recharge Woyofal,Services,4980.0,4.0,Espèces
T102472,2025-07-25,Thiès,BTQ-THI-03,Stylo (lot de 10),Fournitures,1470.0,5.0,Espèces
T101606,08-11-2025,Kaolack,BTQ-KAO-02,Javel 1L,Hygiène,600 FCFA,2.0,Espèces
T101427,2025-12-02,Dakar,BTQ-DAK-03,Crédit téléphone,Services,990.0,3.0,Espèces
T102269,2025-12-25,Diourbel,BTQ-DIO-01,Huile 5L,Alimentaire,6470.0,5.0,Espèces
T100386,2025-09-29,Ziguinchor,BTQ-ZIG-05,Riz brisé 25kg,Alimentaire,12800.0,3.0,Espèces
T103981,09/09/2025,Dakar,BTQ-DAK-01,Lait en poudre 400g,Alimentaire,2440.0,2.0,Wave
T103545,2025-03-19, Louga ,BTQ-LOU-04,Café Touba 250g,Alimentaire,1170.0,2.0,Espèces
T103572,2025-08-11,Dakar,BTQ-DAK-05,Riz brisé 25kg,Alimentaire,11 770 FCFA,3.0,Espèces
T101646,13/08/2025,Diourbel,BTQ-DIO-03,Savon (lot de 4),Hygiène,910.0,5.0,Orange Money
T100932,2025-05-03,Thiès,BTQ-THI-03,Crédit téléphone,Services,1 020 FCFA,2.0,Wave
T104054,01/11/2025,Kaolack,BTQ-KAO-04,Savon (lot de 4),Hygiène,990.0,4.0,Wave
T101179,2025-05-17,Thiès,BTQ-THI-04,Huile 5L,Alimentaire,6 720 FCFA,6.0,Espèces
T103679,08-05-2025,Dakar,BTQ-DAK-04,Pain,Alimentaire,150.0,1.0,Wave
T102475,2025-03-11,Louga,BTQ-LOU-03,Stylo (lot de 10),Fournitures,1460.0,4.0,Orange Money
T100783,2025-05-15,Ziguinchor,BTQ-ZIG-01,Cahier 200p,Fournitures,530 FCFA,6.0,Espèces
T102111,2025-05-09,Thiès,BTQ-THI-01,Recharge Woyofal,Services,5370.0,4.0,Espèces
T102877,2025-06-02,Ziguinchor,BTQ-ZIG-02,Cahier 200p,Fournitures,490 FCFA,3.0,Wave
T101499,2025-11-12,Dakar,BTQ-DAK-05,Stylo (lot de 10),Fournitures,1540.0,2.0,Wave
T103069,2025-07-25,Dakar,BTQ-DAK-02,Sucre 1kg,Alimentaire,700.0,4.0,Orange Money
T104750,2025-11-03,Saint-Louis,BTQ-SAI-04,Cahier 200p,Fournitures,530 FCFA,6.0,
T103216,2025-03-13,Kaolack,BTQ-KAO-03,Riz brisé 25kg,Alimentaire,13 060 FCFA,3.0,Espèces
T100693,2025-07-13,Ziguinchor,BTQ-ZIG-04,Savon (lot de 4),Hygiène,990 FCFA,1.0,Espèces
T102143,2025-11-03,Thiès,BTQ-THI-04,Savon (lot de 4),Hygiène,1000.0,2.0,Carte
T101380,2025-01-25,Saint-Louis,BTQ-SAI-01,Cahier 200p,Fournitures,490.0,5.0,Wave
T101154,20-08-2025,Dakar,BTQ-DAK-05,Sucre 1kg,Alimentaire,680.0,2.0,Orange Money
T100373,2025-09-27,Diourbel,BTQ-DIO-04,Savon (lot de 4),Hygiène,960.0,5.0,Wave
T104139,2025-05-07,Diourbel,BTQ-DIO-02,Huile 5L,Alimentaire,6540.0,2.0,Wave
T102064,2025-10-03,Dakar,BTQ-DAK-01,Pain,Alimentaire,140 FCFA,2.0,Wave
T102869,2025-01-31,Saint-Louis,BTQ-SAI-04,Recharge Woyofal,Services,5110.0,2.0,Wave
T100138,2025-09-26,Saint-Louis,BTQ-SAI-03,Recharge Woyofal,Services,4860.0,3.0,Wave
T103070,2025-11-21,Thiès,BTQ-THI-05,Savon (lot de 4),Hygiène,1010.0,5.0,Espèces
T103750,2025-06-25,Dakar,BTQ-DAK-05,Javel 1L,Hygiène,620.0,2.0,Espèces
T100456,25-02-2025,Saint-Louis,BTQ-SAI-02,Pain,Alimentaire,160 FCFA,2.0,Espèces
T103175,2025-05-05,Saint-Louis,BTQ-SAI-03,Recharge Woyofal,Services,4830.0,2.0,Espèces
T100737,2025-12-29,Dakar,BTQ-DAK-05,Riz brisé 25kg,Alimentaire,12550.0,1.0,Espèces
T102973,2025-02-02,Dakar,BTQ-DAK-02,Lait en poudre 400g,Alimentaire,2170.0,2.0,Wave
T101692,2025-04-24,kaolack,BTQ-KAO-05,Javel 1L,Hygiène,620.0,3.0,Wave
T101998,2025-05-14,Diourbel,BTQ-DIO-02,Sucre 1kg,Alimentaire,670.0,2.0,Espèces
T101205,2025-07-05,Dakar,BTQ-DAK-04,Stylo (lot de 10),Fournitures,1480.0,2.0,Espèces
T101632,2025-10-20,Ziguinchor,BTQ-ZIG-04,Lait en poudre 400g,Alimentaire,2260.0,3.0,Espèces
T101464,12-05-2025,Diourbel,BTQ-DIO-01,Cahier 200p,Fournitures,490.0,7.0,Orange Money
T103690,22/04/2025,Dakar,BTQ-DAK-04,Pain,Alimentaire,150.0,1.0,Wave
T102945,2025-03-20,Diourbel,BTQ-DIO-01,Crédit téléphone,Services,940.0,3.0,Espèces
T100944,2025-10-15,Dakar,BTQ-DAK-02,Café Touba 250g,Alimentaire,1230.0,3.0,Wave
T100283,2025-05-30,Louga,BTQ-LOU-03,Riz brisé 25kg,Alimentaire,12660.0,3.0,Wave
T104243,2025-05-06,Dakar,BTQ-DAK-01,Crédit téléphone,Services,1030.0,3.0,
T100726,02-11-2025,Thiès,BTQ-THI-03,Recharge Woyofal,Services,4960.0,3.0,Orange Money
T101460,2025-09-27,Dakar,BTQ-DAK-04,Lait en poudre 400g,Alimentaire,2290.0,3.0,Wave
T103829,2025-03-07,Diourbel,BTQ-DIO-03,Savon (lot de 4),Hygiène,970.0,2.0,Wave
T100796,20/07/2025,Tambacounda,BTQ-TAM-04,Javel 1L,Hygiène,570.0,3.0,Wave
T102326,04-02-2025,Tambacounda,BTQ-TAM-04,Riz brisé 25kg,Alimentaire,12250.0,4.0,Espèces
T101518,2025-05-12,Dakar,BTQ-DAK-02,Sucre 1kg,Alimentaire,660.0,3.0,Espèces
T104991,2025-11-13,Dakar,BTQ-DAK-02,Recharge Woyofal,Services,4900.0,2.0,
T104461,2025-07-31,Dakar,BTQ-DAK-01,Savon (lot de 4),Hygiène,990.0,1.0,Carte
T100468,2025-08-25,Kaolack,BTQ-KAO-04,Stylo (lot de 10),Fournitures,1510.0,2.0,Espèces
T103479,2025-06-06,Louga,BTQ-LOU-02,Stylo (lot de 10),Fournitures,1530.0,2.0,Espèces
T104642,2025-12-09,Ziguinchor,BTQ-ZIG-05,Riz brisé 25kg,Alimentaire,12610.0,1.0,Espèces
T103775,2025-04-01,dakar,BTQ-DAK-03,Sucre 1kg,Alimentaire,710.0,3.0,Espèces
T101845,2025-12-01,Thiès,BTQ-THI-04,Savon (lot de 4),Hygiène,960.0,3.0,Wave
T101055,2025-12-24,Ziguinchor,BTQ-ZIG-02,Stylo (lot de 10),Fournitures,1450.0,2.0,Carte
T102946,2025-06-30,Dakar,BTQ-DAK-04,Cahier 200p,Fournitures,510 FCFA,2.0,Wave
T102057,2025-12-28,Saint-Louis,BTQ-SAI-05,Lait en poudre 400g,Alimentaire,2220.0,2.0,Orange Money
T103206,2025-12-31,Dakar,BTQ-DAK-05,Sucre 1kg,Alimentaire,730 FCFA,3.0,Espèces
T104365,2025-03-28,Dakar,BTQ-DAK-04,Café Touba 250g,Alimentaire,1220.0,1.0,Espèces
T104699,2025-02-10,Dakar,BTQ-DAK-02,Crédit téléphone,Services,1040.0,3.0,Espèces
T100734,2025-06-08,Louga,BTQ-LOU-03,Riz brisé 25kg,Alimentaire,12000.0,2.0,Wave
T103806,2025-09-03,Kaolack,BTQ-KAO-01,Javel 1L,Hygiène,590.0,1.0,Espèces
T102035,2025-01-05,Louga,BTQ-LOU-04,Pain,Alimentaire,150.0,2.0,Wave
T101378,2025-05-29,Dakar,BTQ-DAK-02,Lait en poudre 400g,Alimentaire,2350.0,1.0,Orange Money
T101224,2025-08-11,Diourbel,BTQ-DIO-01,Huile 5L,Alimentaire,6420.0,5.0,Orange Money
T100522,2025-11-10,Dakar,BTQ-DAK-03,Riz brisé 25kg,Alimentaire,13100.0,3.0,Wave
T102859,2025-11-23,Diourbel,BTQ-DIO-04,Javel 1L,Hygiène,640.0,5.0,Wave
T103563,13/04/2025,Saint-Louis,BTQ-SAI-03,Crédit téléphone,Services,990.0,3.0,
T102065,2025-01-21,Dakar,BTQ-DAK-03,Javel 1L,Hygiène,640.0,3.0,Orange Money
T101354,2025-08-29,Thiès,BTQ-THI-03,Riz brisé 25kg,Alimentaire,11980.0,3.0,Wave
T100623,04-11-2025,Dakar,BTQ-DAK-02,Savon (lot de 4),Hygiène,1020.0,2.0,Orange Money
T101081,2025-07-31,Kaolack,BTQ-KAO-03,Sucre 1kg,Alimentaire,680.0,6.0,Orange Money
T103039,2025-04-29,Dakar,BTQ-DAK-01,Huile 5L,Alimentaire,6730.0,3.0,Orange Money
T103920,2025-03-21,Dakar,BTQ-DAK-05,Recharge Woyofal,Services,5 160 FCFA,3.0,Espèces
T101286,2025-10-05,Dakar,BTQ-DAK-03,Sucre 1kg,Alimentaire,740.0,1.0,Orange Money
T104551,2025-07-26,Louga,BTQ-LOU-03,Recharge Woyofal,Services,4610.0,3.0,Wave
T101141,2025-09-19,Dakar,BTQ-DAK-04,Javel 1L,Hygiène,590.0,1.0,
T102478,2025-02-19,Ziguinchor,BTQ-ZIG-02,Cahier 200p,Fournitures,500.0,2.0,Wave
T101850,18/02/2025,dakar,BTQ-DAK-03,Lait en poudre 400g,Alimentaire,2230.0,3.0,Espèces
T104226,2025-06-18,Saint-Louis,BTQ-SAI-04,Huile 5L,Alimentaire,6 820 FCFA,2.0,Wave
T103601,2025-09-23,Saint-Louis,BTQ-SAI-02,Riz brisé 25kg,Alimentaire,13140.0,4.0,Espèces
T100103,2025-05-16,Ziguinchor,BTQ-ZIG-05,Cahier 200p,Fournitures,470.0,4.0,Wave
T103426,2025-06-07,Dakar,BTQ-DAK-01,Riz brisé 25kg,Alimentaire,13590.0,5.0,Espèces
T100219,2025-04-28,Dakar,BTQ-DAK-01,Savon (lot de 4),Hygiène,950.0,3.0,Carte
T101681,03/08/2025,DIOURBEL,BTQ-DIO-03,Lait en poudre 400g,Alimentaire,2280.0,1.0,Espèces
T100688,31-03-2025,Ziguinchor,BTQ-ZIG-04,Crédit téléphone,Services,1020.0,5.0,Espèces
T100436,2025-06-17,Louga,BTQ-LOU-03,Sucre 1kg,Alimentaire,690 FCFA,4.0,Espèces
T102560,2025-02-19,Ziguinchor,BTQ-ZIG-04,Riz brisé 25kg,Alimentaire,12420.0,3.0,Wave
T101588,2025-10-03,Louga,BTQ-LOU-01,Savon (lot de 4),Hygiène,1020.0,2.0,
T101993,2025-10-26,Diourbel,BTQ-DIO-02,Lait en poudre 400g,Alimentaire,2300.0,1.0,Espèces
T101532,2025-01-27,Diourbel,BTQ-DIO-03,Lait en poudre 400g,Alimentaire,2380.0,2.0,Carte
T104664,07-09-2025,ziguinchor,BTQ-ZIG-01,Pain,Alimentaire,150.0,3.0,Orange Money
T102599,2025-12-16,Saint-Louis,BTQ-SAI-05,Stylo (lot de 10),Fournitures,1430.0,1.0,Espèces
T102144,2025-02-26,Kaolack,BTQ-KAO-02,Recharge Woyofal,Services,4920.0,4.0,Espèces
T102487,2025-06-27,Diourbel,BTQ-DIO-04,Pain,Alimentaire,150.0,1.0,Wave
T104422,17/04/2025,Ziguinchor,BTQ-ZIG-01,Cahier 200p,Fournitures,510.0,2.0,
T104993,2025-04-07,Kaolack,BTQ-KAO-05,Huile 5L,Alimentaire,6 320 FCFA,3.0,Orange Money
T103755,2025-11-27,Dakar,BTQ-DAK-04,Savon (lot de 4),Hygiène,960.0,1.0,Espèces
T101572,2025-03-11,Diourbel,BTQ-DIO-03,Riz brisé 25kg,Alimentaire,12320.0,2.0,
T100072,2025-10-18,Dakar,BTQ-DAK-05,Savon (lot de 4),Hygiène,1000.0,3.0,Espèces
T103467,2025-09-27,St-Louis,BTQ-SAI-02,Savon (lot de 4),Hygiène,960.0,3.0,Orange Money
T102836,2025-11-26,Diourbel,BTQ-DIO-02,Recharge Woyofal,Services,5 010 FCFA,2.0,Wave
T101091,2025-07-17,Ziguinchor,BTQ-ZIG-04,Savon (lot de 4),Hygiène,1040.0,3.0,Orange Money
T102995,2025-05-22,Ziguinchor,BTQ-ZIG-02,Sucre 1kg,Alimentaire,670.0,5.0,Espèces
T104049,04-09-2025,Kaolack,BTQ-KAO-04,Pain,Alimentaire,160.0,3.0,Espèces
T101296,2025-12-26,Dakar,BTQ-DAK-01,Café Touba 250g,Alimentaire,1200.0,2.0,Wave
T102679,2025-04-04,Diourbel,BTQ-DIO-03,Pain,Alimentaire,150.0,3.0,Espèces
T104711,2025-12-26,Kaolack,BTQ-KAO-05,Huile 5L,Alimentaire,6680.0,4.0,Wave
T102602,2025-07-31,Dakar,BTQ-DAK-04,Crédit téléphone,Services,1020.0,2.0,Espèces
T102293,2025-06-18,Dakar,BTQ-DAK-01,Javel 1L,Hygiène,600.0,4.0,Orange Money
T102404,2025-08-16,Diourbel,BTQ-DIO-01,Recharge Woyofal,Services,4980.0,2.0,Espèces
T104154,2025-07-24,DAKAR,BTQ-DAK-05,Savon (lot de 4),Hygiène,1000.0,2.0,Espèces
T100394,2025-08-01,St-Louis,BTQ-SAI-01,Cahier 200p,Fournitures,470.0,1.0,Wave
T100385,2025-06-18,Dakar,BTQ-DAK-01,Crédit téléphone,Services,980.0,2.0,Espèces
T103684,2025-07-12,Diourbel,BTQ-DIO-02,Cahier 200p,Fournitures,510 FCFA,3.0,Wave
T102568,2025-08-13,diourbel,BTQ-DIO-04,Sucre 1kg,Alimentaire,700 FCFA,2.0,Wave
T101010,2025-10-07,Saint-Louis,BTQ-SAI-05,Sucre 1kg,Alimentaire,710.0,3.0,Espèces
T100274,10/12/2025,Thiès,BTQ-THI-02,Javel 1L,Hygiène,590.0,3.0,Espèces
T100197,2025-03-27,Diourbel,BTQ-DIO-03,Huile 5L,Alimentaire,6490.0,4.0,
T102773,02/04/2025,Dakar,BTQ-DAK-05,Stylo (lot de 10),Fournitures,1610.0,1.0,Orange Money
T101883,2025-12-18,Louga,BTQ-LOU-03,Stylo (lot de 10),Fournitures,1 470 FCFA,5.0,Wave
T104140,2025-12-07,Thiès,BTQ-THI-03,Recharge Woyofal,Services,4960.0,4.0,Orange Money
T101806,2025-07-11,DAKAR,BTQ-DAK-01,Javel 1L,Hygiène,640.0,5.0,
T100971,16/12/2025,Kaolack,BTQ-KAO-03,Crédit téléphone,Services,980.0,2.0,Orange Money
T101180,2025-01-31,Ziguinchor,BTQ-ZIG-04,Stylo (lot de 10),Fournitures,1 550 FCFA,1.0,Wave
T101484,2025-04-03,Saint-Louis,BTQ-SAI-03,Javel 1L,Hygiène,610.0,1.0,Espèces
T103131,2025-08-19,Diourbel,BTQ-DIO-05,Huile 5L,Alimentaire,6440.0,1.0,Espèces
T103329,2025-04-29,Thiès,BTQ-THI-04,Lait en poudre 400g,Alimentaire,2390.0,2.0,Wave
T100514,2025-01-19,St-Louis,BTQ-SAI-04,Lait en poudre 400g,Alimentaire,2380.0,2.0,Espèces
T100285,2025-02-07,Thiès,BTQ-THI-05,Sucre 1kg,Alimentaire,750.0,5.0,Espèces
T104646,2025-05-20,Dakar,BTQ-DAK-02,Crédit téléphone,Services,1070.0,1.0,Wave
T104334,2025-05-31,Dakar,BTQ-DAK-01,Savon (lot de 4),Hygiène,1110.0,4.0,Espèces
T100574,12/04/2025,Tambacounda,BTQ-TAM-03,Café Touba 250g,Alimentaire,1220.0,2.0,Espèces
T104959,2025-05-13,Dakar,BTQ-DAK-05,Riz brisé 25kg,Alimentaire,12120.0,5.0,Espèces
T100226,2025-10-26,Diourbel,BTQ-DIO-05,Savon (lot de 4),Hygiène,1060.0,4.0,Espèces
T104661,15/10/2025,Kaolack,BTQ-KAO-05,Savon (lot de 4),Hygiène,1020.0,7.0,Wave
T101469,24/02/2025,Diourbel,BTQ-DIO-02,Lait en poudre 400g,Alimentaire,2170.0,2.0,Espèces
T104343,03-10-2025,Tambacounda,BTQ-TAM-04,Pain,Alimentaire,150.0,7.0,Wave
T104216,2025-08-24,Tambacounda,BTQ-TAM-05,Café Touba 250g,Alimentaire,1150.0,2.0,Espèces
T100438,2025-10-16,Dakar,BTQ-DAK-02,Crédit téléphone,Services,950.0,250.0,Espèces
T104228,2025-01-19,Thiès,BTQ-THI-02,Crédit téléphone,Services,980.0,1.0,Espèces
T102280,2025-07-19,Louga,BTQ-LOU-04,Recharge Woyofal,Services,4590.0,2.0,
T103713,2025-07-04,Louga,BTQ-LOU-03,Café Touba 250g,Alimentaire,1230.0,6.0,Wave
T101226,2025-05-09,Thiès,BTQ-THI-02,Cahier 200p,Fournitures,480.0,4.0,Wave
T101215,2025-03-29,St-Louis,BTQ-SAI-05,Pain,Alimentaire,140 FCFA,2.0,Espèces
T100276,2025-12-01,Louga,BTQ-LOU-03,Pain,Alimentaire,150.0,5.0,Wave
T100485,2025-12-29,Dakar,BTQ-DAK-05,Huile 5L,Alimentaire,6250.0,6.0,Orange Money
T102635,2025-11-17,Dakar,,Sucre 1kg,Alimentaire,700 FCFA,2.0,Espèces
T104809,2025-10-07,Louga,BTQ-LOU-03,Café Touba 250g,Alimentaire,1210.0,1.0,Wave
T104042,2025-02-27,Dakar,BTQ-DAK-03,Lait en poudre 400g,Alimentaire,2210.0,4.0,Espèces
T103585,13-04-2025,Dakar,BTQ-DAK-02,Javel 1L,Hygiène,600.0,4.0,Espèces
T102465,2025-03-04,Saint-Louis,BTQ-SAI-05,Stylo (lot de 10),Fournitures,1410.0,2.0,Wave
T101023,2025-06-30,Dakar,BTQ-DAK-05,Lait en poudre 400g,Alimentaire,2210.0,2.0,
T101568,2025-11-04,Ziguinchor,BTQ-ZIG-05,Savon (lot de 4),Hygiène,1020.0,1.0,Espèces
T100469,2025-06-27,Thiès,BTQ-THI-03,Stylo (lot de 10),Fournitures,1490.0,4.0,Wave
T101761,2025-06-16,Kaolack,BTQ-KAO-01,Huile 5L,Alimentaire,6540.0,100.0,Wave
T102724,2025-01-11,Saint-Louis,BTQ-SAI-04,Lait en poudre 400g,Alimentaire,2280.0,3.0,Espèces
T103866,2025-12-10,Thiès,BTQ-THI-01,Lait en poudre 400g,Alimentaire,2410.0,2.0,Wave
T104268,2025-06-03,Tambacounda,BTQ-TAM-01,Savon (lot de 4),Hygiène,1060.0,3.0,Wave
T104499,2025-10-09,Thiès,BTQ-THI-01,Pain,Alimentaire,150.0,6.0,Espèces
T102664,19-01-2025,Dakar,BTQ-DAK-03,Stylo (lot de 10),Fournitures,1510.0,2.0,Orange Money
T104511,03-06-2025,Thiès,BTQ-THI-05,Savon (lot de 4),Hygiène,1000.0,3.0,Orange Money
T102950,2025-03-28,Thiès,BTQ-THI-04,Recharge Woyofal,Services,5300.0,2.0,Espèces
T100063,2025-11-16,Diourbel,BTQ-DIO-02,Riz brisé 25kg,Alimentaire,12630.0,4.0,
T104659,2025-02-26,Dakar,BTQ-DAK-01,Sucre 1kg,Alimentaire,720.0,2.0,
T101310,29/03/2025,Dakar,BTQ-DAK-01,Pain,Alimentaire,150.0,2.0,Espèces
T104763,2025-11-02, Ziguinchor ,BTQ-ZIG-02,Pain,Alimentaire,150 FCFA,3.0,Wave
T100729,2025-12-10,Kaolack,BTQ-KAO-01,Lait en poudre 400g,Alimentaire,2290.0,5.0,Orange Money
T100088,2025-06-06,Thiès,BTQ-THI-03,Riz brisé 25kg,Alimentaire,12630.0,1.0,Wave
T103087,19-09-2025,DIOURBEL,BTQ-DIO-04,Café Touba 250g,Alimentaire,1220.0,2.0,Espèces
T103789,2025-10-14,Dakar,BTQ-DAK-04,Stylo (lot de 10),Fournitures,1430.0,2.0,Espèces
T103568,02/04/2025, Louga ,BTQ-LOU-01,Sucre 1kg,Alimentaire,740.0,1.0,Wave
T100328,2025-04-05,Thiès,BTQ-THI-03,Recharge Woyofal,Services,5 410 FCFA,4.0,Wave
T103592,2025-06-11,Diourbel,BTQ-DIO-04,Pain,Alimentaire,140.0,2.0,Espèces
T104178,23-07-2025,Thiès,BTQ-THI-02,Recharge Woyofal,Services,4850.0,,Wave
T104600,2025-06-14,Dakar,BTQ-DAK-04,Recharge Woyofal,Services,4680.0,4.0,
T100302,2025-05-12,Saint-Louis,BTQ-SAI-04,Savon (lot de 4),Hygiène,960.0,2.0,Espèces
T101882,2025-04-09,Dakar,BTQ-DAK-03,Javel 1L,Hygiène,590.0,2.0,Espèces
T101419,2025-05-20,St-Louis,BTQ-SAI-04,Stylo (lot de 10),Fournitures,1580.0,6.0,Wave
T101394,15-09-2025,Ziguinchor,BTQ-ZIG-04,Lait en poudre 400g,Alimentaire,2250.0,3.0,Espèces
T101107,2025-11-04,Dakar,BTQ-DAK-04,Riz brisé 25kg,Alimentaire,12850.0,2.0,Espèces
T103326,2025-03-31,Ziguinchor,BTQ-ZIG-05,Stylo (lot de 10),Fournitures,1370.0,4.0,Wave
T103528,2025-07-03,Dakar,BTQ-DAK-03,Sucre 1kg,Alimentaire,700.0,1.0,Espèces
T102179,2025-10-04,diourbel,BTQ-DIO-03,Riz brisé 25kg,Alimentaire,12720.0,3.0,Carte
T103162,2025-10-04,Louga,BTQ-LOU-03,Recharge Woyofal,Services,5090.0,2.0,Espèces
T103038,2025-12-01,Diourbel,BTQ-DIO-03,Javel 1L,Hygiène,600.0,3.0,Wave
T102740,2025-11-16, Kaolack ,BTQ-KAO-05,Café Touba 250g,Alimentaire,1130.0,2.0,Espèces
T101134,2025-11-14,Saint-Louis,BTQ-SAI-01,Javel 1L,Hygiène,560.0,3.0,Wave
T103777,18/01/2025,Thiès,BTQ-THI-01,Javel 1L,Hygiène,610 FCFA,3.0,
T104637,2025-01-03,Thiès,BTQ-THI-04,Javel 1L,Hygiène,570.0,3.0,Wave
T101125,2025-03-27,Tambacounda,BTQ-TAM-05,Pain,Alimentaire,150.0,1.0,Wave
T103251,15-08-2025,Louga,BTQ-LOU-02,Crédit téléphone,Services,980.0,5.0,Espèces
T103183,2025-06-11,Thiès,,Crédit téléphone,Services,960.0,5.0,Wave
T101436,2025-10-23,Diourbel,BTQ-DIO-04,Pain,Alimentaire,140.0,4.0,Wave
T102899,27/08/2025,Thiès,BTQ-THI-02,Cahier 200p,Fournitures,500.0,2.0,Wave
T102311,2025-01-29,Kaolack,BTQ-KAO-01,Savon (lot de 4),Hygiène,930.0,3.0,
T102467,2025-10-10,Diourbel,BTQ-DIO-03,Savon (lot de 4),Hygiène,990.0,4.0,
T100945,2025-03-13,Dakar,BTQ-DAK-03,Café Touba 250g,Alimentaire,1210.0,3.0,Espèces
T100466,2025-07-21,Kaolack,BTQ-KAO-04,Recharge Woyofal,Services,5100.0,4.0,Espèces
T103917,2025-03-16,Dakar,BTQ-DAK-02,Riz brisé 25kg,Alimentaire,11820.0,2.0,Wave
T103785,2025-10-13,Saint-Louis,BTQ-SAI-05,Stylo (lot de 10),Fournitures,1410.0,2.0,Wave
T100234,05-12-2025,Ziguinchor,BTQ-ZIG-03,Lait en poudre 400g,Alimentaire,2390.0,3.0,Espèces
T100982,2025-07-17,Kaolack,BTQ-KAO-01,Savon (lot de 4),Hygiène,950.0,4.0,
T101410,2025-03-07,Dakar,BTQ-DAK-03,Javel 1L,Hygiène,610.0,2.0,Espèces
T101908,2025-09-09,Thiès,BTQ-THI-05,Recharge Woyofal,Services,4840.0,2.0,Espèces
T100573,2025-09-28,Dakar,BTQ-DAK-02,Lait en poudre 400g,Alimentaire,2310.0,4.0,Espèces
T100838,2025-05-11,Diourbel,BTQ-DIO-01,Cahier 200p,Fournitures,510.0,4.0,Wave
T100621,2025-03-08,kaolack,BTQ-KAO-05,Javel 1L,Hygiène,570 FCFA,3.0,
T101426,2025-11-18,Dakar,BTQ-DAK-02,Javel 1L,Hygiène,600.0,4.0,Espèces
T104580,2025-07-01,Kaolack,BTQ-KAO-01,Recharge Woyofal,Services,4 970 FCFA,1.0,Espèces
T103726,2025-01-08,Thiès,BTQ-THI-01,Lait en poudre 400g,Alimentaire,2250.0,3.0,Wave
T104803,2025-12-14,dakar,BTQ-DAK-02,Recharge Woyofal,Services,4740.0,3.0,Espèces
T103098,2025-05-27,Kaolack,BTQ-KAO-05,Recharge Woyofal,Services,4960.0,3.0,Wave
T104922,2025-12-02,Dakar,BTQ-DAK-04,Javel 1L,Hygiène,600.0,3.0,Espèces
T104353,2025-09-27,Diourbel,BTQ-DIO-05,Café Touba 250g,Alimentaire,1150.0,2.0,Orange Money
T102797,2025-07-29,Kaolack,BTQ-KAO-04,Recharge Woyofal,Services,5070.0,3.0,Orange Money
T103011,2025-01-25,Dakar,BTQ-DAK-01,Sucre 1kg,Alimentaire,650.0,2.0,Espèces
T104141,2025-03-06,Dakar,BTQ-DAK-03,Recharge Woyofal,Services,5090.0,4.0,Wave
T100557,2025-05-01,Kaolack,BTQ-KAO-04,Pain,Alimentaire,150.0,5.0,
T103501,2025-02-02,Kaolack,BTQ-KAO-04,Lait en poudre 400g,Alimentaire,2280.0,100.0,Orange Money
T104432,2025-09-03,Dakar,BTQ-DAK-03,Lait en poudre 400g,Alimentaire,2 310 FCFA,1.0,Orange Money
T100281,2025-08-09,Tambacounda,BTQ-TAM-03,Riz brisé 25kg,Alimentaire,12940.0,2.0,Espèces
T101411,2025-04-02,Diourbel,BTQ-DIO-02,Savon (lot de 4),Hygiène,1000.0,4.0,
T100874,2025-01-03,Tambacounda,BTQ-TAM-05,Javel 1L,Hygiène,610.0,3.0,
T104053,14/01/2025,Dakar,BTQ-DAK-03,Recharge Woyofal,Services,5320.0,3.0,Carte
T101974,2025-12-09,Louga,BTQ-LOU-03,Sucre 1kg,Alimentaire,650.0,2.0,Espèces
T100479,2025-06-08,Kaolack,BTQ-KAO-01,Sucre 1kg,Alimentaire,720.0,3.0,Orange Money
T102815,2025-04-13,Ziguinchor,BTQ-ZIG-02,Riz brisé 25kg,Alimentaire,13570.0,,Carte
T102256,18-08-2025,Dakar,BTQ-DAK-03,Crédit téléphone,Services,1040.0,3.0,Wave
T101466,2025-09-08,Tambacounda,BTQ-TAM-05,Cahier 200p,Fournitures,500.0,1.0,Orange Money
T100413,29-01-2025,Dakar,BTQ-DAK-03,Stylo (lot de 10),Fournitures,1550.0,3.0,Espèces
T100245,2025-05-10,Dakar,BTQ-DAK-02,Javel 1L,Hygiène,620.0,2.0,Espèces
T102416,2025-09-30,Dakar,BTQ-DAK-05,Sucre 1kg,Alimentaire,680.0,1.0,Espèces
T103717,2025-05-09,DAKAR,BTQ-DAK-05,Sucre 1kg,Alimentaire,660.0,2.0,Espèces
T102634,2025-03-12,St-Louis,BTQ-SAI-04,Lait en poudre 400g,Alimentaire,2360.0,6.0,Wave
T102434,2025-09-27,Dakar,BTQ-DAK-01,Stylo (lot de 10),Fournitures,1520.0,2.0,Wave
T103054,2025-10-25,Diourbel,BTQ-DIO-04,Sucre 1kg,Alimentaire,690.0,1.0,Espèces
T103032,2025-03-22,Thiès,BTQ-THI-01,Lait en poudre 400g,Alimentaire,2210.0,3.0,Espèces
T100161,2025-04-13,Dakar,BTQ-DAK-05,Lait en poudre 400g,Alimentaire,2280.0,1.0,Espèces
T104442,17/01/2025,Tambacounda,BTQ-TAM-04,Savon (lot de 4),Hygiène,990.0,1.0,Espèces
T104537,16-08-2025,Kaolack,BTQ-KAO-02,Riz brisé 25kg,Alimentaire,12340.0,4.0,Wave
T103590,2025-05-17,Ziguinchor,BTQ-ZIG-01,Savon (lot de 4),Hygiène,940 FCFA,3.0,Carte
T103474,01/09/2025,Diourbel,BTQ-DIO-05,Huile 5L,Alimentaire,6360.0,7.0,Wave
T103033,17/04/2025,Louga,BTQ-LOU-03,Café Touba 250g,Alimentaire,1150.0,2.0,Espèces
T103230,2025-08-07,saint-louis,BTQ-SAI-05,Crédit téléphone,Services,950.0,2.0,Wave
T100039,2025-03-24,Louga,BTQ-LOU-01,Riz brisé 25kg,Alimentaire,12 620 FCFA,,Wave
T101787,2025-11-10,Dakar,BTQ-DAK-03,Crédit téléphone,Services,980.0,,Orange Money
T100313,2025-10-16,Dakar,BTQ-DAK-03,Crédit téléphone,Services,1020.0,5.0,Carte
T100188,2025-08-01,Diourbel,BTQ-DIO-02,Sucre 1kg,Alimentaire,640.0,8.0,Orange Money
T100632,2025-01-21,Ziguinchor,BTQ-ZIG-05,Huile 5L,Alimentaire,6430.0,3.0,
T100715,2025-06-20,Ziguinchor,BTQ-ZIG-03,Stylo (lot de 10),Fournitures,1430.0,4.0,Espèces
T102841,2025-01-23,St-Louis,BTQ-SAI-01,Café Touba 250g,Alimentaire,1230.0,1.0,Espèces
T104398,15-06-2025,Dakar,BTQ-DAK-03,Cahier 200p,Fournitures,530.0,2.0,Espèces
T103340,2025-12-24,Ziguinchor,BTQ-ZIG-04,Stylo (lot de 10),Fournitures,1480.0,4.0,Espèces
T102316,2025-12-26,Diourbel,BTQ-DIO-02,Recharge Woyofal,Services,4830.0,3.0,Wave
T101839,2025-10-14,Dakar,BTQ-DAK-01,Café Touba 250g,Alimentaire,1 290 FCFA,2.0,Wave
T100834,2025-12-03,Diourbel,BTQ-DIO-01,Cahier 200p,Fournitures,500.0,1.0,Wave
T102199,21-01-2025,Tambacounda,BTQ-TAM-01,Javel 1L,Hygiène,580.0,2.0,Wave
T102915,2025-11-02,Thiès,BTQ-THI-05,Javel 1L,Hygiène,590.0,2.0,
T100349,08/12/2025,Dakar,BTQ-DAK-02,Javel 1L,Hygiène,610.0,2.0,Espèces
T102942,12-05-2025,Diourbel,BTQ-DIO-01,Huile 5L,Alimentaire,6470.0,6.0,Espèces
T103532,2025-07-17,DAKAR,BTQ-DAK-01,Riz brisé 25kg,Alimentaire,12800.0,4.0,Carte
T101202,2025-03-03,Thiès,BTQ-THI-05,Pain,Alimentaire,160.0,1.0,Orange Money
T103976,2025-05-21,Dakar,BTQ-DAK-03,Huile 5L,Alimentaire,6600.0,2.0,Espèces
T103466,2025-09-03,Thiès,BTQ-THI-05,Cahier 200p,Fournitures,520.0,5.0,Wave
T103355,2025-07-29,Thiès,BTQ-THI-04,Stylo (lot de 10),Fournitures,1570.0,3.0,Orange Money
T101339,2025-04-12,Dakar,BTQ-DAK-04,Javel 1L,Hygiène,610.0,5.0,Orange Money
T101600,2025-03-18,Dakar,BTQ-DAK-02,Lait en poudre 400g,Alimentaire,2240.0,2.0,Espèces
T101416,2025-12-27,DAKAR,BTQ-DAK-01,Lait en poudre 400g,Alimentaire,2160.0,5.0,Orange Money
T100131,2025-12-28,Tambacounda,BTQ-TAM-04,Lait en poudre 400g,Alimentaire,2370.0,5.0,Orange Money
T103353,2025-04-07,Dakar,BTQ-DAK-02,Cahier 200p,Fournitures,520 FCFA,5.0,Wave
T100250,2025-01-29,Louga,BTQ-LOU-01,Javel 1L,Hygiène,600.0,4.0,Wave
T102027,2025-11-18,Saint-Louis,BTQ-SAI-01,Stylo (lot de 10),Fournitures,1500.0,2.0,Espèces
T101680,2025-10-03,Dakar,BTQ-DAK-02,Stylo (lot de 10),Fournitures,1440.0,1.0,Wave
T101291,2025-07-30,Dakar,BTQ-DAK-02,Cahier 200p,Fournitures,500.0,1.0,Orange Money
T101723,2025-08-18,Thiès,BTQ-THI-02,Stylo (lot de 10),Fournitures,1500.0,2.0,Wave
T102611,2025-12-15,Dakar,BTQ-DAK-03,Lait en poudre 400g,Alimentaire,2310.0,1.0,Wave
T103104,2025-07-03,dakar,BTQ-DAK-03,Huile 5L,Alimentaire,7120.0,1.0,
T103393,2025-12-05,Ziguinchor,BTQ-ZIG-04,Huile 5L,Alimentaire,6440.0,1.0,Espèces
T104678,2025-11-27,Tambacounda,BTQ-TAM-04,Stylo (lot de 10),Fournitures,1450.0,4.0,Wave
T101096,2025-12-26,Thiès,BTQ-THI-04,Javel 1L,Hygiène,590 FCFA,2.0,Espèces
T102707,2025-03-26,Dakar,BTQ-DAK-04,Savon (lot de 4),Hygiène,1030.0,3.0,Wave
T100183,2025-03-10,Louga,BTQ-LOU-05,Savon (lot de 4),Hygiène,970.0,2.0,Espèces
T100641,2025-11-04,Thiès,BTQ-THI-03,Crédit téléphone,Services,1 040 FCFA,3.0,Orange Money
T102104,2025-03-28,Louga,BTQ-LOU-04,Savon (lot de 4),Hygiène,980.0,2.0,Wave
T100083,25-04-2025,Kaolack,BTQ-KAO-04,Crédit téléphone,Services,1000.0,2.0,Espèces
T104786,2025-07-11,ziguinchor,BTQ-ZIG-04,Javel 1L,Hygiène,570.0,4.0,Espèces
T104259,2025-03-04,Dakar,BTQ-DAK-01,Javel 1L,Hygiène,590.0,2.0,Orange Money
T101032,2025-09-12,Diourbel,BTQ-DIO-01,Javel 1L,Hygiène,650.0,4.0,Orange Money
T104504,2025-08-08,Dakar,BTQ-DAK-04,Savon (lot de 4),Hygiène,960.0,1.0,Espèces
T102092,2025-11-28,dakar,BTQ-DAK-03,Crédit téléphone,Services,1040.0,1.0,Wave
T103265,2025-04-09,Dakar,BTQ-DAK-05,Javel 1L,Hygiène,550.0,1.0,Wave
T104364,2025-04-20,Dakar,BTQ-DAK-01,Cahier 200p,Fournitures,480.0,2.0,Espèces
T102490,2025-11-24,Kaolack,BTQ-KAO-03,Javel 1L,Hygiène,580.0,3.0,Espèces
T103916,2025-04-21,Kaolack,BTQ-KAO-03,Savon (lot de 4),Hygiène,980.0,5.0,Orange Money
T102003,2025-02-05,Ziguinchor,BTQ-ZIG-03,Cahier 200p,Fournitures,490.0,2.0,Orange Money
T103743,2025-10-03,Thiès,BTQ-THI-01,Javel 1L,Hygiène,650.0,5.0,Espèces
T104952,2025-06-13,Louga,BTQ-LOU-04,Lait en poudre 400g,Alimentaire,2430.0,3.0,Espèces
T103134,2025-01-02,Dakar,BTQ-DAK-01,Café Touba 250g,Alimentaire,1090.0,3.0,
T102395,2025-04-20,Dakar,BTQ-DAK-01,Café Touba 250g,Alimentaire,1110.0,5.0,Espèces
T104607,12/12/2025,Diourbel,BTQ-DIO-02,Sucre 1kg,Alimentaire,740.0,4.0,Espèces
T104323,2025-03-30,St-Louis,BTQ-SAI-05,Huile 5L,Alimentaire,6380.0,3.0,Espèces
T103970,2025-06-13,Tambacounda,BTQ-TAM-05,Riz brisé 25kg,Alimentaire,12530.0,2.0,Espèces
T104505,27/09/2025,Louga,BTQ-LOU-01,Stylo (lot de 10),Fournitures,1500.0,4.0,Wave
T104968,2025-07-11,Tambacounda,BTQ-TAM-01,Recharge Woyofal,Services,4930.0,2.0,Espèces
T103635,2025-12-31,Kaolack,BTQ-KAO-01,Pain,Alimentaire,150.0,5.0,Espèces
T104076,2025-06-16,Ziguinchor,BTQ-ZIG-01,Café Touba 250g,Alimentaire,1200.0,3.0,Wave
T102075,2025-02-23,Saint-Louis,BTQ-SAI-04,Sucre 1kg,Alimentaire,720.0,6.0,Espèces
T100153,2025-02-28,St-Louis,BTQ-SAI-02,Recharge Woyofal,Services,5 100 FCFA,5.0,Carte
T100866,2025-01-08,Dakar,BTQ-DAK-05,Riz brisé 25kg,Alimentaire,13 190 FCFA,3.0,Espèces
T104455,2025-06-08,Diourbel,BTQ-DIO-01,Pain,Alimentaire,150 FCFA,2.0,Wave
T103736,2025-03-01,Ziguinchor,BTQ-ZIG-05,Savon (lot de 4),Hygiène,1110.0,3.0,Wave
T100757,2025-03-28,Saint-Louis,BTQ-SAI-03,Pain,Alimentaire,150.0,3.0,Espèces
T100625,2025-07-06,St-Louis,BTQ-SAI-05,Pain,Alimentaire,150.0,2.0,
T100656,03-03-2025,diourbel,BTQ-DIO-04,Pain,Alimentaire,150.0,4.0,Wave
T101195,2025-05-20,Tambacounda,BTQ-TAM-02,Huile 5L,Alimentaire,6900.0,4.0,Wave
T101370,2025-10-11,Saint-Louis,BTQ-SAI-01,Lait en poudre 400g,Alimentaire,2360.0,2.0,Wave
T103791,2025-11-09,Dakar,BTQ-DAK-02,Savon (lot de 4),Hygiène,1010.0,3.0,Espèces
T100860,2025-09-01,St-Louis,BTQ-SAI-03,Stylo (lot de 10),Fournitures,1480.0,4.0,Wave
T103641,10/09/2025,Ziguinchor,BTQ-ZIG-03,Javel 1L,Hygiène,640.0,3.0,Orange Money
T103779,2025-10-25,Ziguinchor,BTQ-ZIG-02,Riz brisé 25kg,Alimentaire,13540.0,,
T104743,2025-05-18,Ziguinchor,BTQ-ZIG-04,Sucre 1kg,Alimentaire,680.0,3.0,
T102853,02/09/2025,Dakar,BTQ-DAK-01,Café Touba 250g,Alimentaire,1240.0,3.0,Orange Money
T101089,2025-10-06,Dakar,BTQ-DAK-02,Savon (lot de 4),Hygiène,980.0,3.0,Orange Money
T103812,24/10/2025,Thiès,BTQ-THI-05,Cahier 200p,Fournitures,490.0,4.0,Espèces
T104612,2025-06-24,Dakar,BTQ-DAK-04,Huile 5L,Alimentaire,6040.0,1.0,Espèces
T102473,2025-07-07,Dakar,BTQ-DAK-05,Pain,Alimentaire,160.0,2.0,Carte
T104290,2025-12-09,Kaolack,BTQ-KAO-02,Pain,Alimentaire,140.0,3.0,Espèces
T102123,2025-11-01,Dakar,BTQ-DAK-05,Sucre 1kg,Alimentaire,710.0,5.0,Espèces
T104036,21/06/2025,Dakar,BTQ-DAK-01,Cahier 200p,Fournitures,480.0,4.0,Espèces
T101741,2025-10-13,Diourbel,BTQ-DIO-04,Crédit téléphone,Services,1030.0,2.0,Espèces
T103880,2025-09-11,Kaolack,BTQ-KAO-05,Huile 5L,Alimentaire,6 430 FCFA,4.0,Espèces
T101475,2025-09-04,Thiès,BTQ-THI-01,Savon (lot de 4),Hygiène,1020.0,1.0,Espèces
T101601,2025-10-11,Diourbel,BTQ-DIO-02,Recharge Woyofal,Services,5020.0,3.0,Espèces
T100822,2025-05-25,Thiès,BTQ-THI-02,Café Touba 250g,Alimentaire,1180.0,2.0,Wave
T102418,2025-10-28,Dakar,BTQ-DAK-01,Javel 1L,Hygiène,620.0,4.0,Wave
T100846,2025-04-15,Saint-Louis,BTQ-SAI-05,Recharge Woyofal,Services,5030.0,2.0,Wave
T104529,2025-04-05,Dakar,BTQ-DAK-05,Riz brisé 25kg,Alimentaire,12970.0,2.0,Espèces
T103151,2025-04-20,Thiès,BTQ-THI-04,Stylo (lot de 10),Fournitures,1390.0,5.0,Carte
T103226,2025-09-22,Saint-Louis,BTQ-SAI-05,Cahier 200p,Fournitures,530.0,4.0,Orange Money
T104793,2025-03-04,Dakar,BTQ-DAK-04,Lait en poudre 400g,Alimentaire,2320.0,1.0,Carte
T102497,2025-05-14,TAMBACOUNDA,BTQ-TAM-05,Savon (lot de 4),Hygiène,990.0,1.0,Wave
T104486,2025-08-09,Dakar,BTQ-DAK-01,Javel 1L,Hygiène,590.0,2.0,Espèces
T102580,2025-01-24,Louga,BTQ-LOU-01,Javel 1L,Hygiène,580 FCFA,4.0,Wave
T102257,2025-08-30,Diourbel,BTQ-DIO-05,Cahier 200p,Fournitures,500.0,2.0,Orange Money
T102139,2025-08-05,Kaolack,BTQ-KAO-05,Lait en poudre 400g,Alimentaire,2240.0,3.0,Espèces
T100120,2025-11-15,thiès,BTQ-THI-03,Riz brisé 25kg,Alimentaire,11620.0,3.0,Espèces
T102826,02-06-2025,Kaolack,BTQ-KAO-02,Huile 5L,Alimentaire,6380.0,3.0,Orange Money
T101525,2025-07-16,Dakar,BTQ-DAK-03,Sucre 1kg,Alimentaire,680.0,4.0,Espèces
T102727,2025-11-10,Louga,BTQ-LOU-02,Riz brisé 25kg,Alimentaire,11850.0,2.0,Wave
T104885,2025-10-10,DAKAR,BTQ-DAK-03,Lait en poudre 400g,Alimentaire,2 410 FCFA,3.0,Espèces
T103705,2025-07-28,Dakar,BTQ-DAK-03,Savon (lot de 4),Hygiène,970.0,4.0,Wave
T100801,2025-03-21,Thiès,BTQ-THI-03,Cahier 200p,Fournitures,490.0,3.0,Wave
T102017,2025-10-28,Louga,BTQ-LOU-05,Javel 1L,Hygiène,610.0,3.0,Wave
T104986,2025-05-28,Ziguinchor,BTQ-ZIG-04,Pain,Alimentaire,150.0,5.0,Wave
T102109,2025-04-27,Louga,BTQ-LOU-01,Javel 1L,Hygiène,630.0,3.0,Orange Money
T103008,2025-08-06,Ziguinchor,BTQ-ZIG-03,Café Touba 250g,Alimentaire,1160.0,-2.0,Wave
T100473,2025-04-18,Diourbel,BTQ-DIO-03,Savon (lot de 4),Hygiène,960.0,3.0,
T102951,2025-06-19,Dakar,BTQ-DAK-02,Crédit téléphone,Services,970.0,4.0,Carte
T101298,2025-07-01,Ziguinchor,BTQ-ZIG-02,Huile 5L,Alimentaire,6720.0,6.0,Wave
T103907,2025-07-21,Dakar,BTQ-DAK-04,Lait en poudre 400g,Alimentaire,2250.0,2.0,Espèces
T102850,2025-08-07,St-Louis,BTQ-SAI-04,Savon (lot de 4),Hygiène,970.0,3.0,Wave
T100150,2025-12-17,DIOURBEL,BTQ-DIO-02,Pain,Alimentaire,150.0,4.0,Espèces
T100280,2025-08-09,Louga,BTQ-LOU-03,Café Touba 250g,Alimentaire,1170.0,5.0,Espèces
T103331,19-08-2025,Dakar,BTQ-DAK-03,Savon (lot de 4),Hygiène,960.0,4.0,
T104162,2025-03-04,St-Louis,BTQ-SAI-01,Stylo (lot de 10),Fournitures,1580.0,4.0,Espèces
T100537,2025-11-16,Dakar,BTQ-DAK-05,Lait en poudre 400g,Alimentaire,2330.0,2.0,Orange Money
T101172,2025-11-16,Dakar,BTQ-DAK-01,Riz brisé 25kg,Alimentaire,12330.0,3.0,Espèces
T103058,2025-03-22,Dakar,BTQ-DAK-03,Javel 1L,Hygiène,600.0,4.0,Espèces
T104573,2025-09-04,Dakar,BTQ-DAK-01,Cahier 200p,Fournitures,520.0,1.0,Espèces
T100074,2025-08-06,Diourbel,BTQ-DIO-05,Crédit téléphone,Services,930.0,2.0,Espèces
T100585,2025-11-29,Thiès,BTQ-THI-01,Stylo (lot de 10),Fournitures,1540.0,3.0,Wave
T101520,2025-02-15,Diourbel,BTQ-DIO-02,Javel 1L,Hygiène,570.0,3.0,Wave
T101313,2025-12-03,Louga,BTQ-LOU-05,Cahier 200p,Fournitures,480.0,2.0,Orange Money
T100599,2025-09-16,Thiès,BTQ-THI-05,Café Touba 250g,Alimentaire,1250.0,1.0,Orange Money
T101769,2025-03-19,Dakar,BTQ-DAK-03,Pain,Alimentaire,160.0,2.0,Carte
T104090,2025-01-18,Ziguinchor,BTQ-ZIG-01,Savon (lot de 4),Hygiène,990.0,4.0,Espèces
T101201,2025-07-14,dakar,BTQ-DAK-04,Javel 1L,Hygiène,580.0,1.0,Espèces
T100301,2025-11-30,Thiès,BTQ-THI-03,Lait en poudre 400g,Alimentaire,2160.0,2.0,Orange Money
T103936,2025-01-16,Diourbel,BTQ-DIO-01,Lait en poudre 400g,Alimentaire,2290.0,4.0,Espèces
T103045,2025-11-13,Dakar,BTQ-DAK-02,Recharge Woyofal,Services,5100.0,1.0,Espèces
T103387,06-03-2025,Kaolack,BTQ-KAO-04,Recharge Woyofal,Services,5030.0,2.0,Espèces
T104488,2025-11-19,Thiès,BTQ-THI-01,Crédit téléphone,Services,1 070 FCFA,5.0,Orange Money
T101049,2025-05-09,Dakar,BTQ-DAK-02,Sucre 1kg,Alimentaire,690 FCFA,2.0,Espèces
T100442,2025-08-15,Diourbel,BTQ-DIO-05,Pain,Alimentaire,160.0,1.0,Espèces
T104449,2025-02-13,Diourbel,BTQ-DIO-05,Javel 1L,Hygiène,580.0,5.0,Espèces
T103391,2025-04-23,Tambacounda,BTQ-TAM-04,Café Touba 250g,Alimentaire,1240.0,8.0,Espèces
T100940,2025-11-18,Thiès,BTQ-THI-01,Pain,Alimentaire,160.0,1.0,Wave
T103570,2025-01-22,Kaolack,BTQ-KAO-02,Javel 1L,Hygiène,600.0,4.0,Espèces
T101031,2025-12-27,dakar,BTQ-DAK-02,Crédit téléphone,Services,1020.0,4.0,Espèces
T101927,2025-01-18,Ziguinchor,BTQ-ZIG-04,Lait en poudre 400g,Alimentaire,2460.0,1.0,Orange Money
T104282,2025-07-15,Ziguinchor,BTQ-ZIG-05,Riz brisé 25kg,Alimentaire,11330.0,5.0,Orange Money
T103841,2025-11-03,Dakar,BTQ-DAK-04,Recharge Woyofal,Services,4880.0,2.0,Wave
T101314,25-12-2025,Thiès,BTQ-THI-03,Pain,Alimentaire,140.0,4.0,Wave
T100529,2025-08-24,Diourbel,BTQ-DIO-03,Lait en poudre 400g,Alimentaire,2230.0,6.0,Wave
T100191,29/08/2025,Thiès,BTQ-THI-03,Sucre 1kg,Alimentaire,730.0,6.0,Espèces
T101521,2025-11-23,Diourbel,BTQ-DIO-02,Huile 5L,Alimentaire,6630.0,4.0,Orange Money
T100849,2025-04-17,Dakar,BTQ-DAK-04,Café Touba 250g,Alimentaire,1210.0,5.0,Espèces
T100804,23-07-2025,Saint-Louis,BTQ-SAI-05,Savon (lot de 4),Hygiène,1030.0,2.0,Espèces
T103047,2025-09-06, Ziguinchor ,BTQ-ZIG-02,Café Touba 250g,Alimentaire,1220.0,2.0,Espèces
T100644,2025-04-19,Kaolack,BTQ-KAO-04,Stylo (lot de 10),Fournitures,1550.0,4.0,Espèces
T104864,2025-02-25,Saint-Louis,BTQ-SAI-04,Pain,Alimentaire,150.0,2.0,Espèces
T102363,2025-09-29,Dakar,BTQ-DAK-02,Café Touba 250g,Alimentaire,1 260 FCFA,2.0,Orange Money
T103966,2025-09-12,Kaolack,BTQ-KAO-01,Stylo (lot de 10),Fournitures,1430.0,1.0,Wave
T103551,2025-03-15,St-Louis,BTQ-SAI-01,Huile 5L,Alimentaire,6210.0,3.0,Espèces
T100407,2025-09-29,dakar,BTQ-DAK-01,Recharge Woyofal,Services,4660.0,3.0,Wave
T103895,2025-02-21,Dakar,BTQ-DAK-05,Cahier 200p,Fournitures,520.0,4.0,Espèces
T100826,2025-05-18,Dakar,BTQ-DAK-03,Café Touba 250g,Alimentaire,1 180 FCFA,1.0,Wave
T103969,2025-12-29,Diourbel,BTQ-DIO-02,Stylo (lot de 10),Fournitures,1380.0,,Espèces
T102733,2025-03-08,Dakar,BTQ-DAK-04,Javel 1L,Hygiène,580.0,5.0,Wave
T100098,2025-12-22,Dakar,BTQ-DAK-05,Crédit téléphone,Services,1010.0,2.0,Wave
T102461,2025-08-03,Tambacounda,BTQ-TAM-05,Sucre 1kg,Alimentaire,750.0,1.0,Espèces
T104949,2025-12-12,DAKAR,BTQ-DAK-01,Crédit téléphone,Services,1030.0,2.0,Orange Money
T104202,2025-10-08,Dakar,BTQ-DAK-02,Sucre 1kg,Alimentaire,690.0,2.0,Espèces
T103621,2025-12-09,Diourbel,BTQ-DIO-01,Stylo (lot de 10),Fournitures,1 430 FCFA,3.0,Wave
T100344,14-06-2025,Kaolack,BTQ-KAO-02,Cahier 200p,Fournitures,510.0,3.0,
T104354,2025-06-21,Dakar,BTQ-DAK-03,Stylo (lot de 10),Fournitures,1550.0,,Orange Money
T103912,28-12-2025,Diourbel,BTQ-DIO-05,Recharge Woyofal,Services,4940.0,2.0,Espèces
T104673,2025-07-29,Kaolack,BTQ-KAO-04,Crédit téléphone,Services,1030.0,4.0,Wave
T100125,2025-07-02,Dakar,BTQ-DAK-02,Huile 5L,Alimentaire,6460.0,1.0,Espèces
T102396,2025-06-20,Ziguinchor,BTQ-ZIG-03,Café Touba 250g,Alimentaire,1210.0,5.0,Orange Money
T100425,2025-04-06,Ziguinchor,BTQ-ZIG-05,Lait en poudre 400g,Alimentaire,2360.0,,Orange Money
T100267,21-11-2025, Dakar ,BTQ-DAK-05,Lait en poudre 400g,Alimentaire,2170.0,5.0,Wave
T103452,2025-06-25,Tambacounda,BTQ-TAM-03,Riz brisé 25kg,Alimentaire,12000.0,2.0,Espèces
T103095,05-12-2025,Ziguinchor,BTQ-ZIG-05,Crédit téléphone,Services,950.0,2.0,Espèces
T102224,18-10-2025,Thiès,BTQ-THI-04,Javel 1L,Hygiène,610.0,2.0,Espèces
T104500,2025-08-16,Tambacounda,BTQ-TAM-04,Café Touba 250g,Alimentaire,1180.0,2.0,Orange Money
T100247,2025-04-27,Saint-Louis,BTQ-SAI-02,Crédit téléphone,Services,970.0,3.0,Wave
T102896,2025-02-28,Ziguinchor,BTQ-ZIG-01,Cahier 200p,Fournitures,520.0,2.0,Wave
T101462,2025-01-26,Dakar,BTQ-DAK-02,Savon (lot de 4),Hygiène,1020.0,3.0,Wave
T103522,2025-05-31,Thiès,BTQ-THI-05,Cahier 200p,Fournitures,500.0,2.0,Orange Money
T103235,2025-10-02,Saint-Louis,BTQ-SAI-01,Sucre 1kg,Alimentaire,700 FCFA,5.0,Wave
T100092,2025-06-22,Ziguinchor,BTQ-ZIG-02,Riz brisé 25kg,Alimentaire,11690.0,2.0,Espèces
T100751,2025-02-22,Dakar,BTQ-DAK-03,Stylo (lot de 10),Fournitures,1 570 FCFA,1.0,Wave
T102210,2025-05-10, Tambacounda ,BTQ-TAM-04,Pain,Alimentaire,160 FCFA,1.0,Espèces
T103909,2025-05-15,DAKAR,BTQ-DAK-01,Café Touba 250g,Alimentaire,1250.0,3.0,Espèces
T101272,06-07-2025,Louga,BTQ-LOU-01,Recharge Woyofal,Services,5210.0,2.0,Wave
T104913,2025-01-09,Thiès,BTQ-THI-05,Recharge Woyofal,Services,4770.0,3.0,
T101021,2025-06-01,Diourbel,BTQ-DIO-02,Riz brisé 25kg,Alimentaire,13 000 FCFA,2.0,Wave
T103928,2025-01-14,Dakar,BTQ-DAK-05,Café Touba 250g,Alimentaire,1060.0,1.0,Wave
T102383,19-05-2025,Dakar,BTQ-DAK-01,Huile 5L,Alimentaire,6350.0,5.0,Espèces
T104037,2025-09-17,Diourbel,BTQ-DIO-05,Sucre 1kg,Alimentaire,690.0,4.0,Carte
T102085,2025-07-25,Dakar,BTQ-DAK-03,Recharge Woyofal,Services,4840.0,3.0,Wave
T104413,2025-07-29,Kaolack,BTQ-KAO-03,Stylo (lot de 10),Fournitures,1490.0,1.0,Espèces
T103323,19-11-2025,Kaolack,BTQ-KAO-02,Pain,Alimentaire,150.0,5.0,Orange Money
T104852,2025-10-21,Dakar,BTQ-DAK-05,Savon (lot de 4),Hygiène,1000.0,4.0,Espèces
T102082,2025-01-11,Tambacounda,BTQ-TAM-05,Cahier 200p,Fournitures,510.0,5.0,Orange Money
T100152,2025-04-19,Diourbel,BTQ-DIO-02,Recharge Woyofal,Services,4940.0,2.0,Orange Money
T100406,2025-11-15,dakar,BTQ-DAK-01,Savon (lot de 4),Hygiène,1040.0,3.0,Wave
T100423,2025-07-21,Kaolack,BTQ-KAO-03,Lait en poudre 400g,Alimentaire,2410.0,2.0,Orange Money
T103999,01-11-2025,Tambacounda,BTQ-TAM-01,Savon (lot de 4),Hygiène,1040.0,1.0,Wave
T103044,2025-04-19,Dakar,BTQ-DAK-03,Recharge Woyofal,Services,5000.0,,Espèces
T100934,2025-03-24,Louga,BTQ-LOU-02,Javel 1L,Hygiène,590.0,5.0,Orange Money
T100465,2025-11-12, Louga ,BTQ-LOU-01,Javel 1L,Hygiène,660.0,1.0,Wave
T100024,14/04/2025,Tambacounda,BTQ-TAM-03,Café Touba 250g,Alimentaire,1230.0,1.0,Wave
T102234,2025-09-24,Dakar,BTQ-DAK-01,Stylo (lot de 10),Fournitures,1420.0,4.0,Orange Money
T103807,2025-02-16,Dakar,BTQ-DAK-04,Café Touba 250g,Alimentaire,1140.0,2.0,Espèces
T103843,2025-07-30,Kaolack,BTQ-KAO-03,Riz brisé 25kg,Alimentaire,12 350 FCFA,3.0,Carte
T101387,2025-06-05,Ziguinchor,BTQ-ZIG-05,Lait en poudre 400g,Alimentaire,2210.0,1.0,Espèces
T104894,2025-02-27,Dakar,BTQ-DAK-02,Pain,Alimentaire,140.0,6.0,Espèces
T103628,2025-11-30,Dakar,BTQ-DAK-01,Sucre 1kg,Alimentaire,740.0,3.0,Wave
T100396,2025-11-08,Dakar,BTQ-DAK-03,Javel 1L,Hygiène,590.0,3.0,Espèces
T103620,2025-05-15,Tambacounda,BTQ-TAM-04,Huile 5L,Alimentaire,6450.0,3.0,Espèces
T101554,2025-12-26,Louga,BTQ-LOU-02,Cahier 200p,Fournitures,470.0,2.0,
T103675,17/06/2025,Thiès,BTQ-THI-05,Stylo (lot de 10),Fournitures,1480.0,2.0,Orange Money
T103929,2025-02-13,Diourbel,BTQ-DIO-04,Javel 1L,Hygiène,600.0,2.0,Wave
T103847,2025-03-18,Louga,BTQ-LOU-04,Javel 1L,Hygiène,590.0,2.0,Wave
T101304,2025-06-25,Diourbel,BTQ-DIO-01,Riz brisé 25kg,Alimentaire,12010.0,2.0,Orange Money
T102110,2025-07-23,Kaolack,BTQ-KAO-01,Recharge Woyofal,Services,5050.0,3.0,Espèces
T103567,2025-03-19,Louga,BTQ-LOU-01,Recharge Woyofal,Services,4730.0,4.0,Orange Money
T104453,2025-12-04,Diourbel,BTQ-DIO-02,Pain,Alimentaire,150.0,3.0,Orange Money
T103659,2025-01-14,Ziguinchor,BTQ-ZIG-01,Café Touba 250g,Alimentaire,1 230 FCFA,4.0,Wave
T100922,2025-06-19,Diourbel,BTQ-DIO-01,Riz brisé 25kg,Alimentaire,12860.0,8.0,Espèces
T101623,2025-11-02,Thiès,BTQ-THI-05,Café Touba 250g,Alimentaire,1230.0,2.0,Orange Money
T100629,2025-11-09,Thiès,BTQ-THI-04,Stylo (lot de 10),Fournitures,1550.0,1.0,Wave
T100638,2025-02-16,Thiès,BTQ-THI-03,Recharge Woyofal,Services,4990.0,5.0,Espèces
T102925,2025-09-22,Dakar,BTQ-DAK-04,Huile 5L,Alimentaire,6460.0,3.0,Espèces
T102933,2025-01-10,Dakar,BTQ-DAK-03,Lait en poudre 400g,Alimentaire,2210.0,2.0,Espèces
T102767,2025-04-23,Louga,BTQ-LOU-05,Stylo (lot de 10),Fournitures,1440.0,3.0,Orange Money
T102230,2025-12-10,Saint-Louis,,Sucre 1kg,Alimentaire,720 FCFA,5.0,
T102000,2025-07-05,Louga,BTQ-LOU-05,Cahier 200p,Fournitures,510.0,3.0,Espèces
T103137,2025-09-13,St-Louis,BTQ-SAI-02,Pain,Alimentaire,160.0,4.0,
T101790,2025-03-07,Dakar,BTQ-DAK-02,Javel 1L,Hygiène,570.0,4.0,Espèces
T102914,2025-03-31,Diourbel,BTQ-DIO-03,Cahier 200p,Fournitures,510.0,4.0,Wave
T100181,2025-12-02,Dakar,BTQ-DAK-04,Recharge Woyofal,Services,4700.0,3.0,Wave
T102470,2025-07-24,Dakar,BTQ-DAK-02,Stylo (lot de 10),Fournitures,1490.0,,Carte
T104712,2025-09-14,Tambacounda,BTQ-TAM-03,Cahier 200p,Fournitures,490.0,4.0,Espèces
T101362,2025-10-19,Saint-Louis,BTQ-SAI-02,Sucre 1kg,Alimentaire,690.0,4.0,Wave
T103441,2025-11-16,Kaolack,BTQ-KAO-05,Huile 5L,Alimentaire,6410.0,4.0,Wave
T101842,2025-09-26,Diourbel,BTQ-DIO-03,Stylo (lot de 10),Fournitures,1470.0,3.0,
T100582,2025-06-23,Louga,BTQ-LOU-03,Recharge Woyofal,Services,4770.0,3.0,Wave
T100429,2025-01-08, Dakar ,BTQ-DAK-01,Savon (lot de 4),Hygiène,1020.0,3.0,
T100556,2025-12-08,dakar,BTQ-DAK-05,Sucre 1kg,Alimentaire,730.0,3.0,Espèces
T104127,2025-08-28,Louga,BTQ-LOU-02,Cahier 200p,Fournitures,470.0,2.0,Espèces
T101811,2025-12-11,Dakar,BTQ-DAK-02,Huile 5L,Alimentaire,6480.0,4.0,Orange Money
T102469,23-05-2025,Dakar,BTQ-DAK-05,Crédit téléphone,Services,910.0,2.0,Espèces
T100432,2025-05-13,Louga,BTQ-LOU-05,Recharge Woyofal,Services,5190.0,3.0,Orange Money
T103227,2025-12-19,Dakar,BTQ-DAK-03,Sucre 1kg,Alimentaire,700.0,5.0,Espèces
T103831,2025-11-21,Dakar,BTQ-DAK-01,Recharge Woyofal,Services,5220.0,2.0,Espèces
T102145,11-03-2025,Kaolack,BTQ-KAO-02,Javel 1L,Hygiène,590.0,5.0,Wave
T100948,2025-11-21,Dakar,BTQ-DAK-02,Javel 1L,Hygiène,600.0,2.0,Orange Money
T101077,2025-09-22,Dakar,BTQ-DAK-04,Lait en poudre 400g,Alimentaire,2360.0,4.0,Espèces
T103652,2025-10-06,Louga,BTQ-LOU-05,Cahier 200p,Fournitures,480.0,1.0,Orange Money
T104313,2025-12-28,Dakar,BTQ-DAK-05,Savon (lot de 4),Hygiène,1 080 FCFA,2.0,Espèces
T101948,2025-03-12,Kaolack,BTQ-KAO-05,Lait en poudre 400g,Alimentaire,2110.0,2.0,Orange Money
T101795,08-09-2025,Ziguinchor,BTQ-ZIG-05,Lait en poudre 400g,Alimentaire,2470.0,4.0,Espèces
T104097,2025-11-12,Ziguinchor,BTQ-ZIG-05,Huile 5L,Alimentaire,6050.0,2.0,Wave
T102865,2025-08-29,Louga,,Pain,Alimentaire,140.0,5.0,Wave
T104375,07-12-2025,Dakar,BTQ-DAK-01,Sucre 1kg,Alimentaire,680.0,4.0,Wave
T101951,2025-05-09,Dakar,BTQ-DAK-03,Crédit téléphone,Services,1060.0,2.0,Wave
T100899,2025-08-08,Ziguinchor,BTQ-ZIG-02,Riz brisé 25kg,Alimentaire,13390.0,1.0,Espèces
T102248,2025-11-05,St-Louis,BTQ-SAI-02,Lait en poudre 400g,Alimentaire,2400.0,2.0,
T101355,2025-05-17,Thiès,BTQ-THI-04,Café Touba 250g,Alimentaire,1 190 FCFA,4.0,Espèces
T101745,2025-08-10,Tambacounda,BTQ-TAM-04,Stylo (lot de 10),Fournitures,1590.0,6.0,Wave
T104479,2025-12-02,Thiès,BTQ-THI-03,Savon (lot de 4),Hygiène,1000.0,1.0,Wave
T103280,25-07-2025,St-Louis,BTQ-SAI-02,Café Touba 250g,Alimentaire,1130.0,1.0,Orange Money
T103072,08/09/2025,Ziguinchor,BTQ-ZIG-03,Crédit téléphone,Services,1010.0,3.0,Espèces
T100101,2025-08-15,Kaolack,BTQ-KAO-04,Cahier 200p,Fournitures,490.0,3.0,Orange Money
T102273,2025-08-02,Dakar,BTQ-DAK-03,Recharge Woyofal,Services,5020.0,2.0,Espèces
T102113,2025-08-31,Ziguinchor,BTQ-ZIG-04,Javel 1L,Hygiène,590.0,3.0,Espèces
T103272,21-12-2025,Dakar,BTQ-DAK-03,Recharge Woyofal,Services,5060.0,2.0,Espèces
T101382,2025-06-20,Kaolack,BTQ-KAO-01,Javel 1L,Hygiène,610.0,4.0,
T104577,2025-09-20,Thiès,BTQ-THI-05,Café Touba 250g,Alimentaire,1160.0,3.0,Espèces
T104837,2025-08-19,Diourbel,BTQ-DIO-04,Pain,Alimentaire,140.0,1.0,Wave
T101853,2025-01-28,Dakar,BTQ-DAK-01,Pain,Alimentaire,150.0,3.0,Orange Money
T104668,2025-03-07,Dakar,BTQ-DAK-01,Javel 1L,Hygiène,600.0,3.0,Espèces
T101245,2025-10-30,Dakar,BTQ-DAK-01,Cahier 200p,Fournitures,500.0,4.0,Espèces
T101461,2025-07-10,Kaolack,BTQ-KAO-04,Cahier 200p,Fournitures,490.0,2.0,Wave
T100728,2025-05-24,Dakar,BTQ-DAK-04,Savon (lot de 4),Hygiène,940.0,1.0,Espèces
T104776,2025-08-24,Dakar,BTQ-DAK-03,Riz brisé 25kg,Alimentaire,12990.0,4.0,Espèces
T103482,2025-05-11,Diourbel,BTQ-DIO-02,Pain,Alimentaire,150.0,3.0,Espèces
T104431,2025-02-16,Dakar,BTQ-DAK-01,Lait en poudre 400g,Alimentaire,2160.0,3.0,Orange Money
T103668,16-01-2025,Dakar,BTQ-DAK-04,Lait en poudre 400g,Alimentaire,2380.0,3.0,Wave
T104745,2025-03-07,ZIGUINCHOR,BTQ-ZIG-05,Huile 5L,Alimentaire,6420.0,2.0,Espèces
T100554,2025-08-12,Diourbel,BTQ-DIO-03,Stylo (lot de 10),Fournitures,1490.0,2.0,Wave
T104662,2025-02-24,Dakar,BTQ-DAK-03,Huile 5L,Alimentaire,6230.0,3.0,Espèces
T103295,2025-08-15,Diourbel,BTQ-DIO-03,Riz brisé 25kg,Alimentaire,11740.0,3.0,
T104682,2025-12-22,Diourbel,BTQ-DIO-01,Stylo (lot de 10),Fournitures,1530.0,3.0,Wave
T102204,2025-02-23,Ziguinchor,BTQ-ZIG-01,Lait en poudre 400g,Alimentaire,2230.0,1.0,
T102769,17-06-2025,Tambacounda,BTQ-TAM-01,Lait en poudre 400g,Alimentaire,2310.0,,Wave
T101153,2025-07-13,Ziguinchor,BTQ-ZIG-04,Huile 5L,Alimentaire,6220.0,,Wave
T103001,2025-03-25,Kaolack,BTQ-KAO-03,Cahier 200p,Fournitures,470.0,5.0,Espèces
T102393,2025-05-20,Thiès,,Café Touba 250g,Alimentaire,1180.0,2.0,Orange Money
T100149,2025-11-21,Kaolack,BTQ-KAO-02,Riz brisé 25kg,Alimentaire,12180.0,4.0,Orange Money
T101369,2025-07-17,Diourbel,BTQ-DIO-05,Crédit téléphone,Services,1000.0,2.0,Orange Money
T101217,2025-08-07,saint-louis,BTQ-SAI-01,Huile 5L,Alimentaire,6630.0,3.0,Wave
T102944,2025-12-20,tambacounda,BTQ-TAM-02,Riz brisé 25kg,Alimentaire,12450.0,5.0,Wave
T103217,2025-01-25,Kaolack,BTQ-KAO-05,Stylo (lot de 10),Fournitures,1480.0,3.0,Espèces
T102181,2025-12-10, Saint-Louis ,BTQ-SAI-03,Recharge Woyofal,Services,4890.0,1.0,Orange Money
T102570,2025-06-20,Thiès,BTQ-THI-02,Crédit téléphone,Services,1020.0,3.0,Wave
T101562,2025-12-08,Diourbel,BTQ-DIO-04,Crédit téléphone,Services,930.0,1.0,Espèces
T104383,2025-12-12,Dakar,BTQ-DAK-04,Sucre 1kg,Alimentaire,690.0,1.0,Espèces
T100497,2025-02-12,Ziguinchor,BTQ-ZIG-03,Savon (lot de 4),Hygiène,1020.0,1.0,Espèces
T104024,2025-08-25,Dakar,BTQ-DAK-03,Recharge Woyofal,Services,5010.0,3.0,Wave
T102102,2025-09-23,Dakar,BTQ-DAK-02,Sucre 1kg,Alimentaire,720.0,3.0,Wave
T104758,02/06/2025,Tambacounda,BTQ-TAM-02,Lait en poudre 400g,Alimentaire,2260.0,3.0,Espèces
T100232,2025-06-04,Ziguinchor,BTQ-ZIG-01,Savon (lot de 4),Hygiène,1020.0,1.0,Espèces
T103898,2025-06-01,Dakar,BTQ-DAK-02,Huile 5L,Alimentaire,6 100 FCFA,1.0,Orange Money
T101801,2025-08-19,Dakar,BTQ-DAK-02,Lait en poudre 400g,Alimentaire,2310.0,3.0,Espèces
T100295,2025-05-15,Thiès,BTQ-THI-02,Lait en poudre 400g,Alimentaire,2250.0,2.0,Espèces
T101671,2025-01-23,Thiès,BTQ-THI-02,Riz brisé 25kg,Alimentaire,11980.0,3.0,Wave
T104144,2025-02-14,Dakar,BTQ-DAK-01,Crédit téléphone,Services,1 020 FCFA,4.0,Wave
T100666,2025-07-21,Diourbel,BTQ-DIO-04,Javel 1L,Hygiène,570 FCFA,6.0,Espèces
T100504,2025-05-02,Diourbel,BTQ-DIO-04,Pain,Alimentaire,140 FCFA,5.0,Wave
T100500,2025-07-08,Dakar,BTQ-DAK-05,Savon (lot de 4),Hygiène,990.0,1.0,Wave
T102053,2025-08-21,Ziguinchor,BTQ-ZIG-01,Huile 5L,Alimentaire,6540.0,3.0,Wave
T104197,2025-07-28,Dakar,BTQ-DAK-04,Crédit téléphone,Services,1000.0,3.0,Espèces
T104199,13/02/2025,Ziguinchor,BTQ-ZIG-05,Riz brisé 25kg,Alimentaire,13080.0,2.0,Orange Money
T101710,25/09/2025,Tambacounda,BTQ-TAM-02,Stylo (lot de 10),Fournitures,1510.0,2.0,Wave
T102185,2025-05-18,Ziguinchor,BTQ-ZIG-02,Lait en poudre 400g,Alimentaire,2350.0,3.0,Espèces
T101440,2025-09-25,Dakar,BTQ-DAK-05,Café Touba 250g,Alimentaire,1170.0,3.0,Espèces
T100102,2025-01-13,Saint-Louis,BTQ-SAI-03,Huile 5L,Alimentaire,6060.0,4.0,Espèces
T102058,2025-09-30,Dakar,BTQ-DAK-04,Huile 5L,Alimentaire,6770.0,3.0,Wave
T101531,2025-07-07,Thiès,BTQ-THI-03,Café Touba 250g,Alimentaire,1220.0,2.0,Wave
T100290,30-03-2025,Dakar,,Stylo (lot de 10),Fournitures,1580.0,1.0,Espèces
T100947,2025-11-16,Kaolack,BTQ-KAO-02,Crédit téléphone,Services,1030.0,5.0,Orange Money
T101067,2025-12-23,St-Louis,BTQ-SAI-05,Recharge Woyofal,Services,5030.0,2.0,Espèces
T100119,2025-10-17,Kaolack,BTQ-KAO-03,Pain,Alimentaire,150.0,8.0,Espèces
T102821,2025-03-26,Kaolack,BTQ-KAO-03,Recharge Woyofal,Services,5080.0,3.0,Espèces
T102604,2025-12-11,Kaolack,BTQ-KAO-04,Recharge Woyofal,Services,5450.0,2.0,Espèces
T103774,2025-11-13,Dakar,BTQ-DAK-02,Crédit téléphone,Services,990 FCFA,2.0,Orange Money
T103241,2025-05-20,Dakar,BTQ-DAK-03,Lait en poudre 400g,Alimentaire,2 200 FCFA,1.0,Wave
T103459,2025-08-25,Thiès,BTQ-THI-05,Lait en poudre 400g,Alimentaire,2360.0,4.0,Carte
T103494,2025-02-08,Ziguinchor,BTQ-ZIG-05,Recharge Woyofal,Services,5 330 FCFA,2.0,Orange Money
T104629,2025-12-13,Thiès,BTQ-THI-02,Pain,Alimentaire,150.0,3.0,Espèces
T101105,2025-06-11,Saint-Louis,BTQ-SAI-02,Stylo (lot de 10),Fournitures,1 500 FCFA,5.0,Orange Money
T104384,2025-06-24,Dakar,BTQ-DAK-05,Huile 5L,Alimentaire,6420.0,4.0,Espèces
T101008,2025-04-23,Dakar,BTQ-DAK-01,Pain,Alimentaire,150.0,3.0,Espèces
T104250,2025-10-19,St-Louis,BTQ-SAI-01,Riz brisé 25kg,Alimentaire,12790.0,1.0,Wave
T101017,2025-06-06,Diourbel,BTQ-DIO-05,Sucre 1kg,Alimentaire,730.0,3.0,Orange Money
T103416,2025-07-25,Saint-Louis,BTQ-SAI-05,Lait en poudre 400g,Alimentaire,2450.0,4.0,
T102033,2025-08-13,Dakar,BTQ-DAK-01,Huile 5L,Alimentaire,6560.0,4.0,Carte
T102937,2025-12-10,Dakar,BTQ-DAK-05,Cahier 200p,Fournitures,510.0,3.0,Espèces
T101635,2025-10-21,Dakar,BTQ-DAK-04,Riz brisé 25kg,Alimentaire,12110.0,4.0,Orange Money
T103787,2025-05-21,Thiès,BTQ-THI-02,Café Touba 250g,Alimentaire,1130.0,3.0,Espèces
T102100,2025-07-22,Kaolack,BTQ-KAO-03,Stylo (lot de 10),Fournitures,1600.0,5.0,Espèces
T101376,2025-09-08,Kaolack,BTQ-KAO-03,Lait en poudre 400g,Alimentaire,2210.0,1.0,Orange Money
T102119,2025-06-13,Diourbel,BTQ-DIO-04,Savon (lot de 4),Hygiène,1 000 FCFA,3.0,Wave
T100672,2025-11-05,Diourbel,BTQ-DIO-01,Sucre 1kg,Alimentaire,730 FCFA,3.0,Wave
T100886,03/02/2025,Louga,BTQ-LOU-02,Pain,Alimentaire,150.0,1.0,Espèces
T101507,2025-03-26,Diourbel,BTQ-DIO-05,Crédit téléphone,Services,1080.0,5.0,Wave
T101731,2025-02-16,Dakar,BTQ-DAK-03,Stylo (lot de 10),Fournitures,1 460 FCFA,,Espèces
T103060,2025-06-25,Thiès,,Javel 1L,Hygiène,620 FCFA,2.0,Wave
T100129,2025-11-27,Thiès,BTQ-THI-02,Huile 5L,Alimentaire,6440.0,3.0,Wave
T100476,2025-09-19,Diourbel,BTQ-DIO-01,Huile 5L,Alimentaire,6 120 FCFA,1.0,Espèces
T102374,2025-06-28,Dakar,BTQ-DAK-03,Recharge Woyofal,Services,5300.0,3.0,Espèces
T103856,08-01-2025,Ziguinchor,BTQ-ZIG-01,Lait en poudre 400g,Alimentaire,2210.0,2.0,Espèces
T104338,2025-02-21,Thiès,BTQ-THI-01,Cahier 200p,Fournitures,520.0,3.0,Espèces
T103734,2025-11-01,Thiès,BTQ-THI-02,Café Touba 250g,Alimentaire,1150.0,2.0,Carte
T103905,2025-11-07,Thiès,BTQ-THI-02,Pain,Alimentaire,160.0,5.0,
T102015,2025-02-26,Dakar,BTQ-DAK-01,Savon (lot de 4),Hygiène,920.0,3.0,Espèces
T102891,2025-08-22,Tambacounda,BTQ-TAM-01,Stylo (lot de 10),Fournitures,1490.0,2.0,Espèces
T101931,2025-09-22,Thiès,BTQ-THI-01,Savon (lot de 4),Hygiène,960.0,3.0,Wave
T100864,2025-01-19,Saint-Louis,BTQ-SAI-01,Lait en poudre 400g,Alimentaire,2 290 FCFA,,Wave
T100658,2025-05-25,Thiès,BTQ-THI-02,Riz brisé 25kg,Alimentaire,12060.0,4.0,Carte
T101739,23/07/2025,Kaolack,BTQ-KAO-03,Savon (lot de 4),Hygiène,1010.0,,Espèces
T102781,2025-02-12,Saint-Louis,BTQ-SAI-04,Stylo (lot de 10),Fournitures,1510.0,1.0,Wave
T102828,18-09-2025,Tambacounda,BTQ-TAM-03,Savon (lot de 4),Hygiène,980.0,5.0,Espèces
T103112,2025-03-02,diourbel,BTQ-DIO-05,Stylo (lot de 10),Fournitures,1410.0,3.0,Orange Money
T101305,2025-07-03,Dakar,BTQ-DAK-05,Recharge Woyofal,Services,5390.0,4.0,Wave
T104075,2025-09-03,Dakar,BTQ-DAK-04,Javel 1L,Hygiène,600.0,4.0,
T104847,2025-10-22,Dakar,BTQ-DAK-03,Cahier 200p,Fournitures,520.0,2.0,Espèces
T104697,2025-05-10,Louga,BTQ-LOU-02,Sucre 1kg,Alimentaire,720.0,1.0,Orange Money
T102314,2025-10-03,Ziguinchor,BTQ-ZIG-04,Javel 1L,Hygiène,600.0,1.0,Wave
T104720,2025-10-02,Kaolack,BTQ-KAO-03,Huile 5L,Alimentaire,6810.0,4.0,Wave
T100132,2025-05-09,saint-louis,BTQ-SAI-01,Lait en poudre 400g,Alimentaire,2280.0,3.0,Orange Money
T104572,2025-12-23,thiès,BTQ-THI-05,Lait en poudre 400g,Alimentaire,2340.0,3.0,Espèces
T102193,2025-10-27,Kaolack,,Pain,Alimentaire,160.0,2.0,Wave
T104042,2025-02-27,Dakar,BTQ-DAK-03,Lait en poudre 400g,Alimentaire,2210.0,4.0,Espèces
T103596,2025-11-22,Thiès,BTQ-THI-03,Lait en poudre 400g,Alimentaire,2350.0,3.0,Wave
T103378,2025-08-12,Diourbel,BTQ-DIO-05,Café Touba 250g,Alimentaire,1190.0,2.0,Wave
T104462,2025-12-29,Tambacounda,BTQ-TAM-05,Crédit téléphone,Services,970.0,5.0,Espèces
T103204,2025-05-29,St-Louis,BTQ-SAI-03,Lait en poudre 400g,Alimentaire,2280.0,3.0,
T103927,2025-04-03,Dakar,BTQ-DAK-04,Javel 1L,Hygiène,590.0,2.0,Wave
T104566,2025-03-24,Thiès,BTQ-THI-05,Crédit téléphone,Services,990.0,1.0,Espèces
T100763,11/07/2025,Saint-Louis,BTQ-SAI-05,Huile 5L,Alimentaire,6620.0,2.0,Orange Money
T104601,2025-03-08,Saint-Louis,BTQ-SAI-03,Lait en poudre 400g,Alimentaire,2 270 FCFA,3.0,Espèces
T100284,19-02-2025,Thiès,BTQ-THI-05,Riz brisé 25kg,Alimentaire,12260.0,3.0,
T103049,2025-10-06,Tambacounda,BTQ-TAM-02,Cahier 200p,Fournitures,500.0,3.0,Wave
T103205,2025-03-17,St-Louis,BTQ-SAI-04,Crédit téléphone,Services,940.0,3.0,Espèces
T102259,2025-06-29,Thiès,BTQ-THI-02,Recharge Woyofal,Services,4570.0,2.0,Orange Money
T102848,15/02/2025,Thiès,BTQ-THI-02,Riz brisé 25kg,Alimentaire,12 600 FCFA,2.0,Espèces
T102108,2025-04-22,Ziguinchor,BTQ-ZIG-02,Crédit téléphone,Services,980.0,4.0,Wave
T101353,2025-05-14,Tambacounda,BTQ-TAM-02,Savon (lot de 4),Hygiène,940.0,3.0,Orange Money
T102476,2025-10-21,thiès,BTQ-THI-01,Savon (lot de 4),Hygiène,990.0,4.0,Orange Money
T103584,2025-07-03,Dakar,BTQ-DAK-05,Lait en poudre 400g,Alimentaire,2150.0,2.0,Espèces
T104469,22/01/2025,Dakar,BTQ-DAK-02,Javel 1L,Hygiène,620.0,2.0,Orange Money
T102246,2025-07-15,Thiès,BTQ-THI-05,Javel 1L,Hygiène,580 FCFA,2.0,Orange Money
T100208,2025-02-22,Dakar,BTQ-DAK-03,Huile 5L,Alimentaire,6150.0,2.0,Espèces
T101194,2025-08-27,Thiès,BTQ-THI-03,Cahier 200p,Fournitures,500.0,1.0,Espèces
T104904,29-04-2025,Kaolack,BTQ-KAO-04,Crédit téléphone,Services,1070.0,5.0,Orange Money
T100697,2025-02-28,Dakar,BTQ-DAK-04,Sucre 1kg,Alimentaire,670.0,5.0,Espèces
T101533,2025-03-29,St-Louis,BTQ-SAI-01,Lait en poudre 400g,Alimentaire,2280.0,4.0,Wave
T102322,2025-09-06,Ziguinchor,BTQ-ZIG-02,Cahier 200p,Fournitures,490 FCFA,3.0,Espèces
T102225,2025-06-30,Dakar,BTQ-DAK-05,Cahier 200p,Fournitures,480.0,6.0,Espèces
T101565,2025-11-06,Tambacounda,BTQ-TAM-03,Café Touba 250g,Alimentaire,1180.0,1.0,Wave
T103986,2025-10-15,Ziguinchor,BTQ-ZIG-01,Recharge Woyofal,Services,5120.0,2.0,Espèces
T104624,2025-01-19,Dakar,BTQ-DAK-02,Riz brisé 25kg,Alimentaire,12290.0,5.0,Espèces
T101881,2025-08-24,Dakar,BTQ-DAK-04,Javel 1L,Hygiène,570 FCFA,3.0,Espèces
T101919,2025-03-22,Dakar,BTQ-DAK-01,Crédit téléphone,Services,950 FCFA,7.0,Wave
T102883,2025-02-09,Dakar,BTQ-DAK-01,Huile 5L,Alimentaire,6620.0,3.0,Orange Money
T101541,2025-12-06,Dakar,BTQ-DAK-01,Pain,Alimentaire,150 FCFA,,Wave
T101895,2025-02-28,Diourbel,BTQ-DIO-03,Pain,Alimentaire,150.0,2.0,Wave
T101474,2025-12-15,Thiès,BTQ-THI-04,Café Touba 250g,Alimentaire,1160.0,3.0,Orange Money
T103385,2025-03-10,Thiès,BTQ-THI-03,Café Touba 250g,Alimentaire,1250.0,7.0,Carte
T102734,2025-10-28,Tambacounda,BTQ-TAM-02,Recharge Woyofal,Services,5090.0,2.0,Carte
T103693,2025-05-14,Ziguinchor,,Café Touba 250g,Alimentaire,1220.0,2.0,Orange Money
T103408,2025-05-07,thiès,BTQ-THI-02,Recharge Woyofal,Services,5260.0,2.0,Espèces
T103896,2025-04-29,Thiès,BTQ-THI-04,Recharge Woyofal,Services,5130.0,3.0,Espèces
T101778,2025-08-01,Ziguinchor,BTQ-ZIG-04,Pain,Alimentaire,160 FCFA,1.0,Espèces
T103519,2025-06-06,KAOLACK,BTQ-KAO-05,Pain,Alimentaire,140.0,4.0,Orange Money
T100240,2025-12-26,SAINT-LOUIS,BTQ-SAI-01,Javel 1L,Hygiène,590.0,2.0,Espèces
T104437,2025-06-12,Ziguinchor,BTQ-ZIG-02,Riz brisé 25kg,Alimentaire,13080.0,2.0,
T100142,2025-08-10,Diourbel,BTQ-DIO-04,Cahier 200p,Fournitures,520 FCFA,3.0,Wave
T102804,2025-08-19,ZIGUINCHOR,BTQ-ZIG-01,Pain,Alimentaire,160.0,3.0,Wave
T104122,2025-08-30,Diourbel,BTQ-DIO-03,Café Touba 250g,Alimentaire,1120.0,4.0,
T103091,04/08/2025,Ziguinchor,BTQ-ZIG-05,Lait en poudre 400g,Alimentaire,2 260 FCFA,2.0,Orange Money
T100748,2025-04-03,Dakar,BTQ-DAK-03,Crédit téléphone,Services,910.0,3.0,Espèces
T103352,2025-01-21,Diourbel,BTQ-DIO-01,Cahier 200p,Fournitures,480.0,2.0,Espèces
T100272,2025-09-16,Dakar,BTQ-DAK-05,Sucre 1kg,Alimentaire,740.0,1.0,Wave
T100439,2025-03-06,Kaolack,BTQ-KAO-05,Lait en poudre 400g,Alimentaire,2490.0,4.0,Espèces
T101086,2025-06-06,Ziguinchor,BTQ-ZIG-02,Huile 5L,Alimentaire,6410.0,1.0,Wave
T101127,2025-10-01,thiès,BTQ-THI-04,Huile 5L,Alimentaire,6580.0,1.0,
T101653,2025-05-08,Saint-Louis,BTQ-SAI-04,Savon (lot de 4),Hygiène,940 FCFA,1.0,Wave
T104855,28-09-2025,Diourbel,BTQ-DIO-03,Stylo (lot de 10),Fournitures,1650.0,3.0,Espèces
T101605,2025-10-14,Thiès,BTQ-THI-04,Pain,Alimentaire,150.0,,Espèces
T102441,2025-05-01, Dakar ,BTQ-DAK-05,Javel 1L,Hygiène,570.0,1.0,Espèces
T101356,2025-09-18,Diourbel,BTQ-DIO-02,Pain,Alimentaire,140.0,2.0,Orange Money
T104428,2025-12-24,St-Louis,BTQ-SAI-05,Riz brisé 25kg,Alimentaire,11920.0,1.0,Wave
T100806,2025-12-01,Dakar,BTQ-DAK-02,Javel 1L,Hygiène,600.0,1.0,Espèces
T104532,2025-12-20,Diourbel,BTQ-DIO-04,Pain,Alimentaire,140 FCFA,3.0,
T104065,2025-07-23,Dakar,BTQ-DAK-03,Recharge Woyofal,Services,4890.0,2.0,Espèces
T101809,2025-02-01,Dakar,BTQ-DAK-04,Recharge Woyofal,Services,4840.0,4.0,Wave
T102756,2025-09-23,Thiès,BTQ-THI-05,Javel 1L,Hygiène,590.0,2.0,Wave
T103997,2025-03-19,SAINT-LOUIS,BTQ-SAI-03,Recharge Woyofal,Services,5 100 FCFA,1.0,Espèces
T101012,2025-05-11,Tambacounda,BTQ-TAM-05,Crédit téléphone,Services,930.0,2.0,Espèces
T104501,2025-08-12,Diourbel,BTQ-DIO-01,Pain,Alimentaire,160.0,4.0,Espèces
T102947,2025-02-28,Diourbel,BTQ-DIO-05,Javel 1L,Hygiène,580.0,1.0,Espèces
T104184,2025-06-13,Saint-Louis,BTQ-SAI-02,Café Touba 250g,Alimentaire,1300.0,1.0,Espèces
T100902,11/04/2025, Saint-Louis ,BTQ-SAI-04,Crédit téléphone,Services,1000.0,3.0,Espèces
T103535,2025-01-02,Ziguinchor,BTQ-ZIG-04,Café Touba 250g,Alimentaire,1190.0,,Espèces
T102254,2025-07-27,Saint-Louis,BTQ-SAI-03,Pain,Alimentaire,140.0,3.0,Orange Money
T104445,2025-12-01,Thiès,BTQ-THI-03,Cahier 200p,Fournitures,500 FCFA,3.0,Espèces
T102270,2025-08-26,Saint-Louis,BTQ-SAI-01,Crédit téléphone,Services,920.0,-2.0,Espèces
T100515,2025-12-07,Dakar,BTQ-DAK-05,Javel 1L,Hygiène,620.0,3.0,Wave
T100411,2025-10-09,Kaolack,BTQ-KAO-03,Sucre 1kg,Alimentaire,690 FCFA,3.0,Carte
T102598,23/10/2025, Diourbel ,BTQ-DIO-05,Javel 1L,Hygiène,590.0,1.0,Wave
T101995,2025-03-26,Dakar,BTQ-DAK-01,Crédit téléphone,Services,1 030 FCFA,,Espèces
T103444,2025-06-29,Ziguinchor,BTQ-ZIG-05,Lait en poudre 400g,Alimentaire,2260.0,4.0,Espèces
T103490,2025-12-11,dakar,BTQ-DAK-01,Riz brisé 25kg,Alimentaire,11430.0,7.0,Wave
T103214,12/09/2025,Kaolack,BTQ-KAO-05,Pain,Alimentaire,150.0,1.0,Orange Money
T100122,2025-10-02,Thiès,BTQ-THI-05,Stylo (lot de 10),Fournitures,1460.0,2.0,Espèces
T102636,2025-07-13,Dakar,BTQ-DAK-03,Huile 5L,Alimentaire,6 250 FCFA,5.0,Carte
T102906,2025-10-26,Dakar,BTQ-DAK-04,Lait en poudre 400g,Alimentaire,2410.0,5.0,Espèces
T102902,2025-01-10,Dakar,BTQ-DAK-02,Recharge Woyofal,Services,4 470 FCFA,4.0,Espèces
T103191,2025-09-01,Thiès,BTQ-THI-03,Huile 5L,Alimentaire,6910.0,2.0,
T102438,05/05/2025,Dakar,BTQ-DAK-01,Cahier 200p,Fournitures,470.0,1.0,Orange Money
T101784,2025-01-21,Dakar,BTQ-DAK-01,Riz brisé 25kg,Alimentaire,12120.0,4.0,Wave
T100717,2025-04-15,Kaolack,BTQ-KAO-01,Stylo (lot de 10),Fournitures,1510.0,4.0,Wave
T104373,20/08/2025,Dakar,BTQ-DAK-05,Stylo (lot de 10),Fournitures,1450.0,1.0,Orange Money
T100403,2025-08-27,Dakar,BTQ-DAK-04,Sucre 1kg,Alimentaire,730.0,3.0,Wave
T100696,2025-08-03,Diourbel,BTQ-DIO-01,Recharge Woyofal,Services,4600.0,2.0,Espèces
T100803,2025-04-03,Dakar,BTQ-DAK-05,Cahier 200p,Fournitures,500.0,2.0,Espèces
T103456,2025-11-01,diourbel,BTQ-DIO-01,Javel 1L,Hygiène,570.0,4.0,Wave
T100961,2025-03-26,Dakar,BTQ-DAK-05,Lait en poudre 400g,Alimentaire,2 450 FCFA,1.0,Orange Money
T100025,2025-08-21,Thiès,BTQ-THI-05,Recharge Woyofal,Services,5120.0,2.0,Carte
T104937,2025-04-09,Kaolack,BTQ-KAO-02,Riz brisé 25kg,Alimentaire,12690.0,4.0,Wave
T101903,21-02-2025,Dakar,BTQ-DAK-05,Cahier 200p,Fournitures,480 FCFA,5.0,Wave
T101949,2025-07-20,Ziguinchor,BTQ-ZIG-01,Café Touba 250g,Alimentaire,1240.0,3.0,Espèces
T104666,2025-09-08,Dakar,BTQ-DAK-01,Pain,Alimentaire,150.0,2.0,Carte
T102658,2025-02-01,Dakar,BTQ-DAK-02,Lait en poudre 400g,Alimentaire,2370.0,2.0,Wave
T102747,2025-08-17,Ziguinchor,BTQ-ZIG-04,Javel 1L,Hygiène,600.0,3.0,Espèces
T100531,2025-03-15,Louga,BTQ-LOU-03,Stylo (lot de 10),Fournitures,1460.0,4.0,Wave
T103544,2025-10-02,Diourbel,BTQ-DIO-05,Recharge Woyofal,Services,5 150 FCFA,1.0,Espèces
T102574,2025-12-19,Dakar,BTQ-DAK-03,Crédit téléphone,Services,1000.0,1.0,Espèces
T100579,2025-10-10,Dakar,BTQ-DAK-03,Crédit téléphone,Services,1060.0,1.0,Orange Money
T103818,2025-07-20,Diourbel,BTQ-DIO-04,Recharge Woyofal,Services,4570.0,2.0,Espèces
T100199,2025-08-07,Dakar,BTQ-DAK-01,Lait en poudre 400g,Alimentaire,2280.0,4.0,Carte
T104408,13-02-2025,St-Louis,BTQ-SAI-05,Stylo (lot de 10),Fournitures,1550.0,1.0,Espèces
T101679,2025-08-11,Dakar,BTQ-DAK-01,Huile 5L,Alimentaire,6830.0,2.0,Wave
T102518,2025-08-24,Dakar,BTQ-DAK-05,Savon (lot de 4),Hygiène,1050.0,2.0,Wave
T103253,2025-02-05,Dakar,BTQ-DAK-01,Savon (lot de 4),Hygiène,980.0,2.0,Wave
T100925,2025-12-06,Diourbel,BTQ-DIO-02,Café Touba 250g,Alimentaire,1230.0,5.0,Espèces
T101755,2025-10-07,Ziguinchor,BTQ-ZIG-03,Crédit téléphone,Services,1 020 FCFA,1.0,Espèces
T100598,2025-08-02,Dakar,BTQ-DAK-02,Recharge Woyofal,Services,4 980 FCFA,4.0,Orange Money
T103342,2025-06-16,Saint-Louis,BTQ-SAI-03,Huile 5L,Alimentaire,6230.0,2.0,Wave
T101275,2025-09-16,Diourbel,BTQ-DIO-05,Savon (lot de 4),Hygiène,990.0,2.0,Espèces
T102778,2025-02-27,Dakar,BTQ-DAK-01,Savon (lot de 4),Hygiène,990.0,3.0,Orange Money
T101325,14-07-2025,Diourbel,BTQ-DIO-04,Huile 5L,Alimentaire,6430.0,3.0,Espèces
T101385,2025-10-11,Ziguinchor,BTQ-ZIG-03,Stylo (lot de 10),Fournitures,1 530 FCFA,3.0,Wave
T102807,2025-01-31,Dakar,BTQ-DAK-02,Cahier 200p,Fournitures,500.0,2.0,Espèces
T100532,2025-10-11,Thiès,BTQ-THI-04,Lait en poudre 400g,Alimentaire,2460.0,4.0,
T101160,2025-04-09,Saint-Louis,BTQ-SAI-02,Recharge Woyofal,Services,5440.0,5.0,Wave
T104303,2025-01-27,Ziguinchor,BTQ-ZIG-03,Cahier 200p,Fournitures,540 FCFA,4.0,Orange Money
T101625,2025-12-31,Kaolack,BTQ-KAO-04,Pain,Alimentaire,150.0,1.0,Espèces
T104983,2025-03-05,Kaolack,BTQ-KAO-02,Crédit téléphone,Services,920.0,3.0,Orange Money
T104790,2025-12-04,Tambacounda,BTQ-TAM-04,Sucre 1kg,Alimentaire,690.0,,Espèces
T103625,2025-12-26,Thiès,BTQ-THI-03,Riz brisé 25kg,Alimentaire,11680.0,2.0,Wave
T101890,2025-01-03,Thiès,BTQ-THI-05,Crédit téléphone,Services,990.0,2.0,Wave
T101090,2025-02-26,Saint-Louis,BTQ-SAI-02,Recharge Woyofal,Services,4720.0,3.0,Orange Money
T103658,2025-10-09,Louga,BTQ-LOU-03,Pain,Alimentaire,160.0,4.0,Wave
T103580,29-06-2025,Dakar,BTQ-DAK-01,Riz brisé 25kg,Alimentaire,11950.0,2.0,Espèces
T102824,07/07/2025,Louga,BTQ-LOU-04,Stylo (lot de 10),Fournitures,1 510 FCFA,3.0,Espèces
T101925,2025-01-15,Kaolack,BTQ-KAO-04,Riz brisé 25kg,Alimentaire,12550.0,4.0,Wave
T103363,2025-06-09,Diourbel,BTQ-DIO-05,Savon (lot de 4),Hygiène,1030.0,4.0,Wave
T103677,2025-08-04,Diourbel,BTQ-DIO-04,Lait en poudre 400g,Alimentaire,2320.0,4.0,Wave
T101108,2025-01-27,Dakar,BTQ-DAK-02,Javel 1L,Hygiène,600 FCFA,2.0,Espèces
T102272,2025-04-15,Tambacounda,BTQ-TAM-02,Savon (lot de 4),Hygiène,1010.0,2.0,Espèces
T104060,2025-10-02,Dakar,BTQ-DAK-04,Savon (lot de 4),Hygiène,990.0,3.0,Carte
T102667,2025-08-25,Diourbel,,Café Touba 250g,Alimentaire,1220.0,4.0,Carte
T102347,2025-05-23,Ziguinchor,BTQ-ZIG-01,Crédit téléphone,Services,990.0,5.0,Espèces
T101413,2025-05-26,Dakar,BTQ-DAK-02,Stylo (lot de 10),Fournitures,1 380 FCFA,4.0,Espèces
T102076,2025-06-13,Dakar,BTQ-DAK-01,Sucre 1kg,Alimentaire,660.0,3.0,Carte
T103894,2025-06-23,Dakar,BTQ-DAK-04,Recharge Woyofal,Services,5510.0,3.0,Carte
T100214,2025-08-04,Ziguinchor,BTQ-ZIG-03,Huile 5L,Alimentaire,6720.0,3.0,Wave
T104245,2025-11-01,Ziguinchor,BTQ-ZIG-04,Huile 5L,Alimentaire,6470.0,1.0,Wave
T100387,2025-07-30,Tambacounda,BTQ-TAM-01,Huile 5L,Alimentaire,6590.0,1.0,Wave
T104170,2025-12-07,Ziguinchor,BTQ-ZIG-01,Crédit téléphone,Services,1040.0,3.0,Orange Money
T102025,2025-05-19,Louga,BTQ-LOU-05,Crédit téléphone,Services,950 FCFA,3.0,Espèces
T102644,02-11-2025,Diourbel,BTQ-DIO-02,Savon (lot de 4),Hygiène,1020.0,2.0,Wave
T100731,2025-05-19,kaolack,BTQ-KAO-02,Savon (lot de 4),Hygiène,1 020 FCFA,4.0,Espèces
T102659,2025-04-11,Tambacounda,BTQ-TAM-02,Cahier 200p,Fournitures,520.0,3.0,Wave
T102126,2025-09-06,Dakar,BTQ-DAK-01,Riz brisé 25kg,Alimentaire,12620.0,2.0,Espèces
T100707,2025-05-31,Dakar,BTQ-DAK-05,Café Touba 250g,Alimentaire,1310.0,5.0,Espèces
T103259,2025-12-06,Thiès,BTQ-THI-01,Crédit téléphone,Services,1010.0,3.0,Carte
T101116,2025-11-19,Thiès,BTQ-THI-03,Crédit téléphone,Services,970.0,6.0,Espèces
T101510,2025-12-14,Kaolack,BTQ-KAO-04,Javel 1L,Hygiène,600.0,4.0,Wave
T101445,2025-12-10,kaolack,BTQ-KAO-03,Riz brisé 25kg,Alimentaire,12490.0,2.0,Espèces
T101776,2025-10-22,Diourbel,BTQ-DIO-03,Cahier 200p,Fournitures,490.0,3.0,Wave
T104318,2025-01-25,Thiès,BTQ-THI-02,Javel 1L,Hygiène,620.0,2.0,Espèces
T102965,2025-11-06,Diourbel,BTQ-DIO-04,Stylo (lot de 10),Fournitures,1380.0,4.0,Carte
T104377,2025-04-16,Ziguinchor,BTQ-ZIG-01,Javel 1L,Hygiène,630.0,1.0,Wave
T102975,2025-12-16,Kaolack,BTQ-KAO-04,Recharge Woyofal,Services,5110.0,1.0,Wave
T102243,21/01/2025,St-Louis,BTQ-SAI-01,Riz brisé 25kg,Alimentaire,12670.0,4.0,Espèces
T101156,2025-12-25, Dakar ,BTQ-DAK-05,Recharge Woyofal,Services,4 860 FCFA,1.0,Orange Money
T103232,2025-09-11,louga,BTQ-LOU-01,Savon (lot de 4),Hygiène,1050.0,3.0,Espèces
T100942,05/06/2025,Dakar,BTQ-DAK-03,Crédit téléphone,Services,1040.0,4.0,Espèces
T101115,2025-03-23,Kaolack,BTQ-KAO-03,Recharge Woyofal,Services,5170.0,3.0,Espèces
T103061,2025-05-30,Kaolack,BTQ-KAO-01,Café Touba 250g,Alimentaire,1 120 FCFA,1.0,Espèces
T100805,2025-05-25,Thiès,BTQ-THI-04,Café Touba 250g,Alimentaire,1 200 FCFA,4.0,Wave
T104081,2025-10-03,Dakar,BTQ-DAK-04,Cahier 200p,Fournitures,520 FCFA,5.0,Orange Money
T101502,2025-05-26,Tambacounda,BTQ-TAM-01,Lait en poudre 400g,Alimentaire,2270.0,2.0,Espèces
T104389,2025-05-28,Diourbel,BTQ-DIO-01,Riz brisé 25kg,Alimentaire,12 990 FCFA,2.0,Orange Money
T100332,2025-07-19,Tambacounda,BTQ-TAM-01,Savon (lot de 4),Hygiène,1050.0,3.0,Espèces
T104489,2025-12-03,Louga,BTQ-LOU-02,Riz brisé 25kg,Alimentaire,12300.0,2.0,Orange Money
T101589,2025-12-31,Dakar,BTQ-DAK-01,Riz brisé 25kg,Alimentaire,12470.0,4.0,Wave
T104725,2025-08-13,Diourbel,BTQ-DIO-02,Crédit téléphone,Services,1 050 FCFA,3.0,Wave
T100265,2025-09-29,Tambacounda,BTQ-TAM-04,Pain,Alimentaire,150.0,4.0,Espèces
T104082,2025-06-14,Dakar,BTQ-DAK-02,Riz brisé 25kg,Alimentaire,13440.0,3.0,Wave
T102601,12/11/2025,Kaolack,BTQ-KAO-03,Riz brisé 25kg,Alimentaire,11410.0,3.0,Orange Money
T103161,2025-09-02,St-Louis,BTQ-SAI-03,Huile 5L,Alimentaire,6 530 FCFA,1.0,Wave
T104066,2025-05-04,Kaolack,BTQ-KAO-04,Huile 5L,Alimentaire,6320.0,2.0,Wave
T101035,2025-08-04,Dakar,BTQ-DAK-04,Riz brisé 25kg,Alimentaire,13300.0,3.0,Wave
T103874,2025-03-16,Diourbel,BTQ-DIO-04,Crédit téléphone,Services,1 020 FCFA,3.0,Espèces
T104274,2025-12-08,Tambacounda,BTQ-TAM-02,Cahier 200p,Fournitures,500.0,2.0,Espèces
T101556,2025-06-13,Saint-Louis,BTQ-SAI-03,Riz brisé 25kg,Alimentaire,12910.0,3.0,Espèces
T103575,23/09/2025,Tambacounda,BTQ-TAM-05,Café Touba 250g,Alimentaire,1180.0,2.0,Espèces
T100549,2025-06-07,Thiès,BTQ-THI-05,Stylo (lot de 10),Fournitures,1540.0,4.0,Espèces
T100853,2025-05-01,kaolack,BTQ-KAO-02,Pain,Alimentaire,140.0,3.0,Espèces
T103420,2025-10-28,Tambacounda,BTQ-TAM-03,Cahier 200p,Fournitures,490.0,3.0,Espèces
T101564,2025-05-16,Kaolack,BTQ-KAO-01,Café Touba 250g,Alimentaire,1210.0,2.0,Espèces
T101743,2025-08-13,Tambacounda,BTQ-TAM-04,Pain,Alimentaire,150.0,3.0,Espèces
T103834,2025-05-19,Thiès,BTQ-THI-03,Lait en poudre 400g,Alimentaire,2340.0,2.0,Orange Money
T102303,2025-09-05,Diourbel,BTQ-DIO-02,Recharge Woyofal,Services,5300.0,1.0,Espèces
T100216,2025-05-12,Tambacounda,BTQ-TAM-03,Sucre 1kg,Alimentaire,740.0,3.0,Orange Money
T100491,2025-01-10,Dakar,BTQ-DAK-04,Huile 5L,Alimentaire,6480.0,4.0,Espèces
T101501,2025-09-11,Thiès,BTQ-THI-03,Cahier 200p,Fournitures,500.0,3.0,
T100043,2025-06-07,Ziguinchor,BTQ-ZIG-04,Sucre 1kg,Alimentaire,680.0,,Wave
T102101,2025-01-20,Louga,BTQ-LOU-02,Sucre 1kg,Alimentaire,740.0,1.0,Orange Money
T104955,2025-08-08,Saint-Louis,BTQ-SAI-04,Recharge Woyofal,Services,5050.0,1.0,Espèces
T103650,2025-11-07,Diourbel,BTQ-DIO-04,Café Touba 250g,Alimentaire,1 190 FCFA,1.0,Espèces
T103411,2025-04-13,Thiès,BTQ-THI-02,Pain,Alimentaire,160.0,4.0,Wave
T101849,2025-08-06,Dakar,BTQ-DAK-04,Savon (lot de 4),Hygiène,1 010 FCFA,6.0,Wave
T102066,2025-03-28,Louga,BTQ-LOU-01,Pain,Alimentaire,140.0,3.0,Wave
T104417,2025-04-20,Dakar,BTQ-DAK-04,Crédit téléphone,Services,970 FCFA,4.0,Espèces
T100408,2025-06-18,Kaolack,BTQ-KAO-03,Stylo (lot de 10),Fournitures,1490.0,3.0,Espèces
T101912,2025-08-25,Tambacounda,BTQ-TAM-03,Pain,Alimentaire,160.0,3.0,Wave
T103262,16/06/2025,Thiès,BTQ-THI-03,Savon (lot de 4),Hygiène,980.0,2.0,Wave
T101833,2025-02-27,Dakar,BTQ-DAK-03,Riz brisé 25kg,Alimentaire,13100.0,3.0,Espèces
T104930,2025-01-20,Diourbel,BTQ-DIO-02,Recharge Woyofal,Services,4780.0,2.0,Espèces
T102911,2025-12-04,Louga,BTQ-LOU-02,Huile 5L,Alimentaire,6990.0,3.0,Espèces
T101527,2025-08-19,Tambacounda,BTQ-TAM-05,Cahier 200p,Fournitures,530.0,4.0,Wave
T104309,2025-07-06,Diourbel,BTQ-DIO-03,Stylo (lot de 10),Fournitures,1570.0,3.0,Espèces
T100198,2025-10-08,Saint-Louis,BTQ-SAI-02,Cahier 200p,Fournitures,460.0,4.0,Espèces
T102900,2025-03-10,Dakar,BTQ-DAK-04,Savon (lot de 4),Hygiène,1040.0,6.0,Espèces
T101063,2025-11-15,Diourbel,BTQ-DIO-01,Sucre 1kg,Alimentaire,710.0,3.0,Espèces
T102675,2025-07-05,Ziguinchor,BTQ-ZIG-05,Recharge Woyofal,Services,5 070 FCFA,3.0,Wave
T102380,2025-11-13,Louga,BTQ-LOU-03,Recharge Woyofal,Services,4850.0,2.0,Espèces
T102304,2025-03-06,Kaolack,BTQ-KAO-03,Javel 1L,Hygiène,570 FCFA,4.0,Wave
T104347,2025-10-01,Dakar,BTQ-DAK-03,Crédit téléphone,Services,1030.0,2.0,Wave
T100891,2025-03-13,Dakar,,Crédit téléphone,Services,1000.0,2.0,Orange Money
T103430,2025-11-09,Dakar,BTQ-DAK-03,Stylo (lot de 10),Fournitures,1490.0,4.0,Orange Money
T104614,2025-11-07,Dakar,BTQ-DAK-04,Cahier 200p,Fournitures,490.0,3.0,Espèces
T104220,2025-06-03,Dakar,BTQ-DAK-03,Riz brisé 25kg,Alimentaire,11920.0,2.0,Wave
T102217,2025-08-06,Dakar,BTQ-DAK-05,Recharge Woyofal,Services,5 200 FCFA,5.0,Espèces
T101677,25/08/2025,Dakar,BTQ-DAK-02,Recharge Woyofal,Services,5070.0,5.0,Espèces
T100251,2025-02-13,Louga,BTQ-LOU-02,Lait en poudre 400g,Alimentaire,2350.0,5.0,Espèces
T101428,2025-06-18,Thiès,BTQ-THI-01,Riz brisé 25kg,Alimentaire,12 500 FCFA,1.0,Orange Money
T100845,2025-08-12,Diourbel,BTQ-DIO-03,Huile 5L,Alimentaire,6890.0,,Wave
T103942,2025-10-03,Louga,BTQ-LOU-02,Javel 1L,Hygiène,570.0,4.0,Espèces
T104694,2025-12-30,Thiès,BTQ-THI-04,Recharge Woyofal,Services,5100.0,5.0,Wave
T100814,2025-09-04,Dakar,BTQ-DAK-03,Recharge Woyofal,Services,5070.0,2.0,Espèces
T100061,2025-03-18,Dakar,BTQ-DAK-01,Recharge Woyofal,Services,5190.0,4.0,Wave
T101973,2025-02-19,Diourbel,BTQ-DIO-03,Stylo (lot de 10),Fournitures,1480.0,2.0,Wave
T101864,2025-04-18,Louga,BTQ-LOU-05,Huile 5L,Alimentaire,6600.0,4.0,Wave
T102978,2025-02-19,Dakar,BTQ-DAK-01,Pain,Alimentaire,150.0,4.0,Carte
T100927,2025-07-08,Diourbel,BTQ-DIO-04,Recharge Woyofal,Services,4960.0,2.0,Orange Money
T104873,2025-12-03,Dakar,BTQ-DAK-05,Café Touba 250g,Alimentaire,1270.0,1.0,Wave
T103193,2025-09-21,Louga,BTQ-LOU-02,Pain,Alimentaire,160.0,6.0,Orange Money
T104277,2025-07-08,Thiès,BTQ-THI-03,Pain,Alimentaire,160.0,8.0,Espèces
T103554,2025-10-14,Thiès,BTQ-THI-05,Huile 5L,Alimentaire,6620.0,2.0,Wave
T104402,2025-11-08,Louga,BTQ-LOU-05,Huile 5L,Alimentaire,6 590 FCFA,3.0,Espèces
T103525,08/11/2025,Louga,BTQ-LOU-02,Stylo (lot de 10),Fournitures,1 450 FCFA,3.0,Orange Money
T103731,2025-10-28,Saint-Louis,BTQ-SAI-02,Lait en poudre 400g,Alimentaire,2170.0,2.0,Wave
T103221,2025-12-13,Thiès,BTQ-THI-03,Savon (lot de 4),Hygiène,1040.0,5.0,Espèces
T103400,14/01/2025,Louga,BTQ-LOU-03,Lait en poudre 400g,Alimentaire,2 350 FCFA,5.0,Orange Money
T101866,2025-09-29,LOUGA,BTQ-LOU-05,Stylo (lot de 10),Fournitures,1510.0,3.0,Wave
T104942,2025-11-20,LOUGA,BTQ-LOU-03,Riz brisé 25kg,Alimentaire,12690.0,3.0,Orange Money
T103220,2025-06-22,Ziguinchor,,Recharge Woyofal,Services,5050.0,2.0,Espèces
T104597,2025-11-09,St-Louis,BTQ-SAI-03,Recharge Woyofal,Services,4830.0,1.0,Wave
T101068,2025-02-24,Thiès,BTQ-THI-03,Sucre 1kg,Alimentaire,710.0,1.0,Espèces
T103160,2025-12-30,Thiès,BTQ-THI-03,Stylo (lot de 10),Fournitures,1450.0,5.0,Wave
T103158,2025-10-05,Thiès,BTQ-THI-01,Recharge Woyofal,Services,4920.0,1.0,Espèces
T100563,2025-03-04,Dakar,BTQ-DAK-03,Javel 1L,Hygiène,620.0,3.0,Carte
T102036,2025-01-06,Diourbel,BTQ-DIO-04,Sucre 1kg,Alimentaire,730.0,5.0,Espèces
T100278,2025-09-11,Saint-Louis,BTQ-SAI-05,Stylo (lot de 10),Fournitures,1 490 FCFA,3.0,Espèces
T100957,2025-04-05,Dakar,BTQ-DAK-03,Riz brisé 25kg,Alimentaire,12680.0,3.0,Wave
T100443,2025-06-29,Thiès,BTQ-THI-02,Recharge Woyofal,Services,5200.0,1.0,Espèces
T104975,2025-02-02,Thiès,BTQ-THI-03,Pain,Alimentaire,150.0,4.0,
T103948,2025-02-16,Diourbel,BTQ-DIO-03,Café Touba 250g,Alimentaire,1190.0,2.0,Espèces
T101555,2025-07-24,Thiès,BTQ-THI-01,Cahier 200p,Fournitures,530.0,4.0,Wave
T101929,2025-12-25,Louga,BTQ-LOU-02,Savon (lot de 4),Hygiène,1040.0,4.0,Espèces
T101537,2025-01-19,Kaolack,,Javel 1L,Hygiène,620.0,1.0,Wave
T104116,2025-06-25,Thiès,BTQ-THI-02,Cahier 200p,Fournitures,510.0,1.0,Espèces
T100983,2025-07-13,Tambacounda,BTQ-TAM-04,Cahier 200p,Fournitures,490.0,2.0,Carte
T104552,2025-08-07,Dakar,BTQ-DAK-04,Stylo (lot de 10),Fournitures,1480.0,250.0,Espèces
T101418,2025-06-11,Dakar,BTQ-DAK-01,Crédit téléphone,Services,910.0,3.0,Espèces
T102070,2025-09-30, Diourbel ,BTQ-DIO-01,Cahier 200p,Fournitures,510.0,5.0,Wave
T100440,2025-02-22,Diourbel,BTQ-DIO-04,Recharge Woyofal,Services,4890.0,2.0,Wave
T100242,2025-12-29,Diourbel,BTQ-DIO-05,Sucre 1kg,Alimentaire,720.0,3.0,Espèces
T103056,2025-11-17,Tambacounda,BTQ-TAM-05,Riz brisé 25kg,Alimentaire,12260.0,2.0,Orange Money
T104248,2025-11-30,Tambacounda,BTQ-TAM-05,Recharge Woyofal,Services,5430.0,3.0,
T102817,20-06-2025,Tambacounda,BTQ-TAM-02,Savon (lot de 4),Hygiène,980.0,3.0,Espèces
T100419,2025-11-17,Diourbel,BTQ-DIO-05,Lait en poudre 400g,Alimentaire,2280.0,3.0,Wave
T102115,2025-09-09,Saint-Louis,BTQ-SAI-03,Huile 5L,Alimentaire,6480.0,5.0,Espèces
T101320,2025-09-09,Dakar,BTQ-DAK-04,Huile 5L,Alimentaire,6490.0,2.0,Espèces
T104212,2025-09-08,Kaolack,BTQ-KAO-03,Riz brisé 25kg,Alimentaire,13620.0,2.0,Carte
T100135,11/05/2025,Thiès,BTQ-THI-04,Javel 1L,Hygiène,590.0,2.0,Wave
T100397,2025-04-16,Kaolack,BTQ-KAO-03,Riz brisé 25kg,Alimentaire,12 980 FCFA,2.0,Espèces
T102640,2025-04-14,Saint-Louis,BTQ-SAI-05,Sucre 1kg,Alimentaire,680.0,3.0,
T103469,2025-05-21,Diourbel,BTQ-DIO-03,Café Touba 250g,Alimentaire,1210.0,1.0,Wave
T101373,2025-11-06,Diourbel,BTQ-DIO-04,Recharge Woyofal,Services,5080.0,4.0,Espèces
T102146,2025-10-27,Diourbel,BTQ-DIO-03,Riz brisé 25kg,Alimentaire,12640.0,4.0,Espèces
T101954,2025-09-28,Kaolack,BTQ-KAO-03,Recharge Woyofal,Services,5160.0,4.0,Espèces
T102547,30/05/2025,Saint-Louis,BTQ-SAI-01,Stylo (lot de 10),Fournitures,1600.0,,Orange Money
T102694,2025-07-20,Louga,BTQ-LOU-03,Sucre 1kg,Alimentaire,650.0,2.0,Espèces
T101500,2025-12-19,Louga,BTQ-LOU-05,Cahier 200p,Fournitures,480.0,3.0,Wave
T100048,2025-06-20,Diourbel,BTQ-DIO-01,Lait en poudre 400g,Alimentaire,2200.0,2.0,Espèces
T104411,2025-05-30,Diourbel,BTQ-DIO-03,Lait en poudre 400g,Alimentaire,2300.0,4.0,Carte
T103958,2025-01-20,Dakar,BTQ-DAK-02,Javel 1L,Hygiène,550.0,3.0,Espèces
T103287,2025-01-20,Dakar,BTQ-DAK-03,Sucre 1kg,Alimentaire,670.0,2.0,Espèces
T102990,2025-08-11,Dakar,BTQ-DAK-01,Savon (lot de 4),Hygiène,1020.0,3.0,Orange Money
T101431,2025-07-04,Tambacounda,BTQ-TAM-04,Stylo (lot de 10),Fournitures,1460.0,2.0,Espèces
T101789,2025-09-30,Thiès,BTQ-THI-04,Stylo (lot de 10),Fournitures,1510.0,6.0,Espèces
T103068,2025-01-08,Tambacounda,BTQ-TAM-05,Stylo (lot de 10),Fournitures,1490.0,3.0,Espèces
T100218,2025-12-11,Dakar,BTQ-DAK-02,Pain,Alimentaire,160.0,5.0,Espèces
T104084,2025-06-23,Dakar,BTQ-DAK-03,Sucre 1kg,Alimentaire,690.0,1.0,Orange Money
T100875,2025-04-21,Dakar,BTQ-DAK-04,Riz brisé 25kg,Alimentaire,12290.0,2.0,Orange Money
T103951,2025-11-27,St-Louis,BTQ-SAI-03,Pain,Alimentaire,150.0,3.0,Wave
T104707,11/10/2025,Kaolack,BTQ-KAO-02,Sucre 1kg,Alimentaire,720.0,7.0,Wave
T102790,2025-09-07, Tambacounda ,BTQ-TAM-03,Lait en poudre 400g,Alimentaire,2240.0,3.0,
T102008,2025-06-26,Louga,BTQ-LOU-01,Sucre 1kg,Alimentaire,680.0,3.0,Espèces
T100706,26-08-2025,Dakar,BTQ-DAK-03,Café Touba 250g,Alimentaire,1250.0,2.0,Espèces
T100652,2025-05-15,Kaolack,BTQ-KAO-03,Cahier 200p,Fournitures,460.0,4.0,Espèces
T104623,2025-07-18,Dakar,BTQ-DAK-03,Javel 1L,Hygiène,590.0,4.0,Espèces
T102279,2025-04-21,Dakar,BTQ-DAK-03,Javel 1L,Hygiène,590.0,2.0,Carte
T103402,2025-11-29,Tambacounda,BTQ-TAM-04,Recharge Woyofal,Services,5020.0,5.0,Orange Money
T100065,2025-10-19,Dakar,BTQ-DAK-05,Cahier 200p,Fournitures,520.0,3.0,Espèces
T102078,06/05/2025,Louga,BTQ-LOU-04,Lait en poudre 400g,Alimentaire,2170.0,3.0,Orange Money
T102550,2025-07-25,Ziguinchor,BTQ-ZIG-02,Javel 1L,Hygiène,600 FCFA,4.0,Wave
T102006,21-02-2025,Diourbel,BTQ-DIO-01,Crédit téléphone,Services,1030.0,1.0,Orange Money
T100173,2025-06-29,diourbel,BTQ-DIO-04,Javel 1L,Hygiène,620.0,4.0,Espèces
T103073,2025-03-18,Thiès,BTQ-THI-05,Javel 1L,Hygiène,650.0,1.0,Espèces
T103954,2025-08-02,Tambacounda,BTQ-TAM-02,Savon (lot de 4),Hygiène,960.0,2.0,Espèces
T101157,2025-03-03,Saint-Louis,BTQ-SAI-03,Riz brisé 25kg,Alimentaire,12430.0,3.0,Wave
T101982,2025-03-16,Diourbel,BTQ-DIO-05,Huile 5L,Alimentaire,6490.0,4.0,Espèces
T104159,23/05/2025,Tambacounda,BTQ-TAM-03,Riz brisé 25kg,Alimentaire,12380.0,3.0,Espèces
T102846,2025-02-02,Ziguinchor,BTQ-ZIG-01,Cahier 200p,Fournitures,490.0,1.0,Orange Money
T101829,2025-06-10,Kaolack,BTQ-KAO-04,Pain,Alimentaire,160.0,3.0,
T102098,2025-02-20,Tambacounda,BTQ-TAM-05,Pain,Alimentaire,150.0,1.0,Espèces
T101267,2025-08-11,Ziguinchor,BTQ-ZIG-03,Cahier 200p,Fournitures,460.0,3.0,Orange Money
T104850,11/01/2025,thiès,BTQ-THI-02,Recharge Woyofal,Services,5010.0,3.0,Espèces
T104658,2025-03-02,Thiès,BTQ-THI-03,Savon (lot de 4),Hygiène,1050.0,3.0,Wave
T102412,2025-12-12,Thiès,BTQ-THI-03,Stylo (lot de 10),Fournitures,1450.0,4.0,Espèces
T101493,2025-10-30,Diourbel,BTQ-DIO-05,Riz brisé 25kg,Alimentaire,12260.0,5.0,Wave
T103284,2025-08-19,St-Louis,BTQ-SAI-03,Lait en poudre 400g,Alimentaire,2330.0,3.0,Orange Money
T104906,2025-03-02,Thiès,BTQ-THI-03,Riz brisé 25kg,Alimentaire,12330.0,2.0,Espèces
T101177,2025-04-05,Dakar,BTQ-DAK-02,Recharge Woyofal,Services,5 330 FCFA,3.0,Wave
T101025,31/12/2025,Kaolack,BTQ-KAO-02,Savon (lot de 4),Hygiène,970.0,3.0,Orange Money
T101235,2025-10-18,Thiès,BTQ-THI-03,Sucre 1kg,Alimentaire,720.0,4.0,Espèces
T100506,2025-01-03,Louga,BTQ-LOU-04,Huile 5L,Alimentaire,6190.0,2.0,Wave
T101612,2025-10-21,Thiès,BTQ-THI-04,Stylo (lot de 10),Fournitures,1470.0,,Wave
T101093,10/03/2025,Dakar,BTQ-DAK-02,Stylo (lot de 10),Fournitures,1610.0,2.0,Wave
T100503,2025-03-01,Dakar,BTQ-DAK-05,Riz brisé 25kg,Alimentaire,11 160 FCFA,4.0,Espèces
T101037,2025-07-19,Diourbel,BTQ-DIO-05,Javel 1L,Hygiène,590.0,1.0,
T100883,22-06-2025,Saint-Louis,BTQ-SAI-01,Riz brisé 25kg,Alimentaire,12410.0,3.0,Espèces
T102471,2025-03-27,Dakar,BTQ-DAK-05,Sucre 1kg,Alimentaire,690.0,5.0,Wave
T104788,05/11/2025,Diourbel,BTQ-DIO-03,Javel 1L,Hygiène,610.0,1.0,Wave
T101099,2025-11-10,Dakar,BTQ-DAK-05,Huile 5L,Alimentaire,6200.0,4.0,Espèces
T102198,2025-08-26,Dakar,BTQ-DAK-03,Crédit téléphone,Services,1030.0,2.0,Orange Money
T103233,08-04-2025, Diourbel ,BTQ-DIO-02,Javel 1L,Hygiène,600.0,2.0,Wave
T102589,2025-08-09,Thiès,BTQ-THI-01,Recharge Woyofal,Services,4980.0,1.0,
T100487,2025-06-26,dakar,BTQ-DAK-01,Sucre 1kg,Alimentaire,710.0,3.0,Espèces
T103152,2025-04-24,Thiès,BTQ-THI-02,Riz brisé 25kg,Alimentaire,12150.0,3.0,Espèces
T103377,28/03/2025,Dakar,BTQ-DAK-02,Javel 1L,Hygiène,610.0,4.0,Orange Money
T104966,2025-10-25,Dakar,BTQ-DAK-03,Pain,Alimentaire,150.0,1.0,
T103911,2025-03-23,Diourbel,BTQ-DIO-04,Savon (lot de 4),Hygiène,1 040 FCFA,100.0,Espèces
T102352,2025-04-18,Saint-Louis,BTQ-SAI-04,Huile 5L,Alimentaire,6400.0,2.0,Espèces
T100546,2025-10-09,St-Louis,BTQ-SAI-02,Recharge Woyofal,Services,5030.0,3.0,Espèces
T103022,2025-12-13,Diourbel,BTQ-DIO-03,Stylo (lot de 10),Fournitures,1510.0,6.0,Carte
T103442,2025-01-05,Kaolack,BTQ-KAO-01,Huile 5L,Alimentaire,6520.0,5.0,Espèces
T103547,2025-02-19,Kaolack,BTQ-KAO-05,Javel 1L,Hygiène,560.0,6.0,
T104019,2025-10-27,Diourbel,BTQ-DIO-02,Recharge Woyofal,Services,5150.0,3.0,Wave
T104633,2025-07-02,THIÈS,BTQ-THI-02,Crédit téléphone,Services,1010.0,3.0,Orange Money
T104560,2025-12-03,Tambacounda,BTQ-TAM-03,Recharge Woyofal,Services,4700.0,2.0,Espèces
T103040,2025-06-08,Diourbel,BTQ-DIO-05,Café Touba 250g,Alimentaire,1160.0,3.0,Espèces
T100237,2025-03-26,Dakar,BTQ-DAK-02,Recharge Woyofal,Services,4850.0,2.0,Wave
T103849,2025-09-22,Thiès,BTQ-THI-03,Huile 5L,Alimentaire,6590.0,1.0,Espèces
T103512,2025-11-04,St-Louis,BTQ-SAI-04,Lait en poudre 400g,Alimentaire,2150.0,2.0,Orange Money
T103793,2025-02-27,Dakar,BTQ-DAK-01,Sucre 1kg,Alimentaire,680.0,5.0,Espèces
T102152,2025-12-31,SAINT-LOUIS,BTQ-SAI-01,Savon (lot de 4),Hygiène,1060.0,4.0,
T103853,2025-08-10,Dakar,BTQ-DAK-02,Riz brisé 25kg,Alimentaire,13250.0,2.0,Espèces
T104204,2025-05-04,Tambacounda,BTQ-TAM-01,Cahier 200p,Fournitures,490.0,2.0,Wave
T103632,05/09/2025,Saint-Louis,BTQ-SAI-03,Sucre 1kg,Alimentaire,710.0,2.0,Wave
T101222,08-12-2025,Ziguinchor,BTQ-ZIG-02,Recharge Woyofal,Services,5070.0,4.0,Wave
T103388,2025-11-11,Dakar,BTQ-DAK-04,Huile 5L,Alimentaire,6300.0,2.0,Espèces
T103282,2025-12-07,Thiès,BTQ-THI-02,Pain,Alimentaire,150.0,9.0,Wave
T104252,2025-06-13,Dakar,BTQ-DAK-03,Café Touba 250g,Alimentaire,1230.0,2.0,Espèces
T102120,17-09-2025,Kaolack,BTQ-KAO-02,Sucre 1kg,Alimentaire,670.0,5.0,Espèces
T101316,2025-01-07,Dakar,BTQ-DAK-05,Riz brisé 25kg,Alimentaire,12 810 FCFA,2.0,Espèces
T103593,2025-11-24,Dakar,BTQ-DAK-03,Cahier 200p,Fournitures,500.0,5.0,Espèces
T100003,2025-08-22,Dakar,BTQ-DAK-03,Cahier 200p,Fournitures,530.0,1.0,Wave
T101674,2025-03-01,Thiès,BTQ-THI-04,Lait en poudre 400g,Alimentaire,2320.0,3.0,Orange Money
T102392,2025-09-22,Kaolack,BTQ-KAO-02,Sucre 1kg,Alimentaire,710.0,2.0,Wave
T102010,2025-01-29,Thiès,BTQ-THI-03,Cahier 200p,Fournitures,510.0,5.0,Espèces
T103079,2025-01-10,Kaolack,BTQ-KAO-05,Riz brisé 25kg,Alimentaire,12820.0,3.0,Espèces
T102508,08-05-2025,St-Louis,BTQ-SAI-03,Javel 1L,Hygiène,590.0,5.0,Espèces
T102114,10-07-2025,Dakar,BTQ-DAK-02,Stylo (lot de 10),Fournitures,1440.0,3.0,Espèces
T102306,2025-05-13,Saint-Louis,BTQ-SAI-05,Crédit téléphone,Services,1020.0,1.0,Wave
T101438,2025-06-09,Dakar,BTQ-DAK-03,Javel 1L,Hygiène,600.0,2.0,Espèces
T102067,2025-08-31,Thiès,BTQ-THI-01,Crédit téléphone,Services,940.0,3.0,Espèces
T103488,2025-12-16,Dakar,BTQ-DAK-03,Huile 5L,Alimentaire,6150.0,5.0,
T101704,2025-05-03,Diourbel,BTQ-DIO-04,Riz brisé 25kg,Alimentaire,11990.0,1.0,Espèces
T104299,09/05/2025,Dakar,BTQ-DAK-02,Cahier 200p,Fournitures,490.0,5.0,Orange Money
T103803,2025-08-27,Kaolack,,Lait en poudre 400g,Alimentaire,2260.0,5.0,Wave
T102435,2025-04-16,Dakar,BTQ-DAK-03,Riz brisé 25kg,Alimentaire,12100.0,3.0,Wave
T104016,2025-09-06,Louga,BTQ-LOU-05,Javel 1L,Hygiène,580.0,3.0,Orange Money
T102573,2025-09-17,Dakar,BTQ-DAK-02,Pain,Alimentaire,140.0,4.0,Orange Money
T102443,2025-10-31,thiès,BTQ-THI-03,Crédit téléphone,Services,960.0,5.0,Espèces
T100511,2025-09-28,Thiès,BTQ-THI-02,Javel 1L,Hygiène,640.0,1.0,Wave
T102704,2025-03-30,Tambacounda,BTQ-TAM-03,Crédit téléphone,Services,1 010 FCFA,2.0,Wave
T102292,2025-02-13,Ziguinchor,BTQ-ZIG-04,Cahier 200p,Fournitures,510.0,3.0,Wave
T100433,2025-04-09,Thiès,BTQ-THI-01,Huile 5L,Alimentaire,7110.0,6.0,Wave
T103247,2025-04-28,Diourbel,BTQ-DIO-05,Javel 1L,Hygiène,540.0,6.0,Espèces
T104283,2025-04-01,Diourbel,BTQ-DIO-02,Savon (lot de 4),Hygiène,1040.0,2.0,Espèces
T104177,2025-02-23,Dakar,BTQ-DAK-05,Stylo (lot de 10),Fournitures,1450.0,2.0,Espèces
T101783,2025-08-09,Thiès,BTQ-THI-04,Sucre 1kg,Alimentaire,690 FCFA,3.0,Orange Money
T102931,2025-02-07,Dakar,BTQ-DAK-03,Café Touba 250g,Alimentaire,1200.0,4.0,Orange Money
T102419,2025-09-05,Saint-Louis,BTQ-SAI-02,Cahier 200p,Fournitures,490.0,2.0,Orange Money
T102919,25-01-2025,Louga,BTQ-LOU-05,Savon (lot de 4),Hygiène,950.0,4.0,
T100483,2025-12-12,Saint-Louis,BTQ-SAI-04,Javel 1L,Hygiène,610.0,3.0,Orange Money
T104935,04/05/2025,Thiès,BTQ-THI-03,Javel 1L,Hygiène,570.0,3.0,Wave
T102816,2025-02-26,Dakar,BTQ-DAK-03,Cahier 200p,Fournitures,500.0,3.0,Wave
T102180,2025-03-18,Dakar,BTQ-DAK-02,Lait en poudre 400g,Alimentaire,2310.0,4.0,Wave
T101630,2025-05-25,Tambacounda,BTQ-TAM-03,Crédit téléphone,Services,1030.0,3.0,Carte
T102147,2025-10-26,Dakar,BTQ-DAK-02,Javel 1L,Hygiène,610 FCFA,3.0,Carte
T104674,2025-08-04,St-Louis,BTQ-SAI-02,Savon (lot de 4),Hygiène,1030.0,4.0,Wave
T101668,2025-05-26,Louga,BTQ-LOU-02,Sucre 1kg,Alimentaire,680.0,4.0,Orange Money
T103839,2025-06-11,Thiès,BTQ-THI-03,Pain,Alimentaire,150 FCFA,3.0,Wave
T100622,2025-11-11,Saint-Louis,BTQ-SAI-02,Lait en poudre 400g,Alimentaire,2270.0,3.0,Wave
T102431,2025-04-10,Thiès,BTQ-THI-04,Pain,Alimentaire,150.0,3.0,
T100045,2025-08-31,Kaolack,BTQ-KAO-05,Cahier 200p,Fournitures,500.0,3.0,Espèces
T101775,14/05/2025,Diourbel,BTQ-DIO-05,Cahier 200p,Fournitures,520.0,2.0,Orange Money
T100949,2025-04-29,Ziguinchor,BTQ-ZIG-03,Crédit téléphone,Services,950.0,5.0,Wave
T100428,2025-09-12,Thiès,BTQ-THI-02,Recharge Woyofal,Services,5200.0,1.0,Espèces
T104463,2025-03-27,Dakar,BTQ-DAK-05,Huile 5L,Alimentaire,6780.0,,Espèces
T104974,05/10/2025,Thiès,BTQ-THI-04,Crédit téléphone,Services,990.0,2.0,Espèces
T102962,2025-07-08,Dakar,BTQ-DAK-02,Cahier 200p,Fournitures,440.0,4.0,Espèces
T102169,2025-01-22,Dakar,BTQ-DAK-01,Savon (lot de 4),Hygiène,980.0,4.0,Wave
T101434,2025-01-11,Dakar,BTQ-DAK-03,Café Touba 250g,Alimentaire,1 210 FCFA,3.0,Wave
T103523,27/11/2025,Dakar,BTQ-DAK-04,Huile 5L,Alimentaire,6340.0,3.0,Carte
T102007,30/07/2025,Kaolack,BTQ-KAO-01,Crédit téléphone,Services,1000.0,3.0,Orange Money
T102511,2025-10-27,saint-louis,BTQ-SAI-03,Savon (lot de 4),Hygiène,1030.0,1.0,Espèces
T101331,2025-01-10,Diourbel,BTQ-DIO-05,Javel 1L,Hygiène,610.0,4.0,Orange Money
T101637,2025-04-05,Ziguinchor,BTQ-ZIG-05,Pain,Alimentaire,150.0,5.0,Orange Money
T103737,2025-05-18,Dakar,BTQ-DAK-04,Sucre 1kg,Alimentaire,730.0,4.0,Carte
T100282,2025-07-11,Diourbel,BTQ-DIO-02,Javel 1L,Hygiène,630.0,5.0,Carte
T100164,22-01-2025,Diourbel,BTQ-DIO-02,Pain,Alimentaire,160.0,4.0,Espèces
T104593,2025-11-02,Dakar,BTQ-DAK-04,Huile 5L,Alimentaire,6270.0,3.0,Carte
T102338,2025-01-22,Louga,BTQ-LOU-02,Lait en poudre 400g,Alimentaire,2 190 FCFA,4.0,Espèces
T101057,2025-04-14,Kaolack,BTQ-KAO-05,Stylo (lot de 10),Fournitures,1490.0,4.0,Espèces
T101342,2025-08-28,Kaolack,BTQ-KAO-02,Recharge Woyofal,Services,5000.0,3.0,Orange Money
T103666,2025-07-01,Thiès,BTQ-THI-03,Pain,Alimentaire,150.0,3.0,Espèces
T102258,2025-10-29,Dakar,BTQ-DAK-03,Recharge Woyofal,Services,4830.0,5.0,Espèces
T103807,2025-02-16,Dakar,BTQ-DAK-04,Café Touba 250g,Alimentaire,1140.0,2.0,Espèces
T101763,2025-09-06,Louga,BTQ-LOU-03,Lait en poudre 400g,Alimentaire,2370.0,2.0,
T102867,2025-02-22,Louga,BTQ-LOU-05,Cahier 200p,Fournitures,530.0,2.0,Espèces
T101657,2025-11-20,Diourbel,BTQ-DIO-04,Pain,Alimentaire,160.0,2.0,Espèces
T104702,2025-02-12,Thiès,BTQ-THI-05,Riz brisé 25kg,Alimentaire,13220.0,4.0,Orange Money
T100918,2025-11-15,St-Louis,BTQ-SAI-02,Javel 1L,Hygiène,590.0,2.0,Orange Money
T102014,2025-09-07,Dakar,BTQ-DAK-02,Lait en poudre 400g,Alimentaire,2270.0,5.0,Wave
T103451,2025-07-28,Dakar,BTQ-DAK-02,Cahier 200p,Fournitures,490.0,,Espèces
T104518,2025-06-21,Louga,BTQ-LOU-04,Lait en poudre 400g,Alimentaire,2300.0,2.0,
T102719,2025-10-08,Saint-Louis,BTQ-SAI-02,Huile 5L,Alimentaire,6820.0,1.0,Espèces
T101070,2025-02-09,Kaolack,BTQ-KAO-02,Lait en poudre 400g,Alimentaire,2 250 FCFA,2.0,Orange Money
T102195,2025-01-31,Kaolack,BTQ-KAO-01,Stylo (lot de 10),Fournitures,1380.0,3.0,Espèces
T103136,30-03-2025,Dakar,BTQ-DAK-03,Savon (lot de 4),Hygiène,1000.0,2.0,Orange Money
T103781,2025-09-12,Diourbel,BTQ-DIO-02,Pain,Alimentaire,150.0,1.0,Wave
T104799,2025-06-22,Thiès,BTQ-THI-04,Lait en poudre 400g,Alimentaire,2240.0,1.0,Wave
T104980,2025-07-10,Dakar,BTQ-DAK-03,Huile 5L,Alimentaire,6740.0,2.0,Wave
T103833,2025-04-01,Louga,BTQ-LOU-05,Javel 1L,Hygiène,600 FCFA,3.0,Espèces
T104208,08/10/2025,Thiès,BTQ-THI-01,Crédit téléphone,Services,1 020 FCFA,2.0,Wave
T103672,2025-06-11,Dakar,BTQ-DAK-02,Pain,Alimentaire,150.0,3.0,Wave
T104120,2025-05-12,Louga,BTQ-LOU-03,Riz brisé 25kg,Alimentaire,12620.0,-1.0,Espèces
T104819,2025-05-21,Dakar,BTQ-DAK-02,Cahier 200p,Fournitures,470.0,7.0,Espèces
T101816,2025-09-30,SAINT-LOUIS,BTQ-SAI-02,Savon (lot de 4),Hygiène,980.0,2.0,Espèces
T104956,23-03-2025,Diourbel,BTQ-DIO-04,Javel 1L,Hygiène,610 FCFA,3.0,Wave
T100571,2025-11-18,Thiès,BTQ-THI-05,Savon (lot de 4),Hygiène,1050.0,3.0,Espèces
T104767,2025-10-15,Saint-Louis,BTQ-SAI-04,Huile 5L,Alimentaire,6120.0,3.0,Espèces
T100972,2025-12-17,Dakar,BTQ-DAK-02,Lait en poudre 400g,Alimentaire,2340.0,2.0,Wave
T102400,2025-12-10,Tambacounda,BTQ-TAM-03,Savon (lot de 4),Hygiène,1030.0,3.0,Orange Money
T101794,2025-08-10,Kaolack,BTQ-KAO-04,Javel 1L,Hygiène,630.0,3.0,Wave
T101454,2025-05-30,Kaolack,BTQ-KAO-04,Café Touba 250g,Alimentaire,1190.0,2.0,Espèces
T101171,2025-08-03,Dakar,BTQ-DAK-01,Sucre 1kg,Alimentaire,720.0,4.0,Espèces
T103875,2025-06-21,Dakar,BTQ-DAK-01,Huile 5L,Alimentaire,6760.0,3.0,Orange Money
T103243,2025-12-24,Louga,BTQ-LOU-02,Sucre 1kg,Alimentaire,700.0,2.0,Espèces
T102960,2025-03-03,Dakar,BTQ-DAK-02,Café Touba 250g,Alimentaire,1220.0,2.0,Wave
T104492,2025-11-16,Dakar,BTQ-DAK-05,Riz brisé 25kg,Alimentaire,12900.0,2.0,Orange Money
T100254,2025-04-16,Thiès,BTQ-THI-03,Lait en poudre 400g,Alimentaire,2270.0,5.0,Wave
T103984,2025-02-03,Louga,BTQ-LOU-02,Cahier 200p,Fournitures,520.0,1.0,Wave
T102720,2025-07-08,diourbel,BTQ-DIO-05,Café Touba 250g,Alimentaire,1 230 FCFA,3.0,Carte
T101200,2025-10-15,Diourbel,BTQ-DIO-01,Stylo (lot de 10),Fournitures,1 530 FCFA,2.0,Orange Money
T100046,2025-10-31,Dakar,BTQ-DAK-03,Cahier 200p,Fournitures,470.0,2.0,Orange Money
T103504,2025-02-11,Diourbel,BTQ-DIO-04,Savon (lot de 4),Hygiène,1010.0,3.0,Orange Money
T102510,2025-04-11,Ziguinchor,BTQ-ZIG-04,Huile 5L,Alimentaire,6490.0,4.0,Espèces
T102117,2025-02-23,Dakar,BTQ-DAK-03,Cahier 200p,Fournitures,490.0,4.0,Espèces
T101295,2025-05-23,Kaolack,BTQ-KAO-04,Pain,Alimentaire,160 FCFA,2.0,Wave
T100843,2025-06-14,Thiès,BTQ-THI-03,Savon (lot de 4),Hygiène,1070.0,2.0,Espèces
T100868,13-06-2025,Tambacounda,BTQ-TAM-04,Cahier 200p,Fournitures,480.0,4.0,Wave
T101048,2025-04-05,Ziguinchor,BTQ-ZIG-02,Crédit téléphone,Services,960.0,,Orange Money
T104512,2025-12-30,Dakar,BTQ-DAK-02,Crédit téléphone,Services,1020.0,4.0,Wave
T102444,2025-11-09,Tambacounda,BTQ-TAM-05,Recharge Woyofal,Services,5150.0,5.0,Espèces
T100749,18-12-2025,DIOURBEL,BTQ-DIO-04,Riz brisé 25kg,Alimentaire,12080.0,2.0,Orange Money
T102876,2025-12-26,Dakar,BTQ-DAK-05,Cahier 200p,Fournitures,520.0,1.0,Espèces
T100113,2025-07-30,Dakar,BTQ-DAK-03,Huile 5L,Alimentaire,7020.0,2.0,Orange Money
T104634,2025-03-18,Thiès,BTQ-THI-04,Cahier 200p,Fournitures,470 FCFA,5.0,Espèces
T102809,22-06-2025,Diourbel,BTQ-DIO-02,Recharge Woyofal,Services,4900.0,3.0,
T101937,2025-11-29,Saint-Louis,BTQ-SAI-05,Recharge Woyofal,Services,4850.0,2.0,Espèces
T101455,2025-09-20,St-Louis,BTQ-SAI-05,Stylo (lot de 10),Fournitures,1610.0,5.0,Espèces
T103923,2025-09-24,Kaolack,BTQ-KAO-04,Sucre 1kg,Alimentaire,710.0,2.0,Wave
T100147,2025-12-16,Thiès,BTQ-THI-04,Stylo (lot de 10),Fournitures,1530.0,3.0,Wave
T102982,2025-04-12,Dakar,BTQ-DAK-05,Riz brisé 25kg,Alimentaire,12 760 FCFA,4.0,Carte
T103375,18/10/2025,Tambacounda,BTQ-TAM-01,Sucre 1kg,Alimentaire,720.0,2.0,Wave
T100121,2025-07-09,Dakar,BTQ-DAK-02,Javel 1L,Hygiène,570.0,1.0,Orange Money
T103443,2025-09-27,Ziguinchor,BTQ-ZIG-04,Café Touba 250g,Alimentaire,1230.0,5.0,Espèces
T104914,2025-08-14,Dakar,BTQ-DAK-02,Riz brisé 25kg,Alimentaire,13160.0,4.0,Espèces
T104828,2025-05-06,Diourbel,BTQ-DIO-05,Crédit téléphone,Services,1020.0,1.0,Espèces
T103258,2025-01-05,Diourbel,BTQ-DIO-05,Sucre 1kg,Alimentaire,650.0,2.0,Wave
T101415,30-07-2025,Ziguinchor,BTQ-ZIG-03,Café Touba 250g,Alimentaire,1230.0,3.0,Espèces
T100490,2025-05-11,Thiès,BTQ-THI-01,Javel 1L,Hygiène,620.0,1.0,Wave
T103552,2025-09-09,Louga,BTQ-LOU-04,Crédit téléphone,Services,1060.0,4.0,Orange Money
T100976,2025-08-23,Ziguinchor,BTQ-ZIG-02,Pain,Alimentaire,150.0,2.0,Espèces
T100067,2025-08-10,Dakar,BTQ-DAK-02,Savon (lot de 4),Hygiène,1030.0,4.0,Wave
T101263,2025-08-02,Dakar,BTQ-DAK-03,Crédit téléphone,Services,1010.0,3.0,Wave
T100920,2025-09-17,Dakar,BTQ-DAK-05,Cahier 200p,Fournitures,520 FCFA,4.0,Wave
T102928,2025-06-20,Kaolack,BTQ-KAO-01,Savon (lot de 4),Hygiène,1 060 FCFA,3.0,Wave
T101018,2025-05-01,Thiès,BTQ-THI-01,Crédit téléphone,Services,980.0,7.0,Espèces
T104997,11-06-2025,Louga,BTQ-LOU-03,Cahier 200p,Fournitures,460.0,2.0,Wave
T103013,2025-10-19,Diourbel,BTQ-DIO-03,Café Touba 250g,Alimentaire,1260.0,5.0,Wave
T102129,2025-09-08,Tambacounda,BTQ-TAM-01,Javel 1L,Hygiène,560.0,2.0,Espèces
T100040,2025-11-08,Ziguinchor,BTQ-ZIG-03,Sucre 1kg,Alimentaire,690.0,,Espèces
T103741,2025-12-27,Diourbel,BTQ-DIO-03,Crédit téléphone,Services,1030.0,1.0,Espèces
T104977,2025-01-08,Dakar,BTQ-DAK-04,Café Touba 250g,Alimentaire,1230.0,2.0,Espèces
T104340,2025-12-10,Saint-Louis,BTQ-SAI-03,Café Touba 250g,Alimentaire,1250.0,3.0,Carte
T103190,2025-01-18,Dakar,BTQ-DAK-04,Riz brisé 25kg,Alimentaire,12910.0,4.0,Orange Money
T103094,2025-11-23,Dakar,BTQ-DAK-05,Stylo (lot de 10),Fournitures,1 540 FCFA,2.0,
T101807,2025-05-15,Dakar,BTQ-DAK-04,Javel 1L,Hygiène,620.0,3.0,Orange Money
T100239,2025-07-08,Diourbel,BTQ-DIO-02,Huile 5L,Alimentaire,6370.0,1.0,Orange Money
T101229,2025-11-11,Dakar,BTQ-DAK-04,Stylo (lot de 10),Fournitures,1 620 FCFA,3.0,Orange Money
T102695,2025-02-23,Ziguinchor,BTQ-ZIG-02,Sucre 1kg,Alimentaire,640.0,3.0,Espèces
T104526,2025-09-17,Dakar,BTQ-DAK-02,Cahier 200p,Fournitures,520.0,3.0,Espèces
T100855,2025-01-22,Diourbel,BTQ-DIO-04,Stylo (lot de 10),Fournitures,1480.0,6.0,Espèces
T104448,2025-09-12,Dakar,BTQ-DAK-01,Javel 1L,Hygiène,580.0,4.0,Orange Money
T101285,2025-03-25,Thiès,BTQ-THI-01,Savon (lot de 4),Hygiène,960 FCFA,4.0,Wave
T101820,2025-06-02,Dakar,BTQ-DAK-02,Riz brisé 25kg,Alimentaire,12550.0,3.0,Espèces
T100699,2025-10-13,Dakar,BTQ-DAK-05,Pain,Alimentaire,150.0,1.0,Espèces
T101590,11-05-2025,Dakar,BTQ-DAK-05,Café Touba 250g,Alimentaire,1260.0,4.0,Espèces
T103842,2025-02-23,Dakar,BTQ-DAK-03,Lait en poudre 400g,Alimentaire,2400.0,3.0,Espèces
T104598,2025-05-05,Dakar,BTQ-DAK-04,Crédit téléphone,Services,1020.0,,Espèces
T100700,2025-10-08,Dakar,BTQ-DAK-01,Café Touba 250g,Alimentaire,1280.0,3.0,Espèces
T102093,2025-07-25,Saint-Louis,BTQ-SAI-03,Sucre 1kg,Alimentaire,610 FCFA,1.0,
T101274,2025-01-06,Saint-Louis,BTQ-SAI-01,Riz brisé 25kg,Alimentaire,12680.0,4.0,Orange Money
T101400,2025-04-17,Dakar,BTQ-DAK-04,Pain,Alimentaire,160.0,1.0,Espèces
T102857,2025-11-09,Dakar,BTQ-DAK-03,Riz brisé 25kg,Alimentaire,11 730 FCFA,4.0,Wave
T100670,2025-10-30,Dakar,BTQ-DAK-01,Recharge Woyofal,Services,5170.0,4.0,Wave
T100244,2025-09-28,Saint-Louis,BTQ-SAI-03,Pain,Alimentaire,160.0,5.0,Wave
T102959,2025-01-25,Tambacounda,BTQ-TAM-04,Lait en poudre 400g,Alimentaire,2 300 FCFA,5.0,Espèces
T103555,2025-12-23,Tambacounda,BTQ-TAM-05,Cahier 200p,Fournitures,530.0,1.0,Wave
T100009,2025-05-10,Diourbel,BTQ-DIO-03,Huile 5L,Alimentaire,6 300 FCFA,5.0,Espèces
T102670,2025-06-24,Thiès,BTQ-THI-03,Cahier 200p,Fournitures,540.0,1.0,Orange Money
T104680,2025-02-22,Ziguinchor,BTQ-ZIG-04,Huile 5L,Alimentaire,7210.0,1.0,Wave
T104257,2025-01-30,Thiès,BTQ-THI-04,Javel 1L,Hygiène,620 FCFA,3.0,Wave
T103264,2025-04-23,Dakar,BTQ-DAK-02,Stylo (lot de 10),Fournitures,1460.0,5.0,Espèces
T103496,2025-03-15,Thiès,BTQ-THI-04,Riz brisé 25kg,Alimentaire,12480.0,1.0,
T100441,2025-06-06,Ziguinchor,BTQ-ZIG-04,Sucre 1kg,Alimentaire,730.0,2.0,Orange Money
T100600,2025-12-07, Diourbel ,BTQ-DIO-03,Café Touba 250g,Alimentaire,1130.0,2.0,Orange Money
T102648,29/10/2025,Dakar,BTQ-DAK-03,Javel 1L,Hygiène,610 FCFA,3.0,Wave
T101799,2025-10-07,Kaolack,BTQ-KAO-01,Recharge Woyofal,Services,4880.0,4.0,Orange Money
T101478,2025-09-03,Ziguinchor,BTQ-ZIG-01,Sucre 1kg,Alimentaire,690.0,6.0,Wave
T103108,2025-05-13,Thiès,BTQ-THI-02,Café Touba 250g,Alimentaire,1 110 FCFA,6.0,Espèces
T103471,2025-08-23,Dakar,,Recharge Woyofal,Services,5370.0,3.0,Espèces
T100032,2025-08-28,Diourbel,BTQ-DIO-01,Cahier 200p,Fournitures,500.0,5.0,Wave
T100739,2025-03-19,Diourbel,BTQ-DIO-04,Savon (lot de 4),Hygiène,950.0,2.0,Orange Money
T104107,2025-06-19,Thiès,BTQ-THI-05,Huile 5L,Alimentaire,6720.0,3.0,Carte
T104818,2025-12-07,Dakar,BTQ-DAK-01,Riz brisé 25kg,Alimentaire,12610.0,3.0,Espèces
T101659,2025-04-28,Louga,BTQ-LOU-04,Recharge Woyofal,Services,5240.0,5.0,Espèces
T103934,2025-11-06,Ziguinchor,BTQ-ZIG-03,Huile 5L,Alimentaire,6950.0,3.0,Wave
T103767,2025-04-14,Diourbel,BTQ-DIO-01,Savon (lot de 4),Hygiène,980.0,4.0,Orange Money
T104234,2025-11-04,Tambacounda,BTQ-TAM-01,Savon (lot de 4),Hygiène,990.0,3.0,Wave
T100912,2025-07-17,Dakar,BTQ-DAK-04,Sucre 1kg,Alimentaire,690 FCFA,3.0,Wave
T103435,2025-07-09,St-Louis,BTQ-SAI-01,Riz brisé 25kg,Alimentaire,11580.0,4.0,Espèces
T104849,2025-02-20,Thiès,BTQ-THI-01,Pain,Alimentaire,150.0,3.0,Orange Money
T100996,2025-05-11,Tambacounda,BTQ-TAM-03,Cahier 200p,Fournitures,480.0,5.0,Orange Money
T103800,2025-12-05,Dakar,BTQ-DAK-04,Javel 1L,Hygiène,610.0,3.0,Wave
T102468,2025-08-28,Diourbel,BTQ-DIO-05,Sucre 1kg,Alimentaire,710.0,,Orange Money
T100536,2025-11-19,Louga,BTQ-LOU-03,Stylo (lot de 10),Fournitures,1 560 FCFA,3.0,
T102062,2025-08-28, Dakar ,BTQ-DAK-02,Huile 5L,Alimentaire,6590.0,1.0,Wave
T101422,19/12/2025,Dakar,BTQ-DAK-01,Savon (lot de 4),Hygiène,940.0,4.0,Espèces
T102046,2025-06-23,Ziguinchor,BTQ-ZIG-04,Sucre 1kg,Alimentaire,640.0,3.0,
T103566,13-01-2025,Kaolack,BTQ-KAO-05,Stylo (lot de 10),Fournitures,1390.0,3.0,Espèces
T102930,2025-05-17,Dakar,BTQ-DAK-01,Huile 5L,Alimentaire,6320.0,4.0,Espèces
T101675,03-01-2025,Dakar,BTQ-DAK-01,Sucre 1kg,Alimentaire,690.0,1.0,Wave
T101505,2025-11-08,Tambacounda,BTQ-TAM-05,Stylo (lot de 10),Fournitures,1440.0,1.0,Espèces
T104125,2025-11-06,Louga,,Cahier 200p,Fournitures,510.0,2.0,Wave
T101137,2025-09-03,Diourbel,BTQ-DIO-01,Café Touba 250g,Alimentaire,1 150 FCFA,2.0,Espèces
T102515,2025-05-11,Dakar,BTQ-DAK-02,Cahier 200p,Fournitures,490.0,3.0,Orange Money
T104104,2025-01-18,dakar,BTQ-DAK-05,Riz brisé 25kg,Alimentaire,13150.0,2.0,Wave
T101133,2025-12-23,LOUGA,BTQ-LOU-05,Sucre 1kg,Alimentaire,700 FCFA,4.0,Orange Money
T101015,2025-02-07,Thiès,BTQ-THI-04,Lait en poudre 400g,Alimentaire,2270.0,3.0,Orange Money
T103819,2025-01-26,Dakar,BTQ-DAK-04,Recharge Woyofal,Services,5150.0,1.0,Espèces
T101828,11/08/2025,Saint-Louis,BTQ-SAI-04,Javel 1L,Hygiène,590.0,2.0,Orange Money
T103127,2025-09-14,St-Louis,BTQ-SAI-05,Pain,Alimentaire,130.0,,Espèces
T101999,2025-06-13,Dakar,BTQ-DAK-04,Crédit téléphone,Services,1070.0,2.0,Espèces
T100427,2025-06-01,THIÈS,BTQ-THI-05,Riz brisé 25kg,Alimentaire,12790.0,4.0,Espèces
T101033,30-06-2025,Diourbel,BTQ-DIO-04,Pain,Alimentaire,150.0,3.0,
T102250,2025-10-14,Ziguinchor,BTQ-ZIG-04,Savon (lot de 4),Hygiène,990.0,5.0,Espèces
T102377,2025-08-25,Diourbel,BTQ-DIO-03,Café Touba 250g,Alimentaire,1180.0,2.0,Espèces
T104971,2025-03-24,Dakar,BTQ-DAK-02,Riz brisé 25kg,Alimentaire,12300.0,1.0,Espèces
T103063,2025-11-18,Dakar,BTQ-DAK-04,Lait en poudre 400g,Alimentaire,2260.0,2.0,Wave
T100661,2025-04-24,Thiès,BTQ-THI-02,Stylo (lot de 10),Fournitures,1460.0,7.0,Wave
T103913,2025-05-04,KAOLACK,BTQ-KAO-05,Riz brisé 25kg,Alimentaire,12550.0,5.0,Wave
T100241,2025-08-29,Louga,BTQ-LOU-03,Stylo (lot de 10),Fournitures,1530.0,3.0,Espèces
T102653,2025-02-24,dakar,BTQ-DAK-02,Javel 1L,Hygiène,610.0,1.0,Wave
T102637,2025-09-20,Dakar,BTQ-DAK-01,Savon (lot de 4),Hygiène,1000.0,3.0,
T103924,2025-03-02,Thiès,BTQ-THI-02,Riz brisé 25kg,Alimentaire,12 710 FCFA,2.0,Espèces
T104860,2025-06-15,Dakar,BTQ-DAK-02,Lait en poudre 400g,Alimentaire,2340.0,1.0,Wave
T104174,15/11/2025,Ziguinchor,BTQ-ZIG-03,Riz brisé 25kg,Alimentaire,13460.0,1.0,Wave
T103704,2025-06-28,Dakar,BTQ-DAK-05,Recharge Woyofal,Services,4990.0,1.0,Wave
T100110,2025-01-13,THIÈS,BTQ-THI-03,Sucre 1kg,Alimentaire,670.0,3.0,Espèces
T101490,2025-08-21,Dakar,BTQ-DAK-01,Javel 1L,Hygiène,580.0,2.0,Wave
T100148,12/12/2025,Saint-Louis,BTQ-SAI-01,Cahier 200p,Fournitures,510.0,4.0,Wave
T100861,2025-08-08,Dakar,BTQ-DAK-02,Javel 1L,Hygiène,590.0,1.0,Orange Money
T104452,09/12/2025,dakar,BTQ-DAK-05,Café Touba 250g,Alimentaire,1210.0,4.0,Espèces
T102171,2025-08-08,Thiès,BTQ-THI-03,Sucre 1kg,Alimentaire,670 FCFA,1.0,Orange Money
T101444,2025-02-06,ZIGUINCHOR,BTQ-ZIG-03,Pain,Alimentaire,150.0,4.0,Wave
T103533,2025-01-09,Dakar,BTQ-DAK-05,Café Touba 250g,Alimentaire,1 140 FCFA,5.0,Wave
T101575,2025-12-24,DAKAR,BTQ-DAK-01,Recharge Woyofal,Services,5330.0,2.0,Espèces
T101548,2025-03-14,Thiès,BTQ-THI-02,Sucre 1kg,Alimentaire,700 FCFA,3.0,Espèces
T104709,2025-09-25,Louga,BTQ-LOU-03,Sucre 1kg,Alimentaire,700.0,5.0,Wave
T101735,24/02/2025,Dakar,BTQ-DAK-04,Javel 1L,Hygiène,590.0,3.0,Espèces
T103344,05-01-2025, Dakar ,BTQ-DAK-03,Café Touba 250g,Alimentaire,1200.0,2.0,Espèces
T102030,16/06/2025,Kaolack,BTQ-KAO-04,Sucre 1kg,Alimentaire,710.0,5.0,Espèces
T102582,2025-07-03,St-Louis,BTQ-SAI-03,Crédit téléphone,Services,970.0,5.0,Orange Money
T103707,2025-05-21,St-Louis,BTQ-SAI-04,Sucre 1kg,Alimentaire,700.0,1.0,Orange Money
T104957,2025-10-11,Saint-Louis,BTQ-SAI-02,Stylo (lot de 10),Fournitures,1360.0,3.0,Espèces
T103224,2025-09-06,Diourbel,BTQ-DIO-05,Sucre 1kg,Alimentaire,730.0,2.0,Espèces
T102847,2025-11-15,Saint-Louis,BTQ-SAI-01,Sucre 1kg,Alimentaire,700.0,2.0,Espèces
T104015,2025-10-14,Diourbel,BTQ-DIO-02,Recharge Woyofal,Services,5260.0,3.0,Orange Money
T103199,21-06-2025,Dakar,BTQ-DAK-01,Savon (lot de 4),Hygiène,1 030 FCFA,3.0,Espèces
T104921,2025-09-08,Saint-Louis,BTQ-SAI-05,Cahier 200p,Fournitures,530.0,4.0,Espèces
T104346,2025-04-26,Dakar,BTQ-DAK-03,Cahier 200p,Fournitures,490 FCFA,3.0,Espèces
T104251,2025-11-15,Ziguinchor,BTQ-ZIG-05,Lait en poudre 400g,Alimentaire,2240.0,3.0,Espèces
T102439,2025-04-23,Thiès,BTQ-THI-03,Stylo (lot de 10),Fournitures,1450.0,3.0,Espèces
T102055,11-01-2025,Dakar,BTQ-DAK-04,Recharge Woyofal,Services,4730.0,1.0,Orange Money
T101975,10-12-2025,Louga,BTQ-LOU-03,Crédit téléphone,Services,960 FCFA,2.0,Wave
T104618,2025-06-30,Dakar,BTQ-DAK-02,Sucre 1kg,Alimentaire,710.0,3.0,Espèces
T102166,2025-03-02,Diourbel,BTQ-DIO-01,Lait en poudre 400g,Alimentaire,2370.0,2.0,Espèces
T100673,2025-10-29,Thiès,BTQ-THI-02,Cahier 200p,Fournitures,510.0,2.0,
T101867,2025-11-29,Ziguinchor,BTQ-ZIG-05,Savon (lot de 4),Hygiène,1010.0,1.0,
T103918,06/01/2025,dakar,BTQ-DAK-04,Sucre 1kg,Alimentaire,700.0,1.0,Orange Money
T102429,2025-01-23,Louga,BTQ-LOU-01,Savon (lot de 4),Hygiène,980 FCFA,3.0,Espèces
T104110,2025-07-26,Thiès,BTQ-THI-05,Savon (lot de 4),Hygiène,970.0,2.0,Wave
T103036,2025-06-09,Dakar,BTQ-DAK-03,Recharge Woyofal,Services,5 050 FCFA,2.0,Espèces
T103667,09/03/2025,Diourbel,BTQ-DIO-03,Pain,Alimentaire,140.0,4.0,Espèces
T103144,25/12/2025,Saint-Louis,BTQ-SAI-04,Café Touba 250g,Alimentaire,1230.0,4.0,Carte
T103129,2025-03-07,Louga,BTQ-LOU-03,Javel 1L,Hygiène,610 FCFA,2.0,Orange Money
T102016,2025-01-02,Kaolack,BTQ-KAO-03,Javel 1L,Hygiène,620.0,1.0,Wave
T101717,2025-05-05,Ziguinchor,BTQ-ZIG-02,Huile 5L,Alimentaire,6370.0,3.0,Wave
T103989,2025-04-23,Tambacounda,BTQ-TAM-03,Recharge Woyofal,Services,5220.0,2.0,
T101633,2025-10-11,Saint-Louis,BTQ-SAI-04,Pain,Alimentaire,150.0,4.0,Wave
T104079,14/08/2025,Saint-Louis,BTQ-SAI-05,Crédit téléphone,Services,1000.0,2.0,Espèces
T104586,2025-07-14,Dakar,BTQ-DAK-05,Javel 1L,Hygiène,590.0,3.0,Espèces
T104208,08/10/2025,Thiès,BTQ-THI-01,Crédit téléphone,Services,1 020 FCFA,2.0,Wave
T100517,23/12/2025,Kaolack,BTQ-KAO-01,Pain,Alimentaire,150.0,1.0,Wave
T100318,2025-09-01,Dakar,BTQ-DAK-03,Recharge Woyofal,Services,5 100 FCFA,2.0,
T104888,2025-11-20,St-Louis,BTQ-SAI-02,Pain,Alimentaire,150 FCFA,2.0,Orange Money
T102926,2025-09-22,diourbel,BTQ-DIO-01,Café Touba 250g,Alimentaire,1210.0,2.0,Orange Money
T104875,21/05/2025,Dakar,BTQ-DAK-01,Savon (lot de 4),Hygiène,960.0,2.0,Orange Money
T103982,2025-10-25,Dakar,BTQ-DAK-04,Huile 5L,Alimentaire,6870.0,7.0,Orange Money
T103123,20/08/2025,Louga,BTQ-LOU-01,Recharge Woyofal,Services,4940.0,1.0,Espèces
T102534,2025-02-10,Dakar,BTQ-DAK-03,Stylo (lot de 10),Fournitures,1500.0,3.0,Espèces
T100798,2025-09-15,Saint-Louis,BTQ-SAI-04,Sucre 1kg,Alimentaire,710.0,3.0,Espèces
T104916,2025-04-02,DAKAR,BTQ-DAK-02,Huile 5L,Alimentaire,6750.0,3.0,Espèces
T101598,2025-11-13,Ziguinchor,BTQ-ZIG-05,Sucre 1kg,Alimentaire,690.0,2.0,Orange Money
T104033,2025-04-11,Dakar,BTQ-DAK-02,Lait en poudre 400g,Alimentaire,2110.0,2.0,Espèces
T102284,2025-04-07,Saint-Louis,BTQ-SAI-03,Stylo (lot de 10),Fournitures,1470.0,3.0,Espèces
T104443,2025-01-29,Kaolack,BTQ-KAO-03,Recharge Woyofal,Services,4900.0,3.0,Wave
T103611,2025-06-13,Dakar,BTQ-DAK-01,Recharge Woyofal,Services,4890.0,,Orange Money
T104296,2025-04-06,Dakar,BTQ-DAK-01,Huile 5L,Alimentaire,6850.0,1.0,Espèces
T102613,2025-05-11,Dakar,BTQ-DAK-04,Riz brisé 25kg,Alimentaire,13350.0,3.0,Orange Money
T104563,2025-05-29,Dakar,BTQ-DAK-01,Recharge Woyofal,Services,5050.0,2.0,Espèces
T100951,2025-10-29,Ziguinchor,BTQ-ZIG-01,Cahier 200p,Fournitures,500.0,3.0,Orange Money
T100792,2025-02-21, Ziguinchor ,BTQ-ZIG-04,Huile 5L,Alimentaire,6760.0,2.0,Wave
T104649,2025-06-06,ziguinchor,BTQ-ZIG-04,Pain,Alimentaire,160.0,3.0,Wave
T102428,2025-04-05,Kaolack,BTQ-KAO-04,Stylo (lot de 10),Fournitures,1530.0,2.0,Wave
T100979,2025-02-18,Thiès,BTQ-THI-02,Riz brisé 25kg,Alimentaire,12220.0,3.0,Wave
T102784,2025-01-15,Dakar,BTQ-DAK-04,Stylo (lot de 10),Fournitures,1580.0,1.0,Espèces
T104933,2025-06-16,Kaolack,BTQ-KAO-05,Huile 5L,Alimentaire,6810.0,2.0,Orange Money
T101689,2025-09-11,Kaolack,BTQ-KAO-01,Recharge Woyofal,Services,4830.0,4.0,Wave
T102713,2025-05-13,Dakar,BTQ-DAK-03,Sucre 1kg,Alimentaire,660.0,2.0,Wave
T103041,2025-01-18,Tambacounda,BTQ-TAM-04,Huile 5L,Alimentaire,6420.0,4.0,Wave
T102761,2025-05-31,Dakar,BTQ-DAK-04,Huile 5L,Alimentaire,6410.0,9.0,Espèces
T102852,07-01-2025,Tambacounda,BTQ-TAM-02,Recharge Woyofal,Services,5060.0,3.0,Orange Money
T101805,2025-05-29,Kaolack,BTQ-KAO-01,Lait en poudre 400g,Alimentaire,2180.0,2.0,Espèces
T101244,2025-10-10,Diourbel,BTQ-DIO-01,Pain,Alimentaire,150.0,,Espèces
T104409,2025-10-18,Dakar,BTQ-DAK-02,Lait en poudre 400g,Alimentaire,2310.0,1.0,Wave
T104391,2025-11-03,Kaolack,BTQ-KAO-01,Savon (lot de 4),Hygiène,980.0,4.0,
T102339,2025-08-09,Thiès,BTQ-THI-03,Cahier 200p,Fournitures,470.0,1.0,Espèces
T103201,2025-10-13,Saint-Louis,BTQ-SAI-04,Savon (lot de 4),Hygiène,1020.0,2.0,Espèces
T102624,06-03-2025,Kaolack,BTQ-KAO-05,Café Touba 250g,Alimentaire,1150.0,5.0,Espèces
T100494,2025-04-26,Saint-Louis,BTQ-SAI-05,Stylo (lot de 10),Fournitures,1480.0,5.0,Espèces
T102579,2025-03-27,Louga,BTQ-LOU-02,Pain,Alimentaire,140.0,2.0,Espèces
T100337,2025-02-13,Dakar,BTQ-DAK-05,Pain,Alimentaire,150.0,2.0,Orange Money
T104307,2025-04-26,Saint-Louis,BTQ-SAI-02,Stylo (lot de 10),Fournitures,1420.0,4.0,Wave
T102932,2025-05-02,Louga,BTQ-LOU-04,Pain,Alimentaire,160 FCFA,8.0,Wave
T101301,2025-10-28,Dakar,BTQ-DAK-02,Stylo (lot de 10),Fournitures,1460.0,1.0,Espèces
T101958,2025-02-21,Thiès,BTQ-THI-05,Sucre 1kg,Alimentaire,680.0,1.0,Espèces
T103809,13-08-2025,Dakar,BTQ-DAK-04,Sucre 1kg,Alimentaire,670.0,3.0,Wave
T102394,2025-09-24,Saint-Louis,BTQ-SAI-03,Javel 1L,Hygiène,580.0,2.0,Orange Money
T102514,2025-08-25,Thiès,BTQ-THI-04,Lait en poudre 400g,Alimentaire,2230.0,,Espèces
T100812,2025-03-29,Ziguinchor,BTQ-ZIG-01,Sucre 1kg,Alimentaire,770.0,3.0,Orange Money
T102955,2025-10-30, Kaolack ,BTQ-KAO-04,Recharge Woyofal,Services,4820.0,5.0,Espèces
T102061,2025-04-09,Saint-Louis,BTQ-SAI-02,Huile 5L,Alimentaire,6520.0,2.0,Orange Money
T103173,2025-08-21,Tambacounda,BTQ-TAM-05,Huile 5L,Alimentaire,6640.0,1.0,Wave
T104656,2025-07-30,Louga,BTQ-LOU-05,Huile 5L,Alimentaire,6510.0,3.0,
T102549,2025-12-01,Diourbel,BTQ-DIO-05,Stylo (lot de 10),Fournitures,1530.0,6.0,Espèces
T102491,2025-11-24,Dakar,BTQ-DAK-04,Pain,Alimentaire,150.0,999.0,Orange Money
T101251,2025-09-18,Louga,BTQ-LOU-02,Crédit téléphone,Services,1 000 FCFA,4.0,Espèces
T100518,2025-05-27,Kaolack,BTQ-KAO-04,Stylo (lot de 10),Fournitures,1520.0,1.0,
T102174,2025-07-05,St-Louis,BTQ-SAI-03,Savon (lot de 4),Hygiène,1 070 FCFA,1.0,Wave
T101540,2025-02-21,Saint-Louis,BTQ-SAI-01,Huile 5L,Alimentaire,6380.0,5.0,Wave
T100682,2025-06-09,Dakar,BTQ-DAK-03,Recharge Woyofal,Services,4920.0,3.0,Orange Money
T100225,2025-09-02,Ziguinchor,BTQ-ZIG-01,Cahier 200p,Fournitures,500.0,4.0,Orange Money
T100727,2025-10-13,Kaolack,BTQ-KAO-01,Savon (lot de 4),Hygiène,990 FCFA,6.0,Orange Money
T101162,2025-07-05, Dakar ,BTQ-DAK-02,Sucre 1kg,Alimentaire,700.0,6.0,Wave
T102566,2025-11-27,Louga,BTQ-LOU-02,Crédit téléphone,Services,950.0,2.0,Wave
T103642,2025-02-07,Ziguinchor,BTQ-ZIG-03,Savon (lot de 4),Hygiène,990 FCFA,2.0,Espèces
T102346,2025-09-23,Louga,BTQ-LOU-04,Crédit téléphone,Services,940.0,4.0,Espèces
T100010,2025-10-31,Dakar,BTQ-DAK-05,Crédit téléphone,Services,1050.0,1.0,Espèces
T103669,2025-02-18,Thiès,BTQ-THI-03,Pain,Alimentaire,150.0,3.0,Wave
T101865,2025-03-28,Dakar,BTQ-DAK-05,Huile 5L,Alimentaire,6580.0,6.0,Orange Money
T104691,2025-06-02,Ziguinchor,BTQ-ZIG-01,Cahier 200p,Fournitures,490.0,2.0,Orange Money
T101452,2025-04-09,Diourbel,BTQ-DIO-03,Huile 5L,Alimentaire,6620.0,2.0,Wave
T100525,2025-06-10,Ziguinchor,BTQ-ZIG-02,Lait en poudre 400g,Alimentaire,2380.0,1.0,Wave
T103270,2025-04-19,Thiès,BTQ-THI-01,Café Touba 250g,Alimentaire,1230.0,4.0,Carte
T100890,2025-11-13,Dakar,BTQ-DAK-01,Huile 5L,Alimentaire,6440.0,6.0,Wave
T100929,2025-03-26,Saint-Louis,BTQ-SAI-01,Café Touba 250g,Alimentaire,1230.0,1.0,Espèces
T100833,2025-10-05,Dakar,BTQ-DAK-05,Huile 5L,Alimentaire,6500.0,5.0,Wave
T101898,2025-05-25,Dakar,BTQ-DAK-04,Recharge Woyofal,Services,4710.0,3.0,Orange Money
T102172,2025-09-27,Thiès,BTQ-THI-05,Savon (lot de 4),Hygiène,960.0,1.0,Espèces
T100501,2025-12-29,Saint-Louis,BTQ-SAI-03,Pain,Alimentaire,150.0,3.0,Espèces
T103421,2025-03-07,Diourbel,BTQ-DIO-04,Stylo (lot de 10),Fournitures,1360.0,3.0,Espèces
T102173,04/05/2025,Thiès,BTQ-THI-04,Cahier 200p,Fournitures,500.0,6.0,Espèces
T103882,2025-05-03,Diourbel,BTQ-DIO-02,Stylo (lot de 10),Fournitures,1540.0,3.0,Espèces
T100055,2025-08-06,Dakar,BTQ-DAK-01,Riz brisé 25kg,Alimentaire,12410.0,3.0,Orange Money
T101875,2025-09-25,Thiès,BTQ-THI-03,Sucre 1kg,Alimentaire,720 FCFA,2.0,Espèces
T103978,2025-03-19,St-Louis,BTQ-SAI-04,Savon (lot de 4),Hygiène,1 010 FCFA,3.0,Orange Money
T100287,09-05-2025,Thiès,BTQ-THI-01,Pain,Alimentaire,160 FCFA,2.0,Wave
T102452,2025-05-26,Diourbel,BTQ-DIO-04,Crédit téléphone,Services,970.0,2.0,Espèces
T104891,2025-06-16,Kaolack,BTQ-KAO-01,Lait en poudre 400g,Alimentaire,2490.0,1.0,Espèces
T100607,2025-07-14,Saint-Louis,BTQ-SAI-03,Sucre 1kg,Alimentaire,680.0,4.0,Wave
T101257,2025-12-18,Dakar,BTQ-DAK-05,Crédit téléphone,Services,960.0,2.0,Espèces
T102708,2025-11-16,Tambacounda,BTQ-TAM-03,Lait en poudre 400g,Alimentaire,2260.0,3.0,Orange Money
T102063,2025-08-09,Ziguinchor,BTQ-ZIG-01,Café Touba 250g,Alimentaire,1100.0,3.0,Espèces
T102880,2025-05-14,Dakar,BTQ-DAK-04,Riz brisé 25kg,Alimentaire,12590.0,3.0,Wave
T102783,2025-08-27,Dakar,BTQ-DAK-04,Lait en poudre 400g,Alimentaire,2430.0,1.0,Espèces
T103962,2025-02-10,Dakar,BTQ-DAK-01,Café Touba 250g,Alimentaire,1260.0,2.0,Wave
T104557,29-11-2025,Dakar,BTQ-DAK-01,Stylo (lot de 10),Fournitures,1510.0,3.0,Espèces
T101914,2025-10-12,Louga,BTQ-LOU-01,Savon (lot de 4),Hygiène,1000.0,4.0,Espèces
T103110,2025-11-13,Tambacounda,BTQ-TAM-04,Cahier 200p,Fournitures,520.0,1.0,Espèces
T102048,2025-07-27,LOUGA,BTQ-LOU-02,Café Touba 250g,Alimentaire,1170.0,1.0,Espèces
T101695,2025-05-23,Tambacounda,BTQ-TAM-03,Recharge Woyofal,Services,5100.0,2.0,Espèces
T102297,2025-04-29, Ziguinchor ,BTQ-ZIG-01,Recharge Woyofal,Services,5050.0,3.0,Carte
T100005,2025-06-20,Diourbel,BTQ-DIO-02,Javel 1L,Hygiène,570.0,5.0,Orange Money
T103808,30/07/2025,Louga,BTQ-LOU-01,Cahier 200p,Fournitures,520.0,2.0,Wave
T104266,2025-09-04,Kaolack,BTQ-KAO-02,Crédit téléphone,Services,990.0,2.0,Orange Money
T101876,2025-07-25,Dakar,BTQ-DAK-02,Pain,Alimentaire,140.0,3.0,Orange Money
T103457,2025-05-21,Tambacounda,BTQ-TAM-05,Café Touba 250g,Alimentaire,1270.0,2.0,Orange Money
T103925,29/01/2025,Dakar,BTQ-DAK-03,Cahier 200p,Fournitures,490.0,4.0,Wave
T101187,2025-03-18,Thiès,,Crédit téléphone,Services,1020.0,2.0,Espèces
T104822,2025-06-23, Kaolack ,BTQ-KAO-04,Café Touba 250g,Alimentaire,1280.0,1.0,Wave
T103470,2025-06-01,Dakar,BTQ-DAK-03,Savon (lot de 4),Hygiène,920.0,3.0,Espèces
T101996,2025-09-05,St-Louis,BTQ-SAI-05,Riz brisé 25kg,Alimentaire,13050.0,3.0,Espèces
T100633,26/05/2025,Saint-Louis,BTQ-SAI-05,Riz brisé 25kg,Alimentaire,11870.0,4.0,Wave
T102398,2025-10-27,Saint-Louis,BTQ-SAI-01,Riz brisé 25kg,Alimentaire,12230.0,3.0,Espèces
T101315,2025-12-01,Louga,BTQ-LOU-04,Sucre 1kg,Alimentaire,710.0,3.0,Espèces
T100592,23-01-2025,Thiès,BTQ-THI-01,Stylo (lot de 10),Fournitures,1530.0,3.0,Wave
T102609,2025-12-26,St-Louis,BTQ-SAI-01,Pain,Alimentaire,150.0,1.0,Carte
T104315,2025-11-27,Dakar,BTQ-DAK-01,Stylo (lot de 10),Fournitures,1470.0,6.0,Wave
T103300,2025-04-28,Kaolack,BTQ-KAO-01,Riz brisé 25kg,Alimentaire,12900.0,2.0,Espèces
T101542,16-03-2025,Kaolack,BTQ-KAO-01,Recharge Woyofal,Services,5 270 FCFA,5.0,Orange Money
T104958,2025-10-03,Thiès,BTQ-THI-03,Recharge Woyofal,Services,5340.0,3.0,Orange Money
T104451,2025-12-05,St-Louis,BTQ-SAI-01,Sucre 1kg,Alimentaire,710.0,2.0,Wave
T102315,2025-08-03,Diourbel,BTQ-DIO-01,Sucre 1kg,Alimentaire,680.0,3.0,Orange Money
T100052,2025-03-02,Dakar,,Cahier 200p,Fournitures,500.0,2.0,Espèces
T101742,2025-10-23,Ziguinchor,BTQ-ZIG-02,Savon (lot de 4),Hygiène,960.0,3.0,Orange Money
T100645,2025-05-20,Diourbel,BTQ-DIO-03,Lait en poudre 400g,Alimentaire,2210.0,2.0,Wave
T104686,2025-06-20,Dakar,BTQ-DAK-01,Café Touba 250g,Alimentaire,1140.0,3.0,Wave
T103526,2025-08-20,Ziguinchor,BTQ-ZIG-02,Crédit téléphone,Services,960.0,3.0,Wave
T104589,2025-05-03,Thiès,BTQ-THI-04,Pain,Alimentaire,150.0,8.0,Wave
T104183,2025-08-10,THIÈS,BTQ-THI-03,Recharge Woyofal,Services,4730.0,2.0,Espèces
T101498,2025-06-02,Thiès,BTQ-THI-01,Savon (lot de 4),Hygiène,1010.0,4.0,Espèces
T104056,14-02-2025,Dakar,BTQ-DAK-02,Café Touba 250g,Alimentaire,1260.0,2.0,Carte
T103122,2025-03-12,THIÈS,BTQ-THI-03,Riz brisé 25kg,Alimentaire,13010.0,1.0,Espèces
T102768,2025-08-22,Dakar,BTQ-DAK-04,Café Touba 250g,Alimentaire,1190.0,1.0,Wave
T100471,2025-05-15,Dakar,BTQ-DAK-01,Pain,Alimentaire,150.0,2.0,Orange Money
T101768,2025-10-28,Dakar,BTQ-DAK-02,Recharge Woyofal,Services,5130.0,5.0,Espèces
T102135,2025-01-26,Dakar,BTQ-DAK-02,Riz brisé 25kg,Alimentaire,12 970 FCFA,4.0,Orange Money
T102967,2025-04-04,Thiès,BTQ-THI-05,Riz brisé 25kg,Alimentaire,12 860 FCFA,4.0,Orange Money
T100519,2025-07-23,Saint-Louis,BTQ-SAI-03,Javel 1L,Hygiène,590.0,6.0,Carte
T104927,2025-09-28,Dakar,BTQ-DAK-01,Crédit téléphone,Services,980.0,4.0,Wave
T100155,2025-12-12,diourbel,BTQ-DIO-04,Lait en poudre 400g,Alimentaire,2190.0,3.0,Espèces
T101706,2025-11-10,Ziguinchor,BTQ-ZIG-05,Recharge Woyofal,Services,5290.0,4.0,Espèces
T103993,2025-08-22,Thiès,BTQ-THI-01,Savon (lot de 4),Hygiène,990.0,4.0,Orange Money
T104946,2025-02-16,Thiès,BTQ-THI-05,Recharge Woyofal,Services,5000.0,1.0,Orange Money
T104301,2025-07-28,Thiès,BTQ-THI-01,Recharge Woyofal,Services,4940.0,3.0,Wave
T102402,2025-04-19,Dakar,BTQ-DAK-05,Crédit téléphone,Services,1020.0,5.0,
T104960,2025-11-02,Dakar,BTQ-DAK-04,Javel 1L,Hygiène,600.0,3.0,Espèces
T104751,2025-04-15,St-Louis,BTQ-SAI-04,Pain,Alimentaire,160.0,3.0,Espèces
T102448,2025-03-30, Saint-Louis ,BTQ-SAI-05,Savon (lot de 4),Hygiène,1020.0,2.0,Wave
T100130,11/06/2025,Diourbel,BTQ-DIO-02,Riz brisé 25kg,Alimentaire,12000.0,1.0,Espèces
T101530,2025-08-08,Dakar,BTQ-DAK-05,Savon (lot de 4),Hygiène,980.0,3.0,Orange Money
T104737,2025-08-19,THIÈS,BTQ-THI-04,Stylo (lot de 10),Fournitures,1480.0,4.0,Orange Money
T102533,2025-10-22,Thiès,BTQ-THI-01,Sucre 1kg,Alimentaire,690.0,,Espèces
T102539,2025-04-25,Ziguinchor,BTQ-ZIG-03,Riz brisé 25kg,Alimentaire,11750.0,7.0,Espèces
T100533,2025-07-07,Dakar,BTQ-DAK-04,Riz brisé 25kg,Alimentaire,11940.0,3.0,Espèces
T102684,2025-06-17,Diourbel,BTQ-DIO-03,Savon (lot de 4),Hygiène,990.0,1.0,Orange Money
T102385,2025-09-14,Saint-Louis,,Cahier 200p,Fournitures,510.0,4.0,Espèces
T100383,2025-07-20,Diourbel,BTQ-DIO-01,Stylo (lot de 10),Fournitures,1370.0,1.0,Orange Money
T103722,2025-08-24, Dakar ,BTQ-DAK-02,Stylo (lot de 10),Fournitures,1440.0,2.0,Wave
T100811,2025-08-30,Dakar,BTQ-DAK-02,Lait en poudre 400g,Alimentaire,2320.0,3.0,Wave
T104231,2025-04-29,Saint-Louis,BTQ-SAI-03,Stylo (lot de 10),Fournitures,1510.0,2.0,Wave
T103696,2025-04-04, Kaolack ,BTQ-KAO-03,Javel 1L,Hygiène,610.0,3.0,Orange Money
T101897,2025-12-15,Diourbel,BTQ-DIO-02,Javel 1L,Hygiène,560.0,1.0,Wave
T103837,2025-04-27,Saint-Louis,BTQ-SAI-04,Savon (lot de 4),Hygiène,1010.0,3.0,Espèces
T103406,2025-04-07,dakar,BTQ-DAK-03,Recharge Woyofal,Services,4990.0,5.0,
T104052,2025-05-09,Kaolack,BTQ-KAO-02,Lait en poudre 400g,Alimentaire,2 340 FCFA,4.0,Orange Money
T101110,2025-12-09,Diourbel,BTQ-DIO-02,Huile 5L,Alimentaire,6840.0,4.0,Wave
T102153,2025-05-15,Louga,BTQ-LOU-01,Lait en poudre 400g,Alimentaire,2380.0,1.0,Wave
T100196,2025-12-28,Diourbel,BTQ-DIO-01,Recharge Woyofal,Services,4 730 FCFA,1.0,Espèces
T103888,2025-12-01,DIOURBEL,BTQ-DIO-03,Savon (lot de 4),Hygiène,1020.0,4.0,Orange Money
T103269,2025-03-12,Louga,BTQ-LOU-03,Crédit téléphone,Services,1040.0,3.0,Wave
T101587,2025-03-22,Saint-Louis,BTQ-SAI-01,Café Touba 250g,Alimentaire,1 250 FCFA,4.0,Orange Money
T103680,2025-01-23,Tambacounda,BTQ-TAM-03,Savon (lot de 4),Hygiène,1020.0,3.0,Orange Money
T101619,2025-12-29,Dakar,BTQ-DAK-01,Stylo (lot de 10),Fournitures,1430.0,,Espèces
T102264,2025-11-12,Louga,BTQ-LOU-05,Cahier 200p,Fournitures,490.0,3.0,Carte
T102159,2025-02-23,Diourbel,BTQ-DIO-03,Stylo (lot de 10),Fournitures,1430.0,6.0,Espèces
T104706,07/01/2025,Diourbel,BTQ-DIO-05,Savon (lot de 4),Hygiène,1040.0,3.0,Wave
T101952,2025-08-02,Thiès,BTQ-THI-05,Recharge Woyofal,Services,5180.0,7.0,Orange Money
T100837,2025-01-31,thiès,BTQ-THI-05,Lait en poudre 400g,Alimentaire,2 340 FCFA,3.0,Espèces
T101824,2025-08-21,Ziguinchor,BTQ-ZIG-02,Sucre 1kg,Alimentaire,660.0,6.0,Espèces
T104223,2025-08-03,Dakar,BTQ-DAK-03,Cahier 200p,Fournitures,500.0,3.0,Espèces
T103150,2025-09-17,Dakar,BTQ-DAK-05,Crédit téléphone,Services,1000.0,,Orange Money
T101645,2025-03-09,Thiès,BTQ-THI-04,Cahier 200p,Fournitures,490.0,4.0,Espèces
T103492,13-02-2025,Ziguinchor,BTQ-ZIG-02,Café Touba 250g,Alimentaire,1250.0,2.0,Orange Money
T103189,13/11/2025,Louga,BTQ-LOU-04,Savon (lot de 4),Hygiène,1060.0,7.0,Espèces
T100414,2025-05-29,DIOURBEL,BTQ-DIO-04,Pain,Alimentaire,150.0,4.0,
T103863,2025-05-17,Thiès,BTQ-THI-04,Pain,Alimentaire,140.0,1.0,Espèces
T102341,2025-07-13,Louga,BTQ-LOU-02,Cahier 200p,Fournitures,500.0,2.0,Espèces
T100352,13-11-2025,Thiès,BTQ-THI-03,Pain,Alimentaire,160.0,3.0,Espèces
T101872,2025-08-06,Dakar,BTQ-DAK-03,Riz brisé 25kg,Alimentaire,11820.0,3.0,Espèces
T103817,2025-06-14,Diourbel,BTQ-DIO-05,Lait en poudre 400g,Alimentaire,2260.0,3.0,Wave
T102711,2025-10-14,Tambacounda,BTQ-TAM-03,Cahier 200p,Fournitures,510.0,4.0,Espèces
T102686,2025-08-08,Diourbel,BTQ-DIO-05,Café Touba 250g,Alimentaire,1 190 FCFA,3.0,Orange Money
T104817,2025-12-20,Tambacounda,BTQ-TAM-02,Stylo (lot de 10),Fournitures,1510.0,3.0,Carte
T101102,2025-01-14,Saint-Louis,BTQ-SAI-04,Café Touba 250g,Alimentaire,1250.0,2.0,Espèces
T103389,28/09/2025, Thiès ,BTQ-THI-03,Recharge Woyofal,Services,5130.0,5.0,Espèces
T103236,2025-06-22,Louga,BTQ-LOU-05,Huile 5L,Alimentaire,6 520 FCFA,2.0,Wave
T102489,2025-11-30,Dakar,BTQ-DAK-02,Sucre 1kg,Alimentaire,700.0,4.0,
T100526,09/06/2025,Dakar,BTQ-DAK-02,Savon (lot de 4),Hygiène,1060.0,1.0,Orange Money
T102531,2025-05-10,Ziguinchor,BTQ-ZIG-04,Javel 1L,Hygiène,580.0,7.0,Espèces
T101584,2025-05-06,Diourbel,BTQ-DIO-02,Javel 1L,Hygiène,590.0,1.0,Espèces
T101961,2025-11-26,Louga,BTQ-LOU-04,Cahier 200p,Fournitures,510.0,4.0,Espèces
T101128,30/10/2025,Dakar,BTQ-DAK-01,Recharge Woyofal,Services,5130.0,5.0,Espèces
T101408,08-09-2025,Dakar,BTQ-DAK-03,Javel 1L,Hygiène,610 FCFA,1.0,Orange Money
T103871,2025-06-16,Ziguinchor,BTQ-ZIG-04,Crédit téléphone,Services,1090.0,2.0,Espèces
T102691,2025-07-09,Dakar,BTQ-DAK-04,Lait en poudre 400g,Alimentaire,2500.0,4.0,Espèces
T101896,2025-12-31,LOUGA,BTQ-LOU-02,Recharge Woyofal,Services,4 880 FCFA,1.0,Wave
T104773,2025-04-01,Diourbel,BTQ-DIO-05,Javel 1L,Hygiène,600.0,1.0,Wave
T101329,2025-12-28,Diourbel,BTQ-DIO-05,Pain,Alimentaire,150.0,2.0,Espèces
T103960,2025-09-20,Dakar,BTQ-DAK-02,Riz brisé 25kg,Alimentaire,12260.0,3.0,Espèces
T103431,2025-12-31,Louga,,Riz brisé 25kg,Alimentaire,13180.0,2.0,Espèces
T102779,2025-08-19, Thiès ,BTQ-THI-04,Sucre 1kg,Alimentaire,700.0,1.0,Orange Money
T103860,2025-09-11,Diourbel,BTQ-DIO-04,Riz brisé 25kg,Alimentaire,12760.0,,Espèces
T101566,05/12/2025,Ziguinchor,BTQ-ZIG-03,Sucre 1kg,Alimentaire,720.0,5.0,Orange Money
T100193,2025-07-19,Ziguinchor,,Café Touba 250g,Alimentaire,1 240 FCFA,5.0,Espèces
T104359,2025-05-07,Tambacounda,BTQ-TAM-02,Riz brisé 25kg,Alimentaire,12440.0,2.0,Orange Money
T102831,2025-03-11,Thiès,BTQ-THI-01,Pain,Alimentaire,150.0,1.0,Espèces
T103982,2025-10-25,Dakar,BTQ-DAK-04,Huile 5L,Alimentaire,6870.0,7.0,Orange Money
T104835,31/05/2025,Dakar,BTQ-DAK-01,Recharge Woyofal,Services,4980.0,2.0,Espèces
T100100,2025-06-14,Thiès,BTQ-THI-02,Huile 5L,Alimentaire,6 950 FCFA,2.0,Espèces
T100076,03/06/2025,Dakar,BTQ-DAK-02,Savon (lot de 4),Hygiène,1050.0,3.0,
T101143,2025-12-15,Dakar,BTQ-DAK-03,Sucre 1kg,Alimentaire,710.0,3.0,Carte
T102232,2025-01-05,Thiès,BTQ-THI-04,Crédit téléphone,Services,910.0,2.0,Espèces
T103194,2025-08-19,Dakar,,Pain,Alimentaire,150 FCFA,5.0,Orange Money
T101308,2025-07-09,Thiès,BTQ-THI-02,Café Touba 250g,Alimentaire,1220.0,4.0,Wave
T100758,2025-11-05,Ziguinchor,BTQ-ZIG-03,Café Touba 250g,Alimentaire,1220.0,2.0,Wave
T104698,2025-12-02,Diourbel,BTQ-DIO-04,Cahier 200p,Fournitures,490 FCFA,2.0,Wave
T100366,2025-02-18,Kaolack,BTQ-KAO-03,Cahier 200p,Fournitures,520.0,3.0,Wave
T104064,17/07/2025,Saint-Louis,BTQ-SAI-02,Pain,Alimentaire,150.0,3.0,Wave
T101294,17/09/2025,Diourbel,BTQ-DIO-04,Javel 1L,Hygiène,580.0,3.0,Wave
T104531,01/06/2025,Saint-Louis,BTQ-SAI-03,Javel 1L,Hygiène,610.0,1.0,Carte
T101791,2025-10-18,ziguinchor,BTQ-ZIG-03,Javel 1L,Hygiène,600.0,2.0,Wave
T102013,2025-12-19,dakar,,Cahier 200p,Fournitures,500.0,6.0,Carte
T101323,2025-09-06,Dakar,BTQ-DAK-05,Cahier 200p,Fournitures,510.0,3.0,Espèces
T103315,2025-12-28,Kaolack,BTQ-KAO-05,Javel 1L,Hygiène,580.0,1.0,Espèces
T104324,2025-06-18,Thiès,BTQ-THI-03,Lait en poudre 400g,Alimentaire,2320.0,1.0,Orange Money
T103754,2025-12-19,Saint-Louis,BTQ-SAI-04,Stylo (lot de 10),Fournitures,1380.0,2.0,Espèces
T100721,2025-08-29,Saint-Louis,BTQ-SAI-01,Pain,Alimentaire,160.0,3.0,Espèces
T102289,2025-09-29,Ziguinchor,BTQ-ZIG-05,Cahier 200p,Fournitures,520.0,1.0,Wave
T100778,2025-07-28,Dakar,BTQ-DAK-05,Sucre 1kg,Alimentaire,720 FCFA,5.0,Espèces
T100261,2025-12-16,Ziguinchor,BTQ-ZIG-02,Riz brisé 25kg,Alimentaire,12120.0,3.0,Orange Money
T104954,2025-07-12,Dakar,BTQ-DAK-05,Javel 1L,Hygiène,600.0,2.0,Wave
T102917,2025-06-08,Tambacounda,BTQ-TAM-03,Recharge Woyofal,Services,4630.0,4.0,Espèces
T102559,2025-08-23,Dakar,BTQ-DAK-05,Huile 5L,Alimentaire,6020.0,3.0,Orange Money
T104172,2025-12-01,Thiès,BTQ-THI-03,Stylo (lot de 10),Fournitures,1530.0,2.0,Espèces
T101451,2025-10-21,Dakar,BTQ-DAK-01,Crédit téléphone,Services,950 FCFA,4.0,Orange Money
T101056,2025-04-17,Dakar,BTQ-DAK-02,Javel 1L,Hygiène,590.0,4.0,
T102672,2025-10-17,St-Louis,BTQ-SAI-05,Recharge Woyofal,Services,5060.0,5.0,Wave
T103290,2025-07-01,TAMBACOUNDA,BTQ-TAM-02,Lait en poudre 400g,Alimentaire,2200.0,3.0,Espèces
T103541,2025-06-25,Tambacounda,BTQ-TAM-05,Huile 5L,Alimentaire,7040.0,4.0,Espèces
T103135,2025-01-29,Tambacounda,BTQ-TAM-01,Cahier 200p,Fournitures,510.0,3.0,Espèces
T101513,14-10-2025,Kaolack,BTQ-KAO-05,Lait en poudre 400g,Alimentaire,2260.0,3.0,
T103332,2025-08-11,Dakar,BTQ-DAK-01,Stylo (lot de 10),Fournitures,1 440 FCFA,4.0,Carte
T104752,2025-02-22,Dakar,BTQ-DAK-02,Savon (lot de 4),Hygiène,950.0,4.0,Espèces
T100896,2025-12-29,Tambacounda,BTQ-TAM-03,Savon (lot de 4),Hygiène,940.0,1.0,Wave
T103698,2025-08-21,Diourbel,BTQ-DIO-04,Recharge Woyofal,Services,5320.0,2.0,Orange Money
T100968,2025-10-25,Dakar,BTQ-DAK-03,Savon (lot de 4),Hygiène,990.0,2.0,Orange Money
T100710,2025-03-29,Kaolack,BTQ-KAO-02,Café Touba 250g,Alimentaire,1310.0,2.0,Wave
T103991,2025-09-23,Dakar,BTQ-DAK-04,Stylo (lot de 10),Fournitures,1500.0,3.0,Wave
T103327,2025-01-06,St-Louis,BTQ-SAI-01,Lait en poudre 400g,Alimentaire,2200.0,3.0,Wave
T101570,2025-06-27,Louga,BTQ-LOU-02,Cahier 200p,Fournitures,480.0,2.0,Orange Money
T101751,2025-07-07,Tambacounda,BTQ-TAM-05,Crédit téléphone,Services,1040.0,2.0,Orange Money
T104138,2025-04-01,DIOURBEL,BTQ-DIO-02,Stylo (lot de 10),Fournitures,1530.0,3.0,Wave
T102499,2025-09-30,LOUGA,BTQ-LOU-05,Cahier 200p,Fournitures,550.0,1.0,Orange Money
T104474,2025-06-15,Dakar,BTQ-DAK-05,Javel 1L,Hygiène,630.0,2.0,Wave
T104440,2025-09-28,Saint-Louis,BTQ-SAI-03,Crédit téléphone,Services,1010.0,3.0,Carte
T101788,2025-11-22,St-Louis,BTQ-SAI-01,Café Touba 250g,Alimentaire,1190.0,2.0,Carte
T104091,2025-07-04,Diourbel,BTQ-DIO-04,Savon (lot de 4),Hygiène,1010.0,,Carte
T103370,2025-02-09,Dakar,BTQ-DAK-03,Crédit téléphone,Services,990.0,2.0,Espèces
T103279,2025-11-02,Kaolack,BTQ-KAO-02,Crédit téléphone,Services,990.0,2.0,Espèces
T100577,2025-07-10,Dakar,BTQ-DAK-02,Cahier 200p,Fournitures,540.0,5.0,Espèces
T102623,2025-12-30,Dakar,BTQ-DAK-03,Recharge Woyofal,Services,5 190 FCFA,2.0,Espèces
T104594,2025-04-01,Kaolack,BTQ-KAO-05,Recharge Woyofal,Services,5020.0,1.0,Wave
T100329,2025-05-14,Saint-Louis,BTQ-SAI-03,Riz brisé 25kg,Alimentaire,12 150 FCFA,4.0,Orange Money
T103827,2025-11-22, Diourbel ,BTQ-DIO-03,Huile 5L,Alimentaire,6760.0,3.0,Espèces
T101917,2025-03-27,Dakar,BTQ-DAK-05,Huile 5L,Alimentaire,6740.0,4.0,Orange Money
T104677,2025-06-22,Dakar,BTQ-DAK-02,Sucre 1kg,Alimentaire,720.0,4.0,Espèces
T101060,2025-01-29,Dakar,BTQ-DAK-02,Café Touba 250g,Alimentaire,1170.0,8.0,Espèces
T102625,2025-08-15,Kaolack,BTQ-KAO-01,Lait en poudre 400g,Alimentaire,2470.0,2.0,Wave
T104521,2025-02-22,Dakar,BTQ-DAK-04,Sucre 1kg,Alimentaire,690.0,4.0,Orange Money
T104568,2025-09-14,Dakar,BTQ-DAK-05,Pain,Alimentaire,150.0,4.0,Orange Money
T102308,2025-10-22,Thiès,BTQ-THI-02,Recharge Woyofal,Services,5080.0,2.0,Espèces
T102287,2025-02-20,Louga,BTQ-LOU-01,Javel 1L,Hygiène,580.0,2.0,
T100969,28/01/2025,Dakar,BTQ-DAK-02,Pain,Alimentaire,150.0,2.0,Wave
T100057,2025-06-08,Tambacounda,BTQ-TAM-03,Huile 5L,Alimentaire,6710.0,5.0,Wave
T100314,2025-04-08,Thiès,BTQ-THI-03,Crédit téléphone,Services,970.0,3.0,Wave
T103510,2025-11-16,louga,BTQ-LOU-02,Café Touba 250g,Alimentaire,1240.0,2.0,Wave
T104626,2025-08-03,Louga,BTQ-LOU-03,Café Touba 250g,Alimentaire,1260.0,3.0,Espèces
T100215,2025-11-09,Louga,BTQ-LOU-02,Recharge Woyofal,Services,4740.0,5.0,Espèces
T101437,2025-09-15,Dakar,BTQ-DAK-02,Javel 1L,Hygiène,580.0,3.0,Wave
T102616,2025-09-03,Thiès,BTQ-THI-03,Pain,Alimentaire,150.0,4.0,Orange Money
T100643,2025-10-29,Saint-Louis,BTQ-SAI-02,Sucre 1kg,Alimentaire,680.0,4.0,Carte
T100069,2025-05-06,Louga,BTQ-LOU-01,Savon (lot de 4),Hygiène,1000.0,2.0,Espèces
T101347,2025-07-28,Thiès,BTQ-THI-03,Lait en poudre 400g,Alimentaire,2210.0,1.0,Wave
T100330,2025-01-14,Dakar,BTQ-DAK-03,Crédit téléphone,Services,1050.0,3.0,Espèces
T100908,2025-04-30,Diourbel,BTQ-DIO-04,Pain,Alimentaire,150.0,6.0,Orange Money
T104834,2025-07-14,Saint-Louis,BTQ-SAI-01,Stylo (lot de 10),Fournitures,1550.0,5.0,Carte
T103428,16-06-2025,Dakar,BTQ-DAK-03,Pain,Alimentaire,160.0,6.0,Orange Money
T104167,2025-01-09,Dakar,BTQ-DAK-05,Stylo (lot de 10),Fournitures,1560.0,4.0,Espèces
T103392,2025-08-17,kaolack,BTQ-KAO-03,Riz brisé 25kg,Alimentaire,12550.0,6.0,Espèces
T100667,2025-09-07,Dakar,BTQ-DAK-03,Cahier 200p,Fournitures,490.0,3.0,Wave
T103405,09/06/2025,Diourbel,BTQ-DIO-03,Riz brisé 25kg,Alimentaire,12770.0,3.0,Carte
T103830,2025-09-21,Ziguinchor,BTQ-ZIG-05,Cahier 200p,Fournitures,510 FCFA,1.0,Espèces
T104142,2025-06-18,Dakar,BTQ-DAK-03,Crédit téléphone,Services,1000.0,3.0,Espèces
T101140,2025-02-02,Dakar,BTQ-DAK-01,Sucre 1kg,Alimentaire,730.0,5.0,Wave
T104909,2025-05-06,Dakar,BTQ-DAK-05,Savon (lot de 4),Hygiène,1050.0,2.0,Espèces
T101627,2025-04-13,Dakar,BTQ-DAK-02,Sucre 1kg,Alimentaire,730.0,3.0,Wave
T100967,2025-06-26,ZIGUINCHOR,BTQ-ZIG-02,Sucre 1kg,Alimentaire,660.0,3.0,Wave
T101691,2025-11-22,Dakar,BTQ-DAK-05,Stylo (lot de 10),Fournitures,1440.0,5.0,Espèces
T103615,2025-07-03,Thiès,BTQ-THI-01,Cahier 200p,Fournitures,500.0,2.0,Espèces
T104087,2025-01-17,Dakar,BTQ-DAK-02,Pain,Alimentaire,150.0,1.0,Wave
T104339,01-03-2025,Louga,BTQ-LOU-03,Café Touba 250g,Alimentaire,1190.0,-2.0,Espèces
T100333,2025-12-19,Diourbel,BTQ-DIO-02,Recharge Woyofal,Services,5130.0,5.0,Espèces
T100854,2025-09-20,Louga,BTQ-LOU-05,Javel 1L,Hygiène,570.0,3.0,Wave
T101261,2025-04-10,Ziguinchor,BTQ-ZIG-01,Cahier 200p,Fournitures,500.0,1.0,Espèces
T104423,2025-02-23,Diourbel,,Cahier 200p,Fournitures,500.0,5.0,Wave
T100049,2025-06-13,Dakar,BTQ-DAK-05,Pain,Alimentaire,150.0,1.0,
T104574,2025-07-24,Diourbel,BTQ-DIO-05,Lait en poudre 400g,Alimentaire,2210.0,7.0,Orange Money
T101045,2025-12-05,Diourbel,BTQ-DIO-05,Savon (lot de 4),Hygiène,970 FCFA,3.0,Espèces
T100374,2025-09-09,Dakar,BTQ-DAK-01,Recharge Woyofal,Services,5110.0,5.0,Espèces
T100741,2025-05-17,Dakar,BTQ-DAK-02,Javel 1L,Hygiène,620.0,2.0,Espèces
T103975,2025-03-01,Thiès,BTQ-THI-04,Huile 5L,Alimentaire,6910.0,2.0,Wave
T102698,2025-11-14,Ziguinchor,BTQ-ZIG-01,Recharge Woyofal,Services,4800.0,1.0,Wave
T104695,2025-01-04,Ziguinchor,BTQ-ZIG-03,Lait en poudre 400g,Alimentaire,2060.0,4.0,Wave
T102168,2025-02-27,Kaolack,BTQ-KAO-03,Recharge Woyofal,Services,4870.0,3.0,Espèces
T102830,21-09-2025,Kaolack,BTQ-KAO-02,Cahier 200p,Fournitures,510.0,3.0,Espèces
T101483,2025-05-16,Diourbel,BTQ-DIO-02,Huile 5L,Alimentaire,6 870 FCFA,5.0,Espèces
T102331,09/12/2025,Saint-Louis,BTQ-SAI-05,Riz brisé 25kg,Alimentaire,12700.0,4.0,Orange Money
T103245,2025-01-22,Dakar,BTQ-DAK-04,Café Touba 250g,Alimentaire,1290.0,1.0,Espèces
T103636,2025-01-26,Kaolack,BTQ-KAO-03,Stylo (lot de 10),Fournitures,1430.0,1.0,Wave
T104541,2025-08-07,Dakar,BTQ-DAK-05,Lait en poudre 400g,Alimentaire,2190.0,2.0,Orange Money
T102186,2025-03-16,Dakar,BTQ-DAK-05,Recharge Woyofal,Services,4750.0,1.0,Wave
T102692,2025-09-17,Louga,BTQ-LOU-03,Stylo (lot de 10),Fournitures,1480.0,1.0,Espèces
T104611,2025-03-16,Dakar,BTQ-DAK-03,Riz brisé 25kg,Alimentaire,11960.0,5.0,Wave
T100863,2025-01-28,Louga,BTQ-LOU-02,Café Touba 250g,Alimentaire,1140.0,1.0,Espèces
T102614,2025-03-04,Louga,BTQ-LOU-03,Café Touba 250g,Alimentaire,1200.0,2.0,Wave
T104502,2025-01-25, Dakar ,BTQ-DAK-04,Riz brisé 25kg,Alimentaire,12200.0,,Wave
T101736,2025-10-22,Kaolack,BTQ-KAO-03,Cahier 200p,Fournitures,470.0,2.0,Espèces
T101374,2025-01-08,Thiès,BTQ-THI-01,Javel 1L,Hygiène,590.0,3.0,Carte
T103139,2025-01-02,Dakar,BTQ-DAK-05,Cahier 200p,Fournitures,470.0,3.0,Orange Money
T100788,2025-01-24,Kaolack,BTQ-KAO-04,Stylo (lot de 10),Fournitures,1420.0,2.0,Wave
T104870,2025-01-28,Dakar,BTQ-DAK-04,Cahier 200p,Fournitures,510.0,2.0,Wave
T103446,2025-07-05,Diourbel,BTQ-DIO-01,Javel 1L,Hygiène,610.0,2.0,Espèces
T100256,04/04/2025,Thiès,BTQ-THI-02,Javel 1L,Hygiène,590.0,5.0,Wave
T102447,2025-04-28,Louga,BTQ-LOU-02,Riz brisé 25kg,Alimentaire,13610.0,2.0,Espèces
T101642,2025-02-12,Diourbel,BTQ-DIO-01,Café Touba 250g,Alimentaire,1190.0,3.0,Espèces
T102738,2025-01-30,Thiès,BTQ-THI-01,Recharge Woyofal,Services,4990.0,3.0,Espèces
T103633,2025-03-30,Tambacounda,BTQ-TAM-04,Savon (lot de 4),Hygiène,990.0,3.0,Carte
T104421,2025-10-29,Tambacounda,BTQ-TAM-02,Recharge Woyofal,Services,4900.0,2.0,Espèces
T104077,2025-03-20,Diourbel,BTQ-DIO-03,Javel 1L,Hygiène,590.0,2.0,Espèces
T104089,2025-07-16,Dakar,BTQ-DAK-04,Huile 5L,Alimentaire,6040.0,7.0,Orange Money
T101121,2025-11-23,Kaolack,BTQ-KAO-02,Savon (lot de 4),Hygiène,940.0,7.0,Espèces
T100539,2025-07-17,Ziguinchor,BTQ-ZIG-02,Lait en poudre 400g,Alimentaire,2080.0,4.0,Wave
T104038,01/07/2025,Tambacounda,BTQ-TAM-05,Javel 1L,Hygiène,600.0,3.0,Espèces
T104704,2025-06-20,Diourbel,BTQ-DIO-04,Stylo (lot de 10),Fournitures,1500.0,,Espèces
T101544,03-10-2025,Diourbel,BTQ-DIO-01,Sucre 1kg,Alimentaire,750.0,3.0,Espèces
T102221,17-11-2025,Dakar,BTQ-DAK-01,Café Touba 250g,Alimentaire,1150.0,2.0,Espèces
T103404,2025-06-27,Diourbel,BTQ-DIO-03,Cahier 200p,Fournitures,550 FCFA,5.0,
T101175,2025-11-11,Dakar,BTQ-DAK-04,Pain,Alimentaire,150.0,4.0,Espèces
T104851,2025-09-13,Saint-Louis,BTQ-SAI-05,Café Touba 250g,Alimentaire,1140.0,1.0,Espèces
T103234,2025-11-23,Thiès,BTQ-THI-03,Riz brisé 25kg,Alimentaire,12300.0,4.0,Wave
T100781,2025-10-04,Dakar,BTQ-DAK-03,Crédit téléphone,Services,1010.0,1.0,
T102480,2025-07-02,Louga,BTQ-LOU-04,Lait en poudre 400g,Alimentaire,2170.0,2.0,Wave
T100646,2025-12-16,Thiès,BTQ-THI-01,Recharge Woyofal,Services,4920.0,4.0,Orange Money
T104522,2025-10-02,Ziguinchor,BTQ-ZIG-02,Javel 1L,Hygiène,620.0,1.0,Espèces
T101985,19/10/2025,Saint-Louis,BTQ-SAI-05,Sucre 1kg,Alimentaire,680.0,2.0,Espèces
T102811,2025-01-23,St-Louis,BTQ-SAI-05,Javel 1L,Hygiène,550.0,2.0,Wave
T100418,2025-03-16,Thiès,BTQ-THI-04,Riz brisé 25kg,Alimentaire,12 330 FCFA,3.0,Espèces
T104704,2025-06-20,Diourbel,BTQ-DIO-04,Stylo (lot de 10),Fournitures,1500.0,,Espèces
T104401,2025-01-08,LOUGA,BTQ-LOU-03,Savon (lot de 4),Hygiène,1050.0,2.0,Wave
T100168,2025-05-12,thiès,BTQ-THI-04,Cahier 200p,Fournitures,510.0,1.0,Orange Money
T103529,07-05-2025,Dakar,BTQ-DAK-03,Sucre 1kg,Alimentaire,660.0,4.0,Wave
T101581,2025-01-23,Tambacounda,BTQ-TAM-05,Savon (lot de 4),Hygiène,990 FCFA,3.0,Orange Money
T102544,2025-01-10,Diourbel,BTQ-DIO-05,Savon (lot de 4),Hygiène,940.0,5.0,
T101199,2025-01-25,Tambacounda,BTQ-TAM-05,Crédit téléphone,Services,910.0,,Wave
T101953,2025-12-21,Thiès,BTQ-THI-01,Crédit téléphone,Services,980.0,1.0,Orange Money
T101558,2025-06-26,Dakar,BTQ-DAK-05,Riz brisé 25kg,Alimentaire,11570.0,2.0,Wave
T103674,2025-11-20,Dakar,BTQ-DAK-04,Stylo (lot de 10),Fournitures,1560.0,4.0,Espèces
T100999,2025-03-01,Saint-Louis,BTQ-SAI-05,Cahier 200p,Fournitures,490.0,2.0,Wave
T102651,21-07-2025,Thiès,BTQ-THI-03,Crédit téléphone,Services,980 FCFA,3.0,Orange Money
T102774,2025-05-28,Ziguinchor,BTQ-ZIG-05,Pain,Alimentaire,150.0,3.0,Wave
T103732,2025-12-15,Tambacounda,BTQ-TAM-03,Savon (lot de 4),Hygiène,990.0,2.0,Wave
T101449,2025-10-03,Ziguinchor,BTQ-ZIG-05,Javel 1L,Hygiène,600 FCFA,7.0,Espèces
T103901,2025-02-23,Thiès,BTQ-THI-01,Cahier 200p,Fournitures,470.0,3.0,Wave
T101757,2025-03-22,Diourbel,BTQ-DIO-01,Crédit téléphone,Services,1010.0,1.0,Orange Money
T103786,2025-09-04,Saint-Louis,BTQ-SAI-02,Sucre 1kg,Alimentaire,730.0,3.0,Wave
T104271,2025-06-01,Diourbel,BTQ-DIO-04,Savon (lot de 4),Hygiène,980.0,3.0,Wave
T102262,2025-01-09,Diourbel,BTQ-DIO-04,Crédit téléphone,Services,1060.0,4.0,Carte
T100586,2025-03-30,DIOURBEL,BTQ-DIO-03,Café Touba 250g,Alimentaire,1230.0,2.0,Orange Money
T100813,2025-04-26,Thiès,BTQ-THI-03,Crédit téléphone,Services,1000.0,2.0,
T101945,26-10-2025,Thiès,BTQ-THI-04,Crédit téléphone,Services,1020.0,1.0,Espèces
T104992,2025-01-23,Saint-Louis,BTQ-SAI-05,Riz brisé 25kg,Alimentaire,12500.0,2.0,Wave
T103186,2025-05-30,Saint-Louis,BTQ-SAI-02,Pain,Alimentaire,140.0,1.0,Espèces
T103244,2025-05-29,Diourbel,BTQ-DIO-02,Café Touba 250g,Alimentaire,1190.0,3.0,Orange Money
T104403,2025-08-12,Ziguinchor,BTQ-ZIG-04,Crédit téléphone,Services,960.0,1.0,Espèces
T101334,2025-07-04,Diourbel,BTQ-DIO-01,Riz brisé 25kg,Alimentaire,12970.0,2.0,Espèces
T101780,2025-06-30,Dakar,BTQ-DAK-05,Crédit téléphone,Services,990.0,2.0,Wave
T104175,2025-09-27,Kaolack,BTQ-KAO-03,Pain,Alimentaire,150.0,2.0,Espèces
T101749,2025-07-31,Saint-Louis,BTQ-SAI-04,Riz brisé 25kg,Alimentaire,12520.0,1.0,Espèces
T102328,2025-05-07,Ziguinchor,BTQ-ZIG-01,Sucre 1kg,Alimentaire,680.0,4.0,Espèces
T101266,2025-01-29,Thiès,BTQ-THI-05,Pain,Alimentaire,160.0,,Espèces
T101100,14-01-2025,Diourbel,BTQ-DIO-05,Cahier 200p,Fournitures,520.0,2.0,Orange Money
T102266,2025-08-23,Dakar,BTQ-DAK-03,Huile 5L,Alimentaire,6410.0,4.0,Orange Money
T104754,2025-08-29,Diourbel,BTQ-DIO-02,Huile 5L,Alimentaire,6980.0,5.0,Orange Money
T101011,2025-04-16,Diourbel,BTQ-DIO-05,Savon (lot de 4),Hygiène,1030.0,2.0,Espèces
T100870,2025-04-26,Thiès,BTQ-THI-05,Cahier 200p,Fournitures,510.0,2.0,Espèces
T104185,2025-10-11,Kaolack,BTQ-KAO-01,Stylo (lot de 10),Fournitures,1520.0,3.0,Espèces
T104757,2025-06-16,Kaolack,BTQ-KAO-03,Riz brisé 25kg,Alimentaire,11660.0,3.0,Carte
T104031,24-02-2025,ziguinchor,BTQ-ZIG-03,Pain,Alimentaire,150.0,1.0,Orange Money
T100363,2025-09-20,Kaolack,BTQ-KAO-05,Huile 5L,Alimentaire,6600.0,6.0,Espèces
T102376,2025-05-22,Kaolack,BTQ-KAO-04,Crédit téléphone,Services,1010.0,2.0,Espèces
T104579,11/12/2025,Kaolack,BTQ-KAO-01,Riz brisé 25kg,Alimentaire,12830.0,3.0,Espèces
T104329,2025-08-20,Tambacounda,BTQ-TAM-05,Crédit téléphone,Services,1000.0,5.0,Wave
T101994,2025-08-08,Dakar,BTQ-DAK-02,Stylo (lot de 10),Fournitures,1530.0,3.0,Espèces
T103339,2025-06-06,Tambacounda,BTQ-TAM-01,Crédit téléphone,Services,1020.0,3.0,Orange Money
T101519,2025-10-03,Kaolack,BTQ-KAO-03,Crédit téléphone,Services,1010.0,2.0,Espèces
T104480,2025-07-15,Thiès,BTQ-THI-05,Riz brisé 25kg,Alimentaire,12100.0,4.0,Wave
T102498,2025-07-09,Diourbel,BTQ-DIO-05,Sucre 1kg,Alimentaire,670 FCFA,2.0,Espèces
T103286,2025-06-23,Thiès,BTQ-THI-05,Riz brisé 25kg,Alimentaire,13060.0,3.0,Espèces
T101047,2025-08-03,Thiès,BTQ-THI-01,Crédit téléphone,Services,950.0,2.0,Wave
T100128,2025-03-05,Dakar,BTQ-DAK-05,Crédit téléphone,Services,960.0,3.0,Espèces
T102268,14/08/2025,Kaolack,BTQ-KAO-01,Huile 5L,Alimentaire,6520.0,2.0,Espèces
T102177,01-03-2025,Dakar,BTQ-DAK-05,Café Touba 250g,Alimentaire,1130.0,6.0,Orange Money
T101553,2025-09-27,Kaolack,BTQ-KAO-05,Cahier 200p,Fournitures,500 FCFA,6.0,Wave
T103500,09/12/2025,Saint-Louis,BTQ-SAI-01,Recharge Woyofal,Services,5220.0,5.0,Espèces
T104244,2025-04-09,Louga,BTQ-LOU-05,Pain,Alimentaire,160.0,2.0,Espèces
T103939,2025-08-22,DAKAR,BTQ-DAK-04,Sucre 1kg,Alimentaire,700.0,3.0,Espèces
T104119,2025-12-29,Dakar,BTQ-DAK-05,Café Touba 250g,Alimentaire,1260.0,1.0,Espèces
T103483,2025-10-02,Kaolack,BTQ-KAO-05,Crédit téléphone,Services,1020.0,4.0,
T104262,02/12/2025,Saint-Louis,BTQ-SAI-02,Lait en poudre 400g,Alimentaire,2 170 FCFA,3.0,Espèces
T103417,2025-08-03,Ziguinchor,BTQ-ZIG-02,Riz brisé 25kg,Alimentaire,12520.0,2.0,Espèces
T101771,2025-03-25,St-Louis,BTQ-SAI-03,Recharge Woyofal,Services,4640.0,2.0,Wave
T100325,2025-03-29,Kaolack,BTQ-KAO-04,Crédit téléphone,Services,1070.0,1.0,Wave
T102050,2025-03-31,Tambacounda,BTQ-TAM-04,Pain,Alimentaire,150.0,1.0,Orange Money
T100620,2025-05-15,Thiès,BTQ-THI-04,Huile 5L,Alimentaire,6 120 FCFA,3.0,Espèces
T102595,2025-10-09,Ziguinchor,BTQ-ZIG-02,Riz brisé 25kg,Alimentaire,11 870 FCFA,2.0,
T103163,2025-08-17,Dakar,BTQ-DAK-03,Pain,Alimentaire,140.0,1.0,Orange Money
T104302,2025-08-16,Ziguinchor,BTQ-ZIG-05,Savon (lot de 4),Hygiène,950 FCFA,5.0,Espèces
T103851,2025-06-29,Thiès,BTQ-THI-02,Javel 1L,Hygiène,630.0,3.0,Espèces
T100127,04/02/2025,Thiès,BTQ-THI-04,Cahier 200p,Fournitures,500.0,2.0,Orange Money
T101284,2025-04-22,Louga,BTQ-LOU-02,Sucre 1kg,Alimentaire,660.0,1.0,Wave
T102571,2025-06-28,Diourbel,BTQ-DIO-04,Lait en poudre 400g,Alimentaire,2160.0,7.0,Espèces
T100306,2025-04-12,Diourbel,BTQ-DIO-01,Riz brisé 25kg,Alimentaire,12570.0,1.0,Espèces
T102890,2025-07-20,Saint-Louis,BTQ-SAI-02,Pain,Alimentaire,150.0,4.0,Espèces
T101218,2025-03-21,Kaolack,BTQ-KAO-03,Javel 1L,Hygiène,580.0,2.0,Carte
T104610,2025-04-07,Ziguinchor,BTQ-ZIG-03,Savon (lot de 4),Hygiène,960.0,2.0,Espèces
T103711,2025-08-20, Dakar ,BTQ-DAK-04,Stylo (lot de 10),Fournitures,1510.0,3.0,Espèces
T101976,18-05-2025,Diourbel,BTQ-DIO-03,Stylo (lot de 10),Fournitures,1490.0,3.0,Wave
T102464,2025-05-31,Tambacounda,BTQ-TAM-04,Riz brisé 25kg,Alimentaire,12780.0,4.0,Espèces
T101280,12-01-2025, Tambacounda ,BTQ-TAM-02,Sucre 1kg,Alimentaire,710 FCFA,4.0,Espèces
T102040,2025-07-13,Thiès,BTQ-THI-03,Cahier 200p,Fournitures,500.0,1.0,Orange Money
T104798,2025-06-20,Louga,BTQ-LOU-03,Café Touba 250g,Alimentaire,1170.0,4.0,Wave
T102253,2025-07-01,Ziguinchor,BTQ-ZIG-02,Recharge Woyofal,Services,4500.0,4.0,Espèces
T104102,2025-03-09,Dakar,BTQ-DAK-04,Cahier 200p,Fournitures,530.0,9.0,Espèces
T103626,27-05-2025,Ziguinchor,BTQ-ZIG-04,Sucre 1kg,Alimentaire,710.0,1.0,Espèces
T101028,2025-09-13,Tambacounda,BTQ-TAM-04,Javel 1L,Hygiène,610 FCFA,5.0,Espèces
T102939,2025-04-11,Thiès,BTQ-THI-04,Recharge Woyofal,Services,4750.0,2.0,Espèces
T101539,2025-08-01,Dakar,BTQ-DAK-03,Cahier 200p,Fournitures,520.0,2.0,Espèces
T104483,2025-12-24,Ziguinchor,BTQ-ZIG-01,Javel 1L,Hygiène,590 FCFA,3.0,Espèces
T104879,2025-04-17,Ziguinchor,BTQ-ZIG-01,Javel 1L,Hygiène,590.0,2.0,Orange Money
T103246,02/04/2025,Kaolack,BTQ-KAO-05,Lait en poudre 400g,Alimentaire,2370.0,2.0,Espèces
T101003,2025-04-08,Kaolack,BTQ-KAO-01,Huile 5L,Alimentaire,6 020 FCFA,3.0,Orange Money
T102375,2025-10-02,Dakar,BTQ-DAK-03,Savon (lot de 4),Hygiène,960.0,1.0,Carte
T101803,15/12/2025,Tambacounda,BTQ-TAM-01,Cahier 200p,Fournitures,510 FCFA,2.0,Wave
T104784,2025-10-03,Diourbel,BTQ-DIO-04,Recharge Woyofal,Services,5100.0,1.0,Espèces
T100647,2025-09-15,Diourbel,BTQ-DIO-03,Lait en poudre 400g,Alimentaire,2250.0,4.0,Wave
T100639,2025-02-01, Diourbel ,BTQ-DIO-01,Café Touba 250g,Alimentaire,1290.0,2.0,Orange Money
T101066,2025-09-02,Kaolack,BTQ-KAO-03,Savon (lot de 4),Hygiène,1070.0,2.0,Espèces
T104295,2025-12-28,dakar,BTQ-DAK-01,Huile 5L,Alimentaire,6310.0,4.0,
T102387,2025-01-30,Louga,BTQ-LOU-02,Lait en poudre 400g,Alimentaire,2180.0,1.0,Wave
T101522,26/02/2025,Diourbel,BTQ-DIO-04,Javel 1L,Hygiène,570.0,2.0,Wave
T102958,2025-04-12,Louga,BTQ-LOU-04,Recharge Woyofal,Services,5150.0,1.0,Wave
T103854,2025-11-26,Saint-Louis,BTQ-SAI-02,Stylo (lot de 10),Fournitures,1 430 FCFA,3.0,Orange Money
T100391,2025-07-02,Thiès,BTQ-THI-01,Savon (lot de 4),Hygiène,1000.0,3.0,Wave
T101036,2025-11-29,Dakar,BTQ-DAK-04,Recharge Woyofal,Services,4980.0,3.0,Carte
T100872,2025-11-27,Thiès,BTQ-THI-04,Javel 1L,Hygiène,560.0,5.0,Espèces
T102819,2025-05-01,Tambacounda,BTQ-TAM-04,Pain,Alimentaire,150.0,4.0,Espèces
T102972,2025-04-08,Thiès,BTQ-THI-05,Crédit téléphone,Services,1000.0,4.0,Carte
T102453,2025-09-21,Dakar,BTQ-DAK-04,Café Touba 250g,Alimentaire,1150.0,1.0,
T104007,2025-12-19,Dakar,BTQ-DAK-01,Javel 1L,Hygiène,600.0,4.0,Espèces
T102994,2025-08-21,Dakar,BTQ-DAK-05,Stylo (lot de 10),Fournitures,1440.0,3.0,Wave
T100913,2025-11-23,Ziguinchor,BTQ-ZIG-03,Stylo (lot de 10),Fournitures,1510.0,2.0,Orange Money
T101364,2025-10-01,Ziguinchor,BTQ-ZIG-02,Cahier 200p,Fournitures,490.0,4.0,Espèces
T101638,2025-11-18,Saint-Louis,BTQ-SAI-05,Pain,Alimentaire,150.0,3.0,Espèces
T100725,2025-10-11,Dakar,BTQ-DAK-02,Lait en poudre 400g,Alimentaire,2360.0,3.0,Espèces
T102097,2025-12-04,Thiès,BTQ-THI-05,Stylo (lot de 10),Fournitures,1600.0,1.0,Orange Money
T101198,2025-06-19,TAMBACOUNDA,BTQ-TAM-05,Sucre 1kg,Alimentaire,700 FCFA,3.0,
T101150,2025-07-15,Thiès,BTQ-THI-01,Savon (lot de 4),Hygiène,960.0,3.0,Wave
T100279,2025-09-09,Dakar,BTQ-DAK-04,Lait en poudre 400g,Alimentaire,2440.0,2.0,Espèces
T103117,09-10-2025, Kaolack ,BTQ-KAO-02,Crédit téléphone,Services,1020.0,3.0,
T100823,2025-11-14,St-Louis,BTQ-SAI-04,Javel 1L,Hygiène,650.0,6.0,Wave
T101333,2025-04-02,Dakar,BTQ-DAK-01,Café Touba 250g,Alimentaire,1 170 FCFA,4.0,Wave
T102956,2025-04-27, Kaolack ,BTQ-KAO-01,Cahier 200p,Fournitures,500.0,4.0,Orange Money
T102485,21/11/2025,Kaolack,BTQ-KAO-05,Javel 1L,Hygiène,600.0,2.0,Espèces
T100987,2025-09-12,Diourbel,BTQ-DIO-04,Cahier 200p,Fournitures,520.0,2.0,Espèces
T102043,2025-11-04,Dakar,BTQ-DAK-02,Stylo (lot de 10),Fournitures,1500.0,1.0,Wave
T100774,2025-04-04, Dakar ,BTQ-DAK-05,Sucre 1kg,Alimentaire,690.0,1.0,Wave
T104439,2025-03-07,Kaolack,BTQ-KAO-02,Recharge Woyofal,Services,4860.0,4.0,Carte
T103985,2025-07-22,Kaolack,BTQ-KAO-03,Cahier 200p,Fournitures,520.0,6.0,
T102587,2025-03-20,Dakar,BTQ-DAK-04,Riz brisé 25kg,Alimentaire,13320.0,2.0,Espèces
T100521,2025-12-27,Thiès,BTQ-THI-01,Javel 1L,Hygiène,600.0,4.0,Orange Money
T102806,2025-04-14,Louga,BTQ-LOU-05,Cahier 200p,Fournitures,510.0,2.0,Espèces
T101142,23/05/2025,St-Louis,BTQ-SAI-04,Crédit téléphone,Services,1000.0,5.0,Orange Money
T104605,2025-08-07, Tambacounda ,BTQ-TAM-01,Café Touba 250g,Alimentaire,1200.0,2.0,Espèces
T103179,2025-10-29,Louga,BTQ-LOU-02,Stylo (lot de 10),Fournitures,1 510 FCFA,4.0,Wave
T103530,15/03/2025,Dakar,BTQ-DAK-05,Lait en poudre 400g,Alimentaire,2240.0,2.0,
T100527,2025-10-14,Louga,BTQ-LOU-05,Sucre 1kg,Alimentaire,640.0,1.0,Wave
T101046,2025-01-23,Diourbel,BTQ-DIO-04,Lait en poudre 400g,Alimentaire,2 210 FCFA,4.0,Espèces
T100584,2025-04-30,Saint-Louis,BTQ-SAI-03,Sucre 1kg,Alimentaire,670 FCFA,3.0,Espèces
T101891,2025-03-19,Thiès,BTQ-THI-01,Lait en poudre 400g,Alimentaire,2400.0,5.0,Wave
T101504,2025-09-30,Ziguinchor,BTQ-ZIG-02,Sucre 1kg,Alimentaire,720.0,5.0,Espèces
T102849,2025-07-05,Diourbel,BTQ-DIO-02,Javel 1L,Hygiène,620.0,4.0,Wave
T103587,2025-11-07,Diourbel,BTQ-DIO-04,Crédit téléphone,Services,950.0,3.0,Espèces
T102226,2025-12-29,Kaolack,BTQ-KAO-01,Sucre 1kg,Alimentaire,730.0,1.0,Orange Money
T101904,2025-12-20, Tambacounda ,BTQ-TAM-04,Javel 1L,Hygiène,620 FCFA,1.0,Espèces
T104035,2025-09-19,Tambacounda,BTQ-TAM-05,Stylo (lot de 10),Fournitures,1520.0,5.0,Orange Money
T100499,27/03/2025,Louga,BTQ-LOU-02,Sucre 1kg,Alimentaire,680.0,2.0,Espèces
T100956,2025-11-15,Dakar,BTQ-DAK-04,Sucre 1kg,Alimentaire,660.0,4.0,Espèces
T103577,25/05/2025,Diourbel,BTQ-DIO-01,Cahier 200p,Fournitures,480.0,5.0,Espèces
T103565,2025-06-25,Dakar,BTQ-DAK-01,Riz brisé 25kg,Alimentaire,13520.0,2.0,Espèces
T100000,2025-11-07,Thiès,BTQ-THI-01,Stylo (lot de 10),Fournitures,1500.0,5.0,
T102072,2025-12-08, Dakar ,BTQ-DAK-03,Café Touba 250g,Alimentaire,1230.0,3.0,Wave
T103861,2025-01-18,DAKAR,BTQ-DAK-05,Cahier 200p,Fournitures,510.0,3.0,Espèces
T101470,2025-09-10,Saint-Louis,BTQ-SAI-03,Crédit téléphone,Services,950.0,3.0,Orange Money
T104203,2025-07-19,Saint-Louis,BTQ-SAI-05,Crédit téléphone,Services,940.0,3.0,Espèces
T101085,2025-10-08,Saint-Louis,BTQ-SAI-01,Sucre 1kg,Alimentaire,690.0,5.0,Espèces
T103725,23-06-2025,Louga,,Savon (lot de 4),Hygiène,1 000 FCFA,1.0,Espèces
T104013,2025-06-04,Dakar,BTQ-DAK-04,Savon (lot de 4),Hygiène,980.0,3.0,Espèces
T104862,2025-08-24,Kaolack,BTQ-KAO-04,Javel 1L,Hygiène,600.0,5.0,Espèces
T102798,2025-12-22,Tambacounda,BTQ-TAM-05,Javel 1L,Hygiène,590.0,3.0,Wave
T104989,2025-05-27,Dakar,BTQ-DAK-01,Recharge Woyofal,Services,5310.0,3.0,Orange Money
T103473,2025-05-26,Ziguinchor,BTQ-ZIG-05,Pain,Alimentaire,150.0,1.0,Espèces
T104590,2025-10-18,dakar,BTQ-DAK-03,Riz brisé 25kg,Alimentaire,12150.0,2.0,Espèces
T102212,2025-08-26,Dakar,BTQ-DAK-04,Cahier 200p,Fournitures,500.0,3.0,Wave
T100159,2025-04-19,Diourbel,BTQ-DIO-03,Savon (lot de 4),Hygiène,1020.0,2.0,Wave
T104498,2025-07-24,Thiès,BTQ-THI-01,Sucre 1kg,Alimentaire,680.0,4.0,Carte
T101098,2025-06-02,Ziguinchor,BTQ-ZIG-05,Huile 5L,Alimentaire,6620.0,2.0,Espèces
T101358,2025-12-28,Tambacounda,BTQ-TAM-02,Crédit téléphone,Services,1050.0,2.0,Espèces
T101549,2025-04-10,Kaolack,BTQ-KAO-04,Riz brisé 25kg,Alimentaire,13060.0,2.0,Espèces
T104085,14-05-2025,Ziguinchor,BTQ-ZIG-05,Huile 5L,Alimentaire,6690.0,2.0,Espèces
T102538,2025-05-04,Dakar,BTQ-DAK-04,Savon (lot de 4),Hygiène,1040.0,2.0,Orange Money
T101076,15/01/2025,Diourbel,BTQ-DIO-05,Café Touba 250g,Alimentaire,1210.0,2.0,Espèces
T103046,2025-02-14,Kaolack,BTQ-KAO-04,Riz brisé 25kg,Alimentaire,12640.0,2.0,Wave
T104358,2025-04-12,Diourbel,BTQ-DIO-05,Café Touba 250g,Alimentaire,1190.0,2.0,Espèces
T100659,26-10-2025,Tambacounda,BTQ-TAM-05,Stylo (lot de 10),Fournitures,1530.0,4.0,Espèces
T102164,2025-07-18,Dakar,BTQ-DAK-03,Javel 1L,Hygiène,650 FCFA,3.0,Espèces
T100840,2025-06-25,Dakar,BTQ-DAK-01,Crédit téléphone,Services,1080.0,2.0,Orange Money
T101029,2025-07-18,Saint-Louis,BTQ-SAI-02,Recharge Woyofal,Services,4680.0,2.0,Orange Money
T104671,2025-08-10,Louga,BTQ-LOU-05,Javel 1L,Hygiène,620.0,3.0,Orange Money
T102228,2025-06-18,Kaolack,BTQ-KAO-02,Recharge Woyofal,Services,5030.0,2.0,Orange Money
T101391,2025-11-03,Dakar,BTQ-DAK-02,Huile 5L,Alimentaire,6070.0,3.0,Wave
T104148,2025-03-14,Dakar,BTQ-DAK-01,Crédit téléphone,Services,970.0,,
T100530,2025-10-23,Ziguinchor,BTQ-ZIG-01,Huile 5L,Alimentaire,6680.0,6.0,Orange Money
T102751,2025-10-27,Saint-Louis,BTQ-SAI-05,Cahier 200p,Fournitures,510.0,2.0,Espèces
T100368,2025-09-21,Dakar,BTQ-DAK-01,Cahier 200p,Fournitures,490 FCFA,4.0,Orange Money
T104361,2025-08-29,Dakar,BTQ-DAK-01,Savon (lot de 4),Hygiène,1010.0,2.0,Espèces
T100810,2025-05-14,Dakar,BTQ-DAK-04,Café Touba 250g,Alimentaire,1120.0,3.0,Espèces
T104147,2025-02-25,Thiès,BTQ-THI-02,Savon (lot de 4),Hygiène,980.0,3.0,Espèces
T103303,2025-12-26,Thiès,BTQ-THI-02,Crédit téléphone,Services,950.0,4.0,Wave
T104854,2025-09-28,Tambacounda,BTQ-TAM-02,Stylo (lot de 10),Fournitures,1490.0,3.0,Carte
T102563,2025-08-23,Dakar,BTQ-DAK-03,Crédit téléphone,Services,960.0,3.0,Wave
T104874,2025-07-14,Diourbel,BTQ-DIO-05,Savon (lot de 4),Hygiène,1040.0,5.0,Orange Money
T100371,2025-08-18,Thiès,BTQ-THI-04,Huile 5L,Alimentaire,6380.0,2.0,Espèces
T104425,05-07-2025,St-Louis,BTQ-SAI-03,Cahier 200p,Fournitures,530.0,2.0,Espèces
T102368,01/01/2025,Louga,BTQ-LOU-02,Crédit téléphone,Services,1 020 FCFA,3.0,Orange Money
T100867,2025-12-07,LOUGA,BTQ-LOU-02,Café Touba 250g,Alimentaire,1160.0,4.0,Espèces
T103317,2025-04-17,Dakar,,Savon (lot de 4),Hygiène,1030.0,3.0,Espèces
T103028,2025-02-09,Tambacounda,BTQ-TAM-04,Café Touba 250g,Alimentaire,1250.0,3.0,
T102835,2025-05-05,Dakar,BTQ-DAK-04,Sucre 1kg,Alimentaire,710.0,1.0,Espèces
T100551,04/08/2025,Tambacounda,BTQ-TAM-03,Recharge Woyofal,Services,4980.0,5.0,Espèces
T102834,2025-04-29,Dakar,BTQ-DAK-02,Savon (lot de 4),Hygiène,950.0,3.0,
T100997,09-02-2025,Diourbel,BTQ-DIO-01,Pain,Alimentaire,150 FCFA,2.0,Wave
T103738,08-04-2025,Diourbel,BTQ-DIO-01,Crédit téléphone,Services,990.0,3.0,Wave
T100176,2025-06-20,Thiès,BTQ-THI-04,Huile 5L,Alimentaire,6570.0,1.0,Orange Money
T102077,2025-08-29,Kaolack,BTQ-KAO-04,Café Touba 250g,Alimentaire,1 090 FCFA,3.0,Espèces
T103758,25/07/2025,Dakar,BTQ-DAK-01,Javel 1L,Hygiène,590.0,8.0,Orange Money
T103409,2025-11-27,Thiès,BTQ-THI-03,Huile 5L,Alimentaire,6530.0,4.0,Espèces
T102688,20-03-2025,Diourbel,BTQ-DIO-03,Recharge Woyofal,Services,5050.0,5.0,Wave
T103439,2025-02-09,Saint-Louis,BTQ-SAI-05,Stylo (lot de 10),Fournitures,1520.0,6.0,Espèces
T101651,2025-08-04,Saint-Louis,BTQ-SAI-04,Riz brisé 25kg,Alimentaire,13340.0,1.0,Espèces
T104882,2025-06-18,Ziguinchor,BTQ-ZIG-02,Café Touba 250g,Alimentaire,1160.0,2.0,Carte
T102277,2025-07-18,Louga,BTQ-LOU-04,Recharge Woyofal,Services,5210.0,1.0,Orange Money
T104051,2025-01-07,Louga,BTQ-LOU-05,Crédit téléphone,Services,1030.0,1.0,Wave
T103507,2025-12-12,Dakar,BTQ-DAK-01,Pain,Alimentaire,160 FCFA,2.0,Orange Money
T102390,01/03/2025,Dakar,BTQ-DAK-02,Savon (lot de 4),Hygiène,980.0,3.0,Orange Money
T102714,2025-01-12,Louga,BTQ-LOU-01,Recharge Woyofal,Services,5100.0,2.0,Espèces
T101913,2025-09-30,Ziguinchor,BTQ-ZIG-03,Javel 1L,Hygiène,590.0,4.0,Orange Money
T100143,2025-06-02,Dakar,BTQ-DAK-04,Cahier 200p,Fournitures,520.0,3.0,Wave
T102235,2025-06-06,St-Louis,BTQ-SAI-03,Riz brisé 25kg,Alimentaire,12830.0,4.0,Carte
T101649,2025-01-19,Thiès,BTQ-THI-01,Crédit téléphone,Services,1040.0,2.0,Espèces
T101877,2025-05-29,Diourbel,BTQ-DIO-01,Huile 5L,Alimentaire,6460.0,1.0,Espèces
T104306,10-02-2025,Dakar,BTQ-DAK-02,Café Touba 250g,Alimentaire,1130.0,4.0,Espèces
T104124,2025-01-23,Dakar,BTQ-DAK-03,Crédit téléphone,Services,1010.0,2.0,Espèces
T100422,2025-04-10,Kaolack,BTQ-KAO-03,Café Touba 250g,Alimentaire,1220.0,2.0,Orange Money
T104794,2025-01-25,dakar,BTQ-DAK-01,Stylo (lot de 10),Fournitures,1500.0,2.0,Espèces
T101854,2025-08-26,Louga,BTQ-LOU-01,Pain,Alimentaire,160.0,5.0,Espèces
T101351,2025-01-04,Dakar,BTQ-DAK-01,Café Touba 250g,Alimentaire,1 220 FCFA,5.0,Espèces
T102216,2025-06-16,Louga,BTQ-LOU-01,Stylo (lot de 10),Fournitures,1470.0,2.0,
T100550,2025-07-25,Dakar,BTQ-DAK-02,Pain,Alimentaire,150.0,2.0,Espèces
T104106,20-08-2025,Dakar,BTQ-DAK-05,Cahier 200p,Fournitures,490.0,1.0,Wave
T102238,2025-11-27,Dakar,BTQ-DAK-05,Cahier 200p,Fournitures,480.0,2.0,Wave
T102638,2025-10-22,Kaolack,BTQ-KAO-05,Cahier 200p,Fournitures,520.0,3.0,Wave
T103730,2025-11-08,Thiès,BTQ-THI-02,Cahier 200p,Fournitures,520.0,2.0,
T103292,2025-08-02,Diourbel,BTQ-DIO-02,Cahier 200p,Fournitures,510 FCFA,2.0,Orange Money
T102158,2025-01-03,Diourbel,BTQ-DIO-03,Riz brisé 25kg,Alimentaire,12490.0,3.0,Espèces
T103083,2025-05-22,Ziguinchor,BTQ-ZIG-02,Sucre 1kg,Alimentaire,680 FCFA,1.0,
T101241,01/10/2025,Diourbel,BTQ-DIO-03,Lait en poudre 400g,Alimentaire,2330.0,5.0,Wave
T103689,2025-09-14,Tambacounda,BTQ-TAM-02,Pain,Alimentaire,150.0,3.0,
T104496,15-08-2025, Kaolack ,BTQ-KAO-05,Huile 5L,Alimentaire,6540.0,5.0,Espèces
T102086,2025-09-27,Dakar,BTQ-DAK-04,Cahier 200p,Fournitures,510.0,3.0,Carte
T104396,2025-11-18,Kaolack,BTQ-KAO-04,Stylo (lot de 10),Fournitures,1 580 FCFA,4.0,Espèces
T101430,2025-02-07,Dakar,BTQ-DAK-01,Stylo (lot de 10),Fournitures,1450.0,3.0,Wave
T102843,2025-06-21,Kaolack,BTQ-KAO-03,Huile 5L,Alimentaire,6660.0,3.0,Wave
T101523,2025-12-05, Louga ,BTQ-LOU-05,Savon (lot de 4),Hygiène,1000.0,3.0,Espèces
T104647,2025-01-21,Dakar,BTQ-DAK-01,Huile 5L,Alimentaire,6920.0,2.0,Orange Money
T100221,2025-08-28,Saint-Louis,BTQ-SAI-04,Pain,Alimentaire,140.0,4.0,Espèces
T102912,2025-07-19,Dakar,BTQ-DAK-01,Stylo (lot de 10),Fournitures,1500.0,1.0,Orange Money
T103968,2025-04-09,Dakar,BTQ-DAK-02,Lait en poudre 400g,Alimentaire,2040.0,3.0,Orange Money
T100730,28-07-2025,Thiès,BTQ-THI-04,Riz brisé 25kg,Alimentaire,12240.0,3.0,Orange Money
T100071,2025-12-12,Diourbel,BTQ-DIO-01,Café Touba 250g,Alimentaire,1200.0,2.0,Carte
T101969,2025-04-04,Kaolack,BTQ-KAO-05,Crédit téléphone,Services,1010.0,3.0,Wave
T103586,2025-10-15,St-Louis,BTQ-SAI-02,Riz brisé 25kg,Alimentaire,11990.0,3.0,Carte
T104146,2025-10-02,Dakar,BTQ-DAK-04,Recharge Woyofal,Services,5 260 FCFA,1.0,Wave
T103665,2025-06-29,Thiès,BTQ-THI-02,Lait en poudre 400g,Alimentaire,2240.0,5.0,Espèces
T100589,2025-09-30,Diourbel,BTQ-DIO-01,Recharge Woyofal,Services,4980.0,2.0,Espèces
T104280,2025-01-30,Dakar,BTQ-DAK-02,Stylo (lot de 10),Fournitures,1510.0,3.0,Espèces
T100437,2025-08-03,Thiès,BTQ-THI-01,Huile 5L,Alimentaire,6 250 FCFA,2.0,Orange Money
T100068,2025-03-17,Kaolack,BTQ-KAO-02,Riz brisé 25kg,Alimentaire,13 410 FCFA,1.0,Espèces
T104261,2025-12-17,Dakar,BTQ-DAK-02,Café Touba 250g,Alimentaire,1240.0,3.0,Espèces
T103671,2025-06-26,Dakar,BTQ-DAK-02,Savon (lot de 4),Hygiène,1020.0,3.0,Wave
T101006,2025-12-13,Kaolack,BTQ-KAO-05,Sucre 1kg,Alimentaire,700.0,3.0,Carte
T104553,16-05-2025,Thiès,BTQ-THI-01,Crédit téléphone,Services,990.0,2.0,Espèces
T103762,2025-05-26,Kaolack,BTQ-KAO-04,Javel 1L,Hygiène,600.0,2.0,Orange Money
T102229,2025-09-23,Saint-Louis,BTQ-SAI-02,Lait en poudre 400g,Alimentaire,2220.0,3.0,Espèces
T101065,2025-03-03,Thiès,BTQ-THI-01,Café Touba 250g,Alimentaire,1150.0,3.0,Orange Money
T100545,2025-12-31,Dakar,BTQ-DAK-03,Stylo (lot de 10),Fournitures,1440.0,2.0,Espèces
T104387,2025-06-21,Kaolack,BTQ-KAO-03,Savon (lot de 4),Hygiène,1000.0,1.0,Orange Money
T100791,06-09-2025,Diourbel,BTQ-DIO-05,Recharge Woyofal,Services,5130.0,3.0,Espèces
T102827,2025-06-18,St-Louis,BTQ-SAI-02,Recharge Woyofal,Services,4900.0,1.0,Orange Money
T104320,2025-01-17,Dakar,BTQ-DAK-02,Cahier 200p,Fournitures,470.0,2.0,Orange Money
T100498,26-03-2025,Saint-Louis,BTQ-SAI-01,Stylo (lot de 10),Fournitures,1550.0,3.0,Carte
T101311,2025-03-25,Louga,BTQ-LOU-02,Riz brisé 25kg,Alimentaire,12220.0,3.0,Orange Money
T102631,2025-11-05,Kaolack,BTQ-KAO-02,Cahier 200p,Fournitures,520.0,3.0,Wave
T103415,2025-04-04,Dakar,BTQ-DAK-02,Stylo (lot de 10),Fournitures,1530.0,4.0,Espèces
T102278,2025-02-07,Louga,BTQ-LOU-03,Recharge Woyofal,Services,4 770 FCFA,4.0,Wave
T104917,2025-04-25,Dakar,BTQ-DAK-01,Savon (lot de 4),Hygiène,910.0,2.0,Espèces
T100206,2025-02-18,Ziguinchor,BTQ-ZIG-03,Riz brisé 25kg,Alimentaire,12930.0,1.0,Orange Money
T102674,2025-08-02,Dakar,BTQ-DAK-02,Recharge Woyofal,Services,5240.0,4.0,Wave
T102124,2025-03-10,Dakar,BTQ-DAK-03,Savon (lot de 4),Hygiène,890.0,3.0,Orange Money
T103155,11/01/2025,Tambacounda,BTQ-TAM-03,Pain,Alimentaire,160.0,1.0,Espèces
T100555,2025-02-09,Thiès,BTQ-THI-02,Pain,Alimentaire,160.0,2.0,Orange Money
T102948,2025-08-29,Tambacounda,BTQ-TAM-05,Stylo (lot de 10),Fournitures,1500.0,4.0,Espèces
T103739,2025-09-22,Louga,BTQ-LOU-05,Sucre 1kg,Alimentaire,750.0,1.0,Wave
T104881,2025-03-14, Ziguinchor ,BTQ-ZIG-01,Recharge Woyofal,Services,4840.0,2.0,Orange Money
T102746,2025-07-09,Thiès,BTQ-THI-03,Recharge Woyofal,Services,4930.0,1.0,Wave
T100263,2025-09-13,Dakar,BTQ-DAK-05,Savon (lot de 4),Hygiène,1020.0,4.0,Wave
T103395,2025-07-14,Diourbel,BTQ-DIO-01,Cahier 200p,Fournitures,460.0,4.0,Espèces
T102777,2025-11-19,Thiès,BTQ-THI-02,Lait en poudre 400g,Alimentaire,2370.0,4.0,Espèces
T104627,2025-06-27,Kaolack,BTQ-KAO-04,Riz brisé 25kg,Alimentaire,12450.0,2.0,Espèces
T101905,2025-04-22, Dakar ,BTQ-DAK-03,Lait en poudre 400g,Alimentaire,2180.0,5.0,Orange Money
T104046,2025-08-21,Dakar,BTQ-DAK-02,Javel 1L,Hygiène,600.0,2.0,Espèces
T103064,2025-01-16,Diourbel,BTQ-DIO-01,Sucre 1kg,Alimentaire,680.0,3.0,Orange Money
T103699,2025-08-20,Dakar,BTQ-DAK-03,Pain,Alimentaire,150.0,2.0,Espèces
T103002,2025-09-15,Thiès,BTQ-THI-01,Cahier 200p,Fournitures,470.0,2.0,Wave
T100420,2025-05-01,Thiès,BTQ-THI-03,Sucre 1kg,Alimentaire,720.0,6.0,Espèces
T102782,2025-09-03,Dakar,BTQ-DAK-03,Café Touba 250g,Alimentaire,1230.0,1.0,Espèces
T102325,2025-01-17,Dakar,BTQ-DAK-02,Stylo (lot de 10),Fournitures,1 520 FCFA,4.0,Espèces
T100933,2025-06-02,Dakar,BTQ-DAK-02,Stylo (lot de 10),Fournitures,1460.0,1.0,Carte
T101516,2025-01-23,Thiès,BTQ-THI-04,Huile 5L,Alimentaire,6280.0,3.0,Wave
T104722,2025-12-31,Tambacounda,BTQ-TAM-03,Crédit téléphone,Services,1080.0,2.0,Wave
T100898,2025-01-14,Thiès,BTQ-THI-01,Cahier 200p,Fournitures,510.0,3.0,Wave
T103792,2025-01-25,Saint-Louis,BTQ-SAI-05,Savon (lot de 4),Hygiène,990.0,3.0,Orange Money
T101146,2025-07-09,Thiès,BTQ-THI-03,Stylo (lot de 10),Fournitures,1600.0,2.0,Espèces
T100200,2025-09-25,Tambacounda,BTQ-TAM-03,Savon (lot de 4),Hygiène,1 080 FCFA,2.0,Espèces
T104915,2025-04-08,Dakar,BTQ-DAK-05,Pain,Alimentaire,160.0,2.0,
T101563,2025-09-16, Diourbel ,BTQ-DIO-02,Savon (lot de 4),Hygiène,990.0,5.0,Wave
T102526,2025-02-23, Dakar ,BTQ-DAK-01,Javel 1L,Hygiène,590.0,3.0,Espèces
T102242,2025-01-24,St-Louis,BTQ-SAI-04,Javel 1L,Hygiène,620.0,1.0,
T103228,2025-10-30,Ziguinchor,BTQ-ZIG-01,Savon (lot de 4),Hygiène,1080.0,,Espèces
T102787,2025-04-13,Diourbel,BTQ-DIO-02,Café Touba 250g,Alimentaire,1250.0,4.0,Espèces
T103977,2025-03-27,Thiès,BTQ-THI-05,Café Touba 250g,Alimentaire,1270.0,4.0,Wave
T101318,2025-02-27,Kaolack,BTQ-KAO-02,Savon (lot de 4),Hygiène,990.0,2.0,Carte
T102068,2025-11-29,Thiès,BTQ-THI-03,Stylo (lot de 10),Fournitures,1440.0,3.0,Espèces
T101467,01/01/2025,Dakar,BTQ-DAK-02,Javel 1L,Hygiène,590.0,2.0,Wave
T102083,2025-07-28,Diourbel,BTQ-DIO-03,Huile 5L,Alimentaire,6870.0,3.0,
T102333,2025-04-30,Saint-Louis,BTQ-SAI-05,Stylo (lot de 10),Fournitures,1520.0,3.0,Espèces
T101728,09-04-2025,Saint-Louis,BTQ-SAI-02,Recharge Woyofal,Services,4700.0,1.0,Espèces
T104578,30-03-2025,Diourbel,BTQ-DIO-04,Javel 1L,Hygiène,590 FCFA,2.0,Espèces
T104800,20-07-2025,Thiès,BTQ-THI-04,Lait en poudre 400g,Alimentaire,2430.0,4.0,Wave
T100417,2025-11-23,Louga,BTQ-LOU-03,Café Touba 250g,Alimentaire,1120.0,5.0,Orange Money
T100309,01-09-2025,Louga,BTQ-LOU-05,Sucre 1kg,Alimentaire,710.0,4.0,Espèces
T102633,2025-03-04,Diourbel,BTQ-DIO-01,Javel 1L,Hygiène,630.0,,Espèces
T103138,2025-08-06,Tambacounda,BTQ-TAM-01,Recharge Woyofal,Services,5120.0,2.0,Orange Money
T101061,24-09-2025,Dakar,BTQ-DAK-05,Recharge Woyofal,Services,4740.0,1.0,Espèces
T100321,22-07-2025,Dakar,BTQ-DAK-04,Huile 5L,Alimentaire,7000.0,2.0,Espèces
T103926,2025-12-19,Diourbel,BTQ-DIO-05,Crédit téléphone,Services,1010.0,5.0,Orange Money
T102903,2025-09-13,Thiès,BTQ-THI-05,Lait en poudre 400g,Alimentaire,2340.0,5.0,Espèces
T104378,2025-04-30,Diourbel,BTQ-DIO-01,Huile 5L,Alimentaire,6310.0,3.0,Espèces
T101038,2025-07-21,Dakar,BTQ-DAK-02,Riz brisé 25kg,Alimentaire,12140.0,2.0,Wave
T102908,2025-01-18,LOUGA,BTQ-LOU-01,Stylo (lot de 10),Fournitures,1460.0,3.0,Espèces
T102548,2025-05-10,Ziguinchor,BTQ-ZIG-05,Huile 5L,Alimentaire,6970.0,3.0,Wave
T103390,2025-11-17,Thiès,BTQ-THI-02,Sucre 1kg,Alimentaire,680.0,2.0,Espèces
T103744,2025-03-07,Dakar,BTQ-DAK-03,Riz brisé 25kg,Alimentaire,11600.0,3.0,Espèces
T101338,2025-04-29,Dakar,BTQ-DAK-03,Pain,Alimentaire,140.0,4.0,Espèces
T102985,2025-11-06,Dakar,BTQ-DAK-03,Sucre 1kg,Alimentaire,670.0,3.0,Wave
T100070,19-06-2025,Louga,BTQ-LOU-03,Cahier 200p,Fournitures,480.0,3.0,Espèces
T101488,2025-08-02,Diourbel,BTQ-DIO-05,Sucre 1kg,Alimentaire,680.0,4.0,Espèces
T104797,2025-11-25,Dakar,BTQ-DAK-05,Savon (lot de 4),Hygiène,1060.0,4.0,Espèces
T102056,25/08/2025,Kaolack,BTQ-KAO-04,Café Touba 250g,Alimentaire,1 170 FCFA,2.0,Espèces
T102408,2025-12-23,Kaolack,BTQ-KAO-03,Sucre 1kg,Alimentaire,670.0,2.0,Carte
T103935,2025-04-21,Dakar,BTQ-DAK-02,Crédit téléphone,Services,990.0,2.0,Wave
T100222,08/08/2025,Ziguinchor,BTQ-ZIG-04,Stylo (lot de 10),Fournitures,1 490 FCFA,4.0,Orange Money
T102488,08-05-2025,Thiès,BTQ-THI-05,Javel 1L,Hygiène,610.0,3.0,Wave
T104895,2025-03-04,Dakar,BTQ-DAK-02,Javel 1L,Hygiène,610.0,5.0,Orange Money
T101404,2025-11-30,Dakar,BTQ-DAK-01,Lait en poudre 400g,Alimentaire,2260.0,4.0,Espèces
T100230,2025-05-02,Dakar,BTQ-DAK-01,Stylo (lot de 10),Fournitures,1 500 FCFA,4.0,Espèces
T101429,12-01-2025,Thiès,BTQ-THI-02,Huile 5L,Alimentaire,6480.0,3.0,Espèces
T101174,2025-07-29,Louga,BTQ-LOU-01,Stylo (lot de 10),Fournitures,1540.0,3.0,Orange Money
T101959,2025-08-29,Dakar,BTQ-DAK-01,Recharge Woyofal,Services,4730.0,2.0,Espèces
T101240,2025-03-19,Thiès,BTQ-THI-02,Café Touba 250g,Alimentaire,1170.0,3.0,Carte
T102201,2025-07-16,Dakar,BTQ-DAK-02,Sucre 1kg,Alimentaire,710.0,4.0,Carte
T103559,2025-03-27,Dakar,BTQ-DAK-01,Riz brisé 25kg,Alimentaire,12370.0,3.0,Orange Money
T102267,2025-10-17,Diourbel,BTQ-DIO-04,Javel 1L,Hygiène,630.0,1.0,Orange Money
T103752,05/02/2025,Diourbel,BTQ-DIO-02,Crédit téléphone,Services,960.0,5.0,Orange Money
T104191,26/12/2025,Tambacounda,BTQ-TAM-04,Sucre 1kg,Alimentaire,760.0,1.0,Espèces
T102866,2025-07-16,Thiès,BTQ-THI-01,Stylo (lot de 10),Fournitures,1490.0,3.0,Wave
T101916,2025-12-02,Diourbel,BTQ-DIO-04,Savon (lot de 4),Hygiène,990.0,4.0,Espèces
T100917,2025-03-23,Dakar,BTQ-DAK-03,Javel 1L,Hygiène,640.0,3.0,Wave
T104700,2025-03-25,Diourbel,BTQ-DIO-05,Sucre 1kg,Alimentaire,680.0,3.0,Orange Money
T101702,2025-06-13,Dakar,BTQ-DAK-02,Stylo (lot de 10),Fournitures,1420.0,2.0,Orange Money
T101168,2025-03-11,Dakar,BTQ-DAK-04,Sucre 1kg,Alimentaire,690.0,3.0,Espèces
T101694,08/06/2025,Saint-Louis,BTQ-SAI-03,Crédit téléphone,Services,1030.0,5.0,Wave
T104427,2025-02-21,Kaolack,BTQ-KAO-05,Pain,Alimentaire,150 FCFA,1.0,Wave
T104238,2025-10-16,Louga,BTQ-LOU-05,Cahier 200p,Fournitures,520.0,1.0,Espèces
T101716,2025-06-02,Dakar,BTQ-DAK-04,Recharge Woyofal,Services,4500.0,4.0,Orange Money
T102296,2025-10-26,Thiès,BTQ-THI-03,Huile 5L,Alimentaire,6310.0,4.0,Wave
T103506,27-02-2025,St-Louis,BTQ-SAI-05,Crédit téléphone,Services,1020.0,2.0,Wave
T103840,2025-08-21,Diourbel,BTQ-DIO-04,Crédit téléphone,Services,1010.0,3.0,Wave
T101446,2025-05-11,diourbel,BTQ-DIO-05,Huile 5L,Alimentaire,6870.0,4.0,
T103637,2025-05-21,Diourbel,BTQ-DIO-04,Café Touba 250g,Alimentaire,1240.0,2.0,Wave
T102938,2025-05-08,Dakar,BTQ-DAK-05,Savon (lot de 4),Hygiène,930 FCFA,4.0,Wave
T104291,2025-11-21,Dakar,BTQ-DAK-01,Savon (lot de 4),Hygiène,1020.0,3.0,Espèces
T102657,2025-08-03,Diourbel,BTQ-DIO-04,Stylo (lot de 10),Fournitures,1520.0,5.0,Espèces
T101424,2025-02-06,Dakar,BTQ-DAK-05,Pain,Alimentaire,150.0,2.0,Espèces
T100178,2025-07-28,Diourbel,BTQ-DIO-02,Huile 5L,Alimentaire,6340.0,4.0,Carte
T103845,2025-01-31,St-Louis,BTQ-SAI-01,Huile 5L,Alimentaire,6490.0,4.0,Orange Money
T100210,2025-05-03,Dakar,BTQ-DAK-02,Crédit téléphone,Services,980.0,1.0,Wave
T101766,16-03-2025,Tambacounda,BTQ-TAM-04,Lait en poudre 400g,Alimentaire,2340.0,2.0,Wave
T102190,2025-06-17,Saint-Louis,BTQ-SAI-03,Stylo (lot de 10),Fournitures,1510.0,2.0,Espèces
T103407,16-01-2025,Dakar,BTQ-DAK-04,Cahier 200p,Fournitures,480.0,4.0,Wave
T104063,2025-04-25,Dakar,BTQ-DAK-05,Riz brisé 25kg,Alimentaire,13330.0,5.0,Wave
T103906,2025-03-09,Dakar,BTQ-DAK-02,Lait en poudre 400g,Alimentaire,2260.0,4.0,Wave
T101746,2025-10-06,Dakar,BTQ-DAK-05,Crédit téléphone,Services,1020.0,5.0,Espèces
T103277,23-03-2025,Louga,BTQ-LOU-04,Recharge Woyofal,Services,5360.0,3.0,Espèces
T102615,2025-02-18,Dakar,BTQ-DAK-04,Lait en poudre 400g,Alimentaire,2440.0,2.0,Espèces
T104832,2025-04-03,Louga,BTQ-LOU-02,Riz brisé 25kg,Alimentaire,12830.0,3.0,Carte
T101228,2025-10-20,Saint-Louis,BTQ-SAI-02,Cahier 200p,Fournitures,530.0,5.0,Orange Money
T103904,2025-11-05,St-Louis,BTQ-SAI-05,Recharge Woyofal,Services,4980.0,3.0,Espèces
T103275,2025-07-12,Dakar,BTQ-DAK-05,Javel 1L,Hygiène,630.0,3.0,Wave
T100097,24-09-2025,St-Louis,BTQ-SAI-02,Huile 5L,Alimentaire,6410.0,-3.0,Orange Money
T103536,2025-08-06,Louga,BTQ-LOU-05,Crédit téléphone,Services,1050.0,4.0,Espèces
T104745,2025-03-07,ZIGUINCHOR,BTQ-ZIG-05,Huile 5L,Alimentaire,6420.0,2.0,Espèces
T104516,2025-03-18,Dakar,BTQ-DAK-04,Crédit téléphone,Services,1050.0,4.0,Espèces
T103564,2025-01-04,Ziguinchor,BTQ-ZIG-05,Sucre 1kg,Alimentaire,690 FCFA,3.0,Espèces
T101665,26/05/2025,Diourbel,BTQ-DIO-05,Savon (lot de 4),Hygiène,1050.0,2.0,Orange Money
T102569,2025-10-12,Tambacounda,BTQ-TAM-04,Lait en poudre 400g,Alimentaire,2280.0,,Orange Money
T104476,29/12/2025,Louga,BTQ-LOU-03,Riz brisé 25kg,Alimentaire,12050.0,4.0,Wave
T101433,2025-10-14,Diourbel,BTQ-DIO-05,Savon (lot de 4),Hygiène,1020.0,3.0,Espèces
T104742,2025-01-06,Thiès,BTQ-THI-01,Café Touba 250g,Alimentaire,1240.0,4.0,
T100075,2025-06-07,Dakar,BTQ-DAK-01,Savon (lot de 4),Hygiène,1 040 FCFA,4.0,Wave
T102700,2025-03-07,Saint-Louis,,Lait en poudre 400g,Alimentaire,2300.0,3.0,Wave
T102941,2025-08-03,Ziguinchor,BTQ-ZIG-05,Huile 5L,Alimentaire,6140.0,2.0,Espèces
T100937,2025-01-02,Thiès,BTQ-THI-05,Huile 5L,Alimentaire,6530.0,5.0,Espèces
T100816,2025-08-24,Louga,BTQ-LOU-03,Café Touba 250g,Alimentaire,1240.0,2.0,Espèces
T100722,2025-04-01,Dakar,BTQ-DAK-01,Riz brisé 25kg,Alimentaire,12370.0,3.0,Wave
T104645,2025-02-17,Dakar,BTQ-DAK-05,Stylo (lot de 10),Fournitures,1560.0,3.0,Wave
T100154,2025-02-08,Thiès,BTQ-THI-02,Javel 1L,Hygiène,570.0,3.0,Espèces
T103878,2025-08-19,St-Louis,BTQ-SAI-02,Crédit téléphone,Services,1020.0,3.0,Orange Money
T104285,2025-09-25,Dakar,BTQ-DAK-03,Pain,Alimentaire,150.0,4.0,
T104517,2025-04-02,Dakar,BTQ-DAK-05,Stylo (lot de 10),Fournitures,1450.0,100.0,Espèces
T100266,2025-06-21,Dakar,BTQ-DAK-02,Riz brisé 25kg,Alimentaire,12470.0,3.0,Wave
T101907,2025-07-19,Thiès,BTQ-THI-03,Lait en poudre 400g,Alimentaire,2320.0,2.0,Wave
T103202,2025-03-07,Dakar,BTQ-DAK-03,Lait en poudre 400g,Alimentaire,2040.0,3.0,Wave
T104923,2025-01-10,Louga,BTQ-LOU-04,Crédit téléphone,Services,990.0,3.0,Wave
T100036,2025-02-27,Thiès,BTQ-THI-05,Huile 5L,Alimentaire,6130.0,5.0,Espèces
T101004,2025-08-01,Diourbel,BTQ-DIO-02,Lait en poudre 400g,Alimentaire,2280.0,5.0,Espèces
T101714,2025-02-26,Saint-Louis,BTQ-SAI-04,Savon (lot de 4),Hygiène,950.0,1.0,Espèces
T102203,2025-10-07,Kaolack,BTQ-KAO-01,Lait en poudre 400g,Alimentaire,2530.0,2.0,Orange Money
T100900,2025-05-08,Diourbel,BTQ-DIO-03,Recharge Woyofal,Services,4540.0,2.0,Espèces
T100078,2025-01-02,Dakar,BTQ-DAK-03,Recharge Woyofal,Services,5120.0,2.0,
T101239,2025-01-21,Ziguinchor,BTQ-ZIG-03,Huile 5L,Alimentaire,6370.0,2.0,Espèces
T101880,2025-03-03,Dakar,BTQ-DAK-01,Sucre 1kg,Alimentaire,730.0,4.0,Espèces
T102422,10-07-2025,Thiès,BTQ-THI-04,Stylo (lot de 10),Fournitures,1520.0,2.0,Wave
T100402,2025-09-21, Ziguinchor ,BTQ-ZIG-02,Javel 1L,Hygiène,600.0,5.0,Wave
T102244,2025-10-17,Ziguinchor,BTQ-ZIG-05,Café Touba 250g,Alimentaire,1230.0,3.0,Espèces
T104484,2025-02-05,Louga,BTQ-LOU-03,Lait en poudre 400g,Alimentaire,2320.0,6.0,Wave
T100177,2025-07-25,Dakar,BTQ-DAK-05,Lait en poudre 400g,Alimentaire,2360.0,5.0,Espèces
T101401,20/05/2025,Louga,BTQ-LOU-05,Huile 5L,Alimentaire,6010.0,2.0,Carte
T102188,2025-10-11,Saint-Louis,BTQ-SAI-01,Cahier 200p,Fournitures,520.0,4.0,Wave
T102591,2025-08-24,Ziguinchor,BTQ-ZIG-05,Café Touba 250g,Alimentaire,1150.0,5.0,Wave
T104048,25-02-2025,Thiès,BTQ-THI-01,Stylo (lot de 10),Fournitures,1420.0,7.0,Espèces
T100412,2025-07-14,Diourbel,BTQ-DIO-01,Cahier 200p,Fournitures,490.0,4.0,Orange Money
T101185,2025-12-24,Kaolack,BTQ-KAO-04,Huile 5L,Alimentaire,5920.0,2.0,Espèces
T101249,2025-09-25,Dakar,BTQ-DAK-01,Recharge Woyofal,Services,5260.0,,Orange Money
T104759,2025-09-13,Diourbel,BTQ-DIO-02,Lait en poudre 400g,Alimentaire,2080.0,2.0,Carte
T100959,2025-11-03,Dakar,BTQ-DAK-03,Javel 1L,Hygiène,620.0,2.0,Espèces
T104194,2025-08-16,Louga,,Javel 1L,Hygiène,610.0,3.0,Wave
T104236,06-04-2025,Louga,BTQ-LOU-03,Cahier 200p,Fournitures,520.0,4.0,Wave
T104721,2025-01-07,Louga,BTQ-LOU-03,Riz brisé 25kg,Alimentaire,12400.0,3.0,Espèces
T104727,2025-12-07,Dakar,BTQ-DAK-02,Recharge Woyofal,Services,4780.0,5.0,Wave
T102986,2025-12-12,LOUGA,BTQ-LOU-01,Huile 5L,Alimentaire,6140.0,3.0,Wave
T103886,2025-06-03,Kaolack,BTQ-KAO-03,Riz brisé 25kg,Alimentaire,11580.0,3.0,Espèces
T102923,2025-02-02,Diourbel,BTQ-DIO-05,Huile 5L,Alimentaire,6 600 FCFA,2.0,Espèces
T100053,2025-03-13,Dakar,BTQ-DAK-02,Javel 1L,Hygiène,590.0,4.0,Wave
T100066,2025-07-12,St-Louis,BTQ-SAI-03,Café Touba 250g,Alimentaire,1250.0,2.0,Wave
T104705,2025-06-29,Dakar,BTQ-DAK-03,Stylo (lot de 10),Fournitures,1350.0,4.0,Espèces
T103125,2025-02-01,Thiès,BTQ-THI-04,Savon (lot de 4),Hygiène,1 010 FCFA,3.0,Wave
T100965,06/03/2025,Dakar,BTQ-DAK-01,Stylo (lot de 10),Fournitures,1600.0,5.0,Orange Money
T103910,2025-07-29,Dakar,BTQ-DAK-02,Cahier 200p,Fournitures,520.0,2.0,Carte
T101290,2025-01-29,Saint-Louis,BTQ-SAI-02,Savon (lot de 4),Hygiène,1050.0,3.0,Orange Money
T104746,2025-03-31,St-Louis,BTQ-SAI-03,Recharge Woyofal,Services,4980.0,3.0,Orange Money
T104918,2025-05-12,Dakar,BTQ-DAK-01,Sucre 1kg,Alimentaire,660.0,,Wave
T101279,05/05/2025,Dakar,BTQ-DAK-01,Riz brisé 25kg,Alimentaire,12640.0,4.0,Orange Money
T100038,23/02/2025,Saint-Louis,BTQ-SAI-05,Riz brisé 25kg,Alimentaire,12920.0,3.0,Espèces
T104059,2025-04-20,Thiès,BTQ-THI-03,Huile 5L,Alimentaire,6590.0,2.0,Wave
T101019,19/10/2025,Thiès,BTQ-THI-04,Cahier 200p,Fournitures,510.0,3.0,Carte
T102370,19/04/2025,St-Louis,BTQ-SAI-01,Savon (lot de 4),Hygiène,1000.0,2.0,Espèces
T103848,11-04-2025,Diourbel,BTQ-DIO-05,Javel 1L,Hygiène,640.0,3.0,Wave
T103257,2025-12-31,Thiès,BTQ-THI-03,Javel 1L,Hygiène,620.0,2.0,Espèces
T100086,2025-02-08,Dakar,BTQ-DAK-05,Cahier 200p,Fournitures,520 FCFA,6.0,Espèces
T103634,2025-06-16,Tambacounda,BTQ-TAM-05,Lait en poudre 400g,Alimentaire,2360.0,3.0,Wave
T101869,2025-03-17, Kaolack ,BTQ-KAO-04,Crédit téléphone,Services,1000.0,2.0,Carte
T104229,2025-11-17,Diourbel,BTQ-DIO-04,Huile 5L,Alimentaire,6240.0,3.0,Espèces
T103009,2025-10-24,Tambacounda,BTQ-TAM-05,Javel 1L,Hygiène,610.0,2.0,Orange Money
T104755,2025-10-07,Diourbel,BTQ-DIO-05,Cahier 200p,Fournitures,510.0,3.0,
T100766,2025-02-16,Tambacounda,BTQ-TAM-05,Recharge Woyofal,Services,5180.0,5.0,Espèces
T103082,2025-09-28,Dakar,BTQ-DAK-03,Sucre 1kg,Alimentaire,670.0,5.0,Espèces
T100022,2025-09-23,Dakar,BTQ-DAK-03,Café Touba 250g,Alimentaire,1140.0,1.0,Orange Money
T104585,2025-08-23,St-Louis,BTQ-SAI-04,Riz brisé 25kg,Alimentaire,12740.0,1.0,Espèces
T103558,2025-08-31,Tambacounda,BTQ-TAM-03,Pain,Alimentaire,150.0,2.0,Espèces
T101578,13-05-2025,THIÈS,BTQ-THI-03,Pain,Alimentaire,160.0,3.0,Espèces
T104482,2025-05-05,Tambacounda,BTQ-TAM-04,Savon (lot de 4),Hygiène,1020.0,3.0,Espèces
T100608,2025-06-29,Thiès,BTQ-THI-02,Sucre 1kg,Alimentaire,710.0,2.0,Wave
T101722,2025-12-12,Louga,BTQ-LOU-02,Pain,Alimentaire,150.0,4.0,Wave
T103673,2025-06-22,St-Louis,BTQ-SAI-03,Savon (lot de 4),Hygiène,970 FCFA,3.0,Espèces
T103534,2025-01-21,Kaolack,BTQ-KAO-04,Crédit téléphone,Services,1030.0,2.0,Carte
T100104,2025-05-11,Kaolack,BTQ-KAO-02,Pain,Alimentaire,160.0,4.0,Orange Money
T104168,2025-09-16,Kaolack,BTQ-KAO-04,Huile 5L,Alimentaire,6 440 FCFA,4.0,Espèces
T101234,2025-09-22,Thiès,BTQ-THI-03,Recharge Woyofal,Services,5 160 FCFA,3.0,Orange Money
T100457,2025-07-21, Dakar ,BTQ-DAK-01,Crédit téléphone,Services,940.0,3.0,Wave
T103823,2025-01-01,Ziguinchor,BTQ-ZIG-04,Recharge Woyofal,Services,4730.0,3.0,Orange Money
T101887,2025-01-06,Dakar,BTQ-DAK-05,Huile 5L,Alimentaire,6890.0,2.0,Espèces
T102735,2025-02-12,Thiès,BTQ-THI-03,Lait en poudre 400g,Alimentaire,2360.0,6.0,Orange Money
T101481,2025-10-23,Diourbel,BTQ-DIO-05,Savon (lot de 4),Hygiène,990.0,5.0,Espèces
T101078,2025-04-29,Diourbel,BTQ-DIO-05,Crédit téléphone,Services,960.0,3.0,Orange Money
T100703,2025-09-23,Kaolack,BTQ-KAO-05,Riz brisé 25kg,Alimentaire,11890.0,5.0,Wave
T102647,2025-09-23,Kaolack,BTQ-KAO-04,Cahier 200p,Fournitures,520.0,2.0,Wave
T100628,2025-08-21,Ziguinchor,BTQ-ZIG-04,Savon (lot de 4),Hygiène,1 020 FCFA,1.0,Wave
T102405,2025-12-21,Kaolack,BTQ-KAO-04,Sucre 1kg,Alimentaire,750.0,4.0,Orange Money
T104099,2025-11-05,Ziguinchor,BTQ-ZIG-01,Cahier 200p,Fournitures,550.0,1.0,Espèces
T101591,2025-09-29,Louga,BTQ-LOU-03,Riz brisé 25kg,Alimentaire,13 140 FCFA,4.0,Espèces
T100782,2025-01-16,Thiès,BTQ-THI-05,Riz brisé 25kg,Alimentaire,12 000 FCFA,3.0,
T102575,05-04-2025,Dakar,BTQ-DAK-01,Javel 1L,Hygiène,580 FCFA,-2.0,Orange Money
T103700,25/04/2025,Dakar,BTQ-DAK-01,Stylo (lot de 10),Fournitures,1400.0,1.0,Wave
T101248,2025-08-10,St-Louis,BTQ-SAI-03,Javel 1L,Hygiène,600.0,6.0,Carte
T102237,2025-07-03,Thiès,BTQ-THI-05,Café Touba 250g,Alimentaire,1 170 FCFA,3.0,Orange Money
T100445,2025-08-21,Thiès,BTQ-THI-01,Riz brisé 25kg,Alimentaire,12170.0,2.0,Wave
T101243,2025-10-24,Dakar,BTQ-DAK-05,Javel 1L,Hygiène,630.0,4.0,Espèces
T104385,2025-12-19,Dakar,BTQ-DAK-04,Javel 1L,Hygiène,590.0,6.0,Wave
T104558,12/06/2025,Saint-Louis,,Cahier 200p,Fournitures,470 FCFA,4.0,Espèces
T102597,2025-08-31,Dakar,BTQ-DAK-03,Pain,Alimentaire,150.0,1.0,Wave
T103358,2025-05-09,Tambacounda,BTQ-TAM-05,Stylo (lot de 10),Fournitures,1 470 FCFA,3.0,
T101911,2025-02-02,Ziguinchor,BTQ-ZIG-01,Café Touba 250g,Alimentaire,1 250 FCFA,3.0,Espèces
T102745,2025-03-24,Diourbel,BTQ-DIO-01,Recharge Woyofal,Services,4950.0,4.0,Wave
T104774,2025-10-31,Tambacounda,BTQ-TAM-03,Crédit téléphone,Services,990.0,5.0,Wave
T104576,2025-01-18,Ziguinchor,BTQ-ZIG-05,Recharge Woyofal,Services,5170.0,3.0,Espèces
T104938,2025-11-17,Dakar,BTQ-DAK-03,Cahier 200p,Fournitures,520.0,4.0,Wave
T103312,2025-02-07,Dakar,BTQ-DAK-05,Riz brisé 25kg,Alimentaire,12190.0,3.0,Orange Money
T104744,2025-02-05,Louga,BTQ-LOU-05,Sucre 1kg,Alimentaire,670.0,2.0,Espèces
T100885,24/10/2025,Louga,BTQ-LOU-04,Pain,Alimentaire,150.0,2.0,Orange Money
T103316,2025-11-09,Thiès,BTQ-THI-04,Cahier 200p,Fournitures,530.0,5.0,
T101381,2025-01-30,Dakar,BTQ-DAK-04,Riz brisé 25kg,Alimentaire,12 390 FCFA,2.0,Orange Money
T103113,2025-03-15,Louga,BTQ-LOU-01,Crédit téléphone,Services,1060.0,4.0,Espèces
T101058,23-08-2025,Dakar,BTQ-DAK-01,Sucre 1kg,Alimentaire,670.0,4.0,Wave
T102283,2025-11-20,Dakar,BTQ-DAK-04,Cahier 200p,Fournitures,500.0,3.0,Wave
T103181,13/07/2025,Saint-Louis,BTQ-SAI-03,Pain,Alimentaire,150.0,3.0,Wave
T100347,2025-12-16,Tambacounda,BTQ-TAM-05,Sucre 1kg,Alimentaire,720.0,3.0,Espèces
T103419,2025-11-08,Louga,BTQ-LOU-03,Crédit téléphone,Services,970.0,4.0,Espèces
T101886,2025-03-13,Dakar,BTQ-DAK-03,Riz brisé 25kg,Alimentaire,13230.0,3.0,Carte
T102743,2025-10-04,Tambacounda,BTQ-TAM-04,Pain,Alimentaire,160.0,4.0,Wave
T104683,2025-08-15,Dakar,BTQ-DAK-03,Crédit téléphone,Services,1010.0,3.0,Orange Money
T103780,2025-11-16,Thiès,BTQ-THI-01,Recharge Woyofal,Services,5210.0,5.0,Orange Money
T101417,2025-07-08,Dakar,BTQ-DAK-04,Sucre 1kg,Alimentaire,690.0,4.0,Espèces
T101278,2025-06-13,Thiès,BTQ-THI-01,Javel 1L,Hygiène,610.0,3.0,Wave
T100271,2025-08-26,Tambacounda,BTQ-TAM-05,Sucre 1kg,Alimentaire,720.0,4.0,Espèces
T102687,13-06-2025,SAINT-LOUIS,BTQ-SAI-02,Stylo (lot de 10),Fournitures,1 490 FCFA,5.0,Espèces
T103704,2025-06-28,Dakar,BTQ-DAK-05,Recharge Woyofal,Services,4990.0,1.0,Wave
T100657,2025-11-22,Saint-Louis,BTQ-SAI-05,Savon (lot de 4),Hygiène,1000.0,1.0,Espèces
T103373,2025-10-23,Dakar,BTQ-DAK-01,Recharge Woyofal,Services,4850.0,3.0,Wave
T103930,2025-11-19,Saint-Louis,BTQ-SAI-02,Recharge Woyofal,Services,5160.0,7.0,Wave
T101409,2025-04-19,Louga,BTQ-LOU-02,Lait en poudre 400g,Alimentaire,2210.0,3.0,Espèces
T103055,2025-08-31,Dakar,BTQ-DAK-03,Café Touba 250g,Alimentaire,1170.0,5.0,Espèces
T103301,2025-02-02,Dakar,BTQ-DAK-01,Recharge Woyofal,Services,5270.0,6.0,Espèces
T101524,2025-04-19,Tambacounda,BTQ-TAM-02,Cahier 200p,Fournitures,500.0,2.0,Espèces
T102411,2025-09-07,Thiès,BTQ-THI-03,Huile 5L,Alimentaire,6540.0,2.0,Orange Money
T102080,2025-03-27,Kaolack,BTQ-KAO-02,Riz brisé 25kg,Alimentaire,12000.0,5.0,Espèces
T104844,2025-07-13,St-Louis,BTQ-SAI-05,Riz brisé 25kg,Alimentaire,13470.0,3.0,
T101923,2025-06-15,DIOURBEL,BTQ-DIO-01,Sucre 1kg,Alimentaire,670.0,3.0,Espèces
T103765,2025-08-09,Saint-Louis,BTQ-SAI-03,Lait en poudre 400g,Alimentaire,2 380 FCFA,5.0,Wave
T102954,2025-11-04,Louga,BTQ-LOU-03,Savon (lot de 4),Hygiène,1000.0,1.0,Wave
T102770,2025-12-17,Louga,BTQ-LOU-04,Stylo (lot de 10),Fournitures,1490.0,4.0,Espèces
T104599,2025-01-02,Ziguinchor,,Crédit téléphone,Services,980.0,3.0,Espèces
T100762,2025-03-04,DAKAR,BTQ-DAK-01,Lait en poudre 400g,Alimentaire,2270.0,4.0,Orange Money
T100516,2025-06-19,Thiès,BTQ-THI-02,Pain,Alimentaire,140 FCFA,1.0,Espèces
T104497,2025-03-06,Dakar,BTQ-DAK-05,Cahier 200p,Fournitures,490 FCFA,1.0,
T102060,2025-05-26,Dakar,BTQ-DAK-04,Savon (lot de 4),Hygiène,940 FCFA,5.0,Orange Money
T103892,2025-11-25,Kaolack,BTQ-KAO-02,Sucre 1kg,Alimentaire,700.0,1.0,Wave
T100835,2025-07-25,kaolack,BTQ-KAO-03,Cahier 200p,Fournitures,500.0,3.0,Orange Money
T101164,2025-11-14,Saint-Louis,BTQ-SAI-05,Pain,Alimentaire,150.0,2.0,Orange Money
T102039,2025-12-13,Tambacounda,BTQ-TAM-03,Huile 5L,Alimentaire,6240.0,6.0,Espèces
T101906,2025-08-09,Dakar,BTQ-DAK-05,Pain,Alimentaire,150.0,4.0,Orange Money
T104160,2025-08-22,Dakar,BTQ-DAK-02,Pain,Alimentaire,160.0,4.0,Carte
T103797,2025-10-08,Dakar,BTQ-DAK-03,Recharge Woyofal,Services,5030.0,3.0,Espèces
T101812,2025-05-31,Diourbel,BTQ-DIO-05,Pain,Alimentaire,140.0,3.0,Wave
T103618,2025-09-27,Louga,BTQ-LOU-05,Crédit téléphone,Services,980.0,5.0,Orange Money
T101841,14-05-2025,Diourbel,BTQ-DIO-01,Sucre 1kg,Alimentaire,670.0,3.0,Orange Money
T101732,2025-08-25,Saint-Louis,BTQ-SAI-05,Riz brisé 25kg,Alimentaire,13330.0,4.0,Wave
T101762,2025-02-27,saint-louis,BTQ-SAI-05,Sucre 1kg,Alimentaire,700.0,6.0,Espèces
T102496,2025-03-23,Thiès,BTQ-THI-05,Stylo (lot de 10),Fournitures,1530.0,4.0,Espèces
T102842,2025-04-10,Dakar,BTQ-DAK-05,Lait en poudre 400g,Alimentaire,2330.0,2.0,Espèces
T104878,2025-07-12,Saint-Louis,BTQ-SAI-01,Stylo (lot de 10),Fournitures,1630.0,6.0,Espèces
T100382,25/12/2025,Dakar,BTQ-DAK-05,Recharge Woyofal,Services,5030.0,2.0,Espèces
T104041,28-11-2025,Thiès,BTQ-THI-04,Pain,Alimentaire,150.0,5.0,
T100158,2025-01-14, Louga ,BTQ-LOU-02,Café Touba 250g,Alimentaire,1240.0,1.0,Wave
T104312,2025-10-02,Dakar,BTQ-DAK-01,Recharge Woyofal,Services,4990.0,3.0,Orange Money
T102607,2025-11-27,Louga,BTQ-LOU-05,Café Touba 250g,Alimentaire,1210.0,5.0,Carte
T100399,2025-05-11,Thiès,BTQ-THI-04,Stylo (lot de 10),Fournitures,1480.0,1.0,Espèces
T101930,2025-05-24, Ziguinchor ,BTQ-ZIG-01,Cahier 200p,Fournitures,490.0,2.0,
T104108,2025-01-11,Dakar,BTQ-DAK-05,Savon (lot de 4),Hygiène,970.0,2.0,
T101069,2025-10-03,Kaolack,BTQ-KAO-03,Café Touba 250g,Alimentaire,1220.0,4.0,
T100470,2025-07-06,Tambacounda,,Cahier 200p,Fournitures,540.0,9.0,Orange Money
T102403,2025-06-17,Louga,BTQ-LOU-02,Crédit téléphone,Services,940.0,2.0,Wave
T101624,2025-03-07,Dakar,BTQ-DAK-04,Crédit téléphone,Services,1040.0,1.0,Espèces
T104070,2025-06-01,Louga,BTQ-LOU-01,Recharge Woyofal,Services,5130.0,6.0,Espèces
T104765,2025-08-07,Saint-Louis,BTQ-SAI-01,Pain,Alimentaire,160.0,4.0,Orange Money
T102685,19/05/2025,Diourbel,BTQ-DIO-04,Pain,Alimentaire,150.0,4.0,Espèces
T100355,2025-03-03,Thiès,BTQ-THI-05,Sucre 1kg,Alimentaire,680.0,1.0,Wave
T100786,2025-11-27,Kaolack,BTQ-KAO-01,Crédit téléphone,Services,990.0,4.0,Orange Money
T103782,2025-12-20,Thiès,BTQ-THI-03,Café Touba 250g,Alimentaire,1140.0,2.0,Orange Money
T102572,2025-05-19,Dakar,BTQ-DAK-04,Riz brisé 25kg,Alimentaire,12370.0,3.0,Espèces
T101663,2025-06-14,Saint-Louis,BTQ-SAI-03,Riz brisé 25kg,Alimentaire,12590.0,2.0,Orange Money
T102916,16-06-2025,Thiès,BTQ-THI-03,Cahier 200p,Fournitures,500.0,3.0,Orange Money
T100701,2025-02-24,Ziguinchor,BTQ-ZIG-02,Cahier 200p,Fournitures,500.0,5.0,Orange Money
T101368,2025-07-06,Louga,BTQ-LOU-02,Pain,Alimentaire,140.0,4.0,Espèces
T104528,2025-03-27,Tambacounda,BTQ-TAM-05,Cahier 200p,Fournitures,520.0,4.0,Wave
T102335,2025-12-09,Dakar,BTQ-DAK-01,Huile 5L,Alimentaire,6350.0,2.0,Wave
T104330,2025-09-18,Saint-Louis,BTQ-SAI-02,Stylo (lot de 10),Fournitures,1590.0,5.0,Wave
T101727,2025-07-30,Dakar,BTQ-DAK-01,Pain,Alimentaire,140.0,2.0,Wave
T101397,2025-09-22,Dakar,BTQ-DAK-05,Cahier 200p,Fournitures,510 FCFA,4.0,Wave
T100825,2025-11-27,Saint-Louis,BTQ-SAI-01,Javel 1L,Hygiène,610.0,6.0,Orange Money
T101367,2025-08-03,Dakar,BTQ-DAK-04,Stylo (lot de 10),Fournitures,1470.0,3.0,Wave
T102808,20-12-2025,DIOURBEL,BTQ-DIO-02,Café Touba 250g,Alimentaire,1230.0,2.0,Espèces
T101777,2025-09-20,Tambacounda,BTQ-TAM-03,Café Touba 250g,Alimentaire,1110.0,3.0,Wave
T104584,2025-12-23,DAKAR,BTQ-DAK-04,Recharge Woyofal,Services,4940.0,4.0,Espèces
T104173,2025-07-12,Dakar,BTQ-DAK-01,Crédit téléphone,Services,950.0,1.0,Espèces
T102788,2025-09-08,Diourbel,BTQ-DIO-04,Café Touba 250g,Alimentaire,1210.0,2.0,Wave
T101862,2025-09-02,Kaolack,BTQ-KAO-01,Savon (lot de 4),Hygiène,980 FCFA,3.0,Orange Money
T103203,2025-02-05,Louga,BTQ-LOU-04,Javel 1L,Hygiène,590 FCFA,3.0,Wave
T103756,04-12-2025,THIÈS,BTQ-THI-01,Huile 5L,Alimentaire,6360.0,5.0,Espèces
T100844,2025-10-29,Kaolack,BTQ-KAO-04,Stylo (lot de 10),Fournitures,1460.0,2.0,Espèces
T104298,01-08-2025,Thiès,BTQ-THI-01,Stylo (lot de 10),Fournitures,1480.0,2.0,Espèces
T104472,2025-04-27,Dakar,BTQ-DAK-05,Sucre 1kg,Alimentaire,740.0,3.0,Wave
T104416,17-02-2025,Thiès,BTQ-THI-01,Crédit téléphone,Services,990.0,2.0,Espèces
T100894,2025-10-06,Ziguinchor,BTQ-ZIG-01,Pain,Alimentaire,150.0,2.0,Wave
T100213,2025-08-10,Dakar,BTQ-DAK-03,Stylo (lot de 10),Fournitures,1550.0,3.0,Orange Money
T100785,2025-08-07,Diourbel,BTQ-DIO-02,Crédit téléphone,Services,1010.0,5.0,Wave
T104372,2025-01-08,Thiès,BTQ-THI-05,Crédit téléphone,Services,960.0,3.0,Espèces
T103147,2025-06-26,Louga,BTQ-LOU-04,Crédit téléphone,Services,1070.0,5.0,Espèces
T103170,2025-01-11,Dakar,BTQ-DAK-04,Cahier 200p,Fournitures,500.0,2.0,Espèces
T104780,2025-11-29,Louga,BTQ-LOU-01,Crédit téléphone,Services,1 030 FCFA,1.0,Espèces
T102528,2025-07-31,Thiès,BTQ-THI-01,Pain,Alimentaire,140 FCFA,3.0,Orange Money
T103763,2025-01-03,Saint-Louis,BTQ-SAI-05,Pain,Alimentaire,140.0,3.0,Espèces
T100107,2025-06-30,Diourbel,BTQ-DIO-05,Cahier 200p,Fournitures,510.0,4.0,Wave
T104861,05/04/2025,Thiès,BTQ-THI-04,Café Touba 250g,Alimentaire,1210.0,2.0,Espèces
T101955,2025-04-25,Saint-Louis,BTQ-SAI-04,Café Touba 250g,Alimentaire,1120.0,1.0,Espèces
T103386,2025-12-26,TAMBACOUNDA,BTQ-TAM-05,Stylo (lot de 10),Fournitures,1530.0,1.0,Espèces
T100229,2025-04-13,Thiès,BTQ-THI-04,Crédit téléphone,Services,1010.0,2.0,Espèces
T101802,2025-08-04,Kaolack,BTQ-KAO-02,Cahier 200p,Fournitures,510.0,5.0,Espèces
T101253,2025-04-16,Ziguinchor,BTQ-ZIG-01,Café Touba 250g,Alimentaire,1150.0,1.0,Wave
T100248,2025-11-10,diourbel,BTQ-DIO-02,Huile 5L,Alimentaire,6300.0,1.0,Wave
T104023,05-10-2025,Saint-Louis,BTQ-SAI-03,Crédit téléphone,Services,1 000 FCFA,4.0,Wave
T103166,03/12/2025,Dakar,BTQ-DAK-05,Huile 5L,Alimentaire,6 500 FCFA,3.0,Orange Money
T104907,2025-07-08,Kaolack,BTQ-KAO-01,Huile 5L,Alimentaire,6560.0,5.0,Espèces
T104736,2025-08-14,Dakar,BTQ-DAK-04,Sucre 1kg,Alimentaire,700.0,3.0,Orange Money
T100475,05-09-2025,Kaolack,BTQ-KAO-03,Recharge Woyofal,Services,5030.0,5.0,Orange Money
T104189,10/02/2025,Kaolack,BTQ-KAO-02,Cahier 200p,Fournitures,510.0,2.0,Orange Money
T104632,2025-09-03,Thiès,BTQ-THI-02,Recharge Woyofal,Services,4840.0,3.0,Carte
T103706,2025-09-02,Louga,BTQ-LOU-02,Café Touba 250g,Alimentaire,1260.0,4.0,Espèces
T104061,2025-10-01,Ziguinchor,BTQ-ZIG-05,Lait en poudre 400g,Alimentaire,2240.0,7.0,Wave
T100705,2025-01-29, Louga ,BTQ-LOU-05,Lait en poudre 400g,Alimentaire,2300.0,6.0,Espèces
T100618,2025-01-27,Louga,BTQ-LOU-02,Pain,Alimentaire,150.0,2.0,Wave
T104775,2025-06-04,Dakar,BTQ-DAK-02,Stylo (lot de 10),Fournitures,1450.0,2.0,Wave
T100602,2025-06-22,Ziguinchor,,Huile 5L,Alimentaire,6560.0,3.0,
T104760,2025-09-18,Dakar,BTQ-DAK-05,Riz brisé 25kg,Alimentaire,13150.0,2.0,Espèces
T102451,2025-07-24,Louga,BTQ-LOU-02,Sucre 1kg,Alimentaire,690.0,4.0,Orange Money
T100238,2025-12-09,Thiès,BTQ-THI-04,Javel 1L,Hygiène,600.0,6.0,Wave
T101902,2025-07-25,Kaolack,BTQ-KAO-04,Sucre 1kg,Alimentaire,720.0,3.0,Wave
T101087,03/02/2025,Saint-Louis,BTQ-SAI-05,Pain,Alimentaire,150.0,5.0,Wave
T104414,2025-04-22,Dakar,BTQ-DAK-05,Savon (lot de 4),Hygiène,990.0,3.0,Espèces
T103450,2025-08-09,Thiès,BTQ-THI-05,Café Touba 250g,Alimentaire,1120.0,3.0,Orange Money
T101641,28/03/2025,Dakar,BTQ-DAK-03,Café Touba 250g,Alimentaire,1130.0,1.0,Espèces
T100923,2025-07-28,Louga,BTQ-LOU-04,Riz brisé 25kg,Alimentaire,12 500 FCFA,4.0,Espèces
T104672,2025-05-22,Diourbel,BTQ-DIO-02,Huile 5L,Alimentaire,5940.0,3.0,Carte
T103922,2025-06-26,dakar,BTQ-DAK-02,Javel 1L,Hygiène,640.0,,Espèces
T102421,15/12/2025,Tambacounda,BTQ-TAM-02,Huile 5L,Alimentaire,6 460 FCFA,2.0,Espèces
T101441,2025-11-12, Saint-Louis ,BTQ-SAI-02,Stylo (lot de 10),Fournitures,1580.0,2.0,Wave
T101821,2025-02-17,diourbel,BTQ-DIO-03,Savon (lot de 4),Hygiène,980.0,4.0,Espèces
T103320,2025-04-08,Dakar,BTQ-DAK-03,Huile 5L,Alimentaire,7 070 FCFA,4.0,Espèces
T100962,2025-03-17,Thiès,BTQ-THI-05,Recharge Woyofal,Services,5130.0,2.0,Espèces
T103374,09-09-2025,Louga,BTQ-LOU-01,Huile 5L,Alimentaire,6610.0,4.0,Orange Money
T100888,2025-10-04,KAOLACK,BTQ-KAO-02,Café Touba 250g,Alimentaire,1260.0,5.0,Carte
T102971,2025-03-28,Dakar,BTQ-DAK-02,Huile 5L,Alimentaire,6710.0,2.0,Orange Money
T104100,2025-03-06,Diourbel,BTQ-DIO-01,Javel 1L,Hygiène,650.0,2.0,Espèces
T101698,30-03-2025,Diourbel,BTQ-DIO-04,Sucre 1kg,Alimentaire,710.0,2.0,Wave
T104858,2025-05-06,Dakar,BTQ-DAK-05,Huile 5L,Alimentaire,6670.0,1.0,Espèces
T104660,2025-03-15,Saint-Louis,BTQ-SAI-05,Lait en poudre 400g,Alimentaire,2350.0,2.0,Wave
T100488,2025-07-19,Kaolack,BTQ-KAO-03,Stylo (lot de 10),Fournitures,1440.0,5.0,Espèces
T103583,02/06/2025,Dakar,BTQ-DAK-01,Pain,Alimentaire,150.0,4.0,Espèces
T104920,2025-09-04,Diourbel,BTQ-DIO-03,Pain,Alimentaire,150.0,2.0,Orange Money
T104640,2025-03-13,Louga,BTQ-LOU-02,Stylo (lot de 10),Fournitures,1420.0,3.0,Espèces
T104718,2025-07-16,Tambacounda,BTQ-TAM-02,Javel 1L,Hygiène,610.0,2.0,Espèces
T104883,2025-09-21,Thiès,BTQ-THI-02,Savon (lot de 4),Hygiène,1030.0,3.0,
T104165,2025-02-23,Kaolack,BTQ-KAO-04,Riz brisé 25kg,Alimentaire,12570.0,2.0,Espèces
T103118,2025-08-25,Thiès,BTQ-THI-04,Crédit téléphone,Services,1090.0,3.0,Espèces
T102545,2025-02-18,Louga,BTQ-LOU-04,Huile 5L,Alimentaire,6640.0,,Wave
T103422,2025-02-14,Diourbel,BTQ-DIO-03,Cahier 200p,Fournitures,510.0,4.0,Wave
T103627,12/09/2025,Thiès,BTQ-THI-05,Huile 5L,Alimentaire,6950.0,2.0,Wave
T102503,2025-03-10,Kaolack,BTQ-KAO-01,Sucre 1kg,Alimentaire,690.0,1.0,Orange Money
T102981,2025-10-11,dakar,BTQ-DAK-02,Pain,Alimentaire,150.0,2.0,Orange Money
T101204,2025-07-08,Diourbel,BTQ-DIO-04,Riz brisé 25kg,Alimentaire,12490.0,4.0,Wave
T102026,2025-10-07,St-Louis,BTQ-SAI-02,Riz brisé 25kg,Alimentaire,12850.0,6.0,Espèces
T102564,2025-05-26,thiès,BTQ-THI-01,Lait en poudre 400g,Alimentaire,2280.0,1.0,Wave
T101022,2025-04-26,Ziguinchor,BTQ-ZIG-03,Sucre 1kg,Alimentaire,690.0,1.0,Espèces
T100454,08-02-2025,Louga,BTQ-LOU-04,Cahier 200p,Fournitures,500.0,3.0,Wave
T100326,2025-06-25,Saint-Louis,BTQ-SAI-05,Stylo (lot de 10),Fournitures,1480.0,3.0,Wave
T102871,2025-02-13,Dakar,BTQ-DAK-05,Lait en poudre 400g,Alimentaire,2100.0,1.0,Espèces
T101193,2025-10-10,Thiès,BTQ-THI-02,Recharge Woyofal,Services,5250.0,1.0,Carte
T102838,2025-10-12,Diourbel,BTQ-DIO-04,Sucre 1kg,Alimentaire,660.0,4.0,Carte
T103081,2025-04-24,Thiès,BTQ-THI-04,Savon (lot de 4),Hygiène,1 010 FCFA,2.0,Wave
T103250,2025-02-23,Dakar,BTQ-DAK-02,Café Touba 250g,Alimentaire,1150.0,2.0,
T101837,05-08-2025,Dakar,BTQ-DAK-05,Riz brisé 25kg,Alimentaire,13 010 FCFA,4.0,Wave
T103661,2025-04-23,Dakar,BTQ-DAK-01,Stylo (lot de 10),Fournitures,1490.0,3.0,Espèces
T103603,2025-02-22,Thiès,BTQ-THI-02,Lait en poudre 400g,Alimentaire,2260.0,2.0,Espèces
T103289,09/01/2025,Kaolack,BTQ-KAO-05,Savon (lot de 4),Hygiène,960 FCFA,5.0,Orange Money
T104272,2025-03-27,Kaolack,BTQ-KAO-02,Cahier 200p,Fournitures,510.0,4.0,Espèces
T103663,2025-09-26,Kaolack,BTQ-KAO-05,Javel 1L,Hygiène,590.0,2.0,Espèces
T102935,2025-02-14,Dakar,BTQ-DAK-05,Pain,Alimentaire,150.0,6.0,Wave
T100264,2025-07-13,St-Louis,BTQ-SAI-02,Recharge Woyofal,Services,4 790 FCFA,5.0,Espèces
T100209,2025-10-07,St-Louis,BTQ-SAI-02,Recharge Woyofal,Services,5110.0,5.0,Wave
T101117,2025-07-03,Tambacounda,BTQ-TAM-04,Café Touba 250g,Alimentaire,1230.0,2.0,Wave
T103020,2025-08-25,Saint-Louis,BTQ-SAI-05,Savon (lot de 4),Hygiène,1020.0,3.0,
T102356,2025-12-17,St-Louis,BTQ-SAI-01,Stylo (lot de 10),Fournitures,1410.0,3.0,Wave
T103097,2025-03-06,kaolack,BTQ-KAO-04,Pain,Alimentaire,150 FCFA,4.0,Espèces
T101846,2025-12-19,Tambacounda,BTQ-TAM-04,Lait en poudre 400g,Alimentaire,2330.0,2.0,Espèces
T102594,29/12/2025,Ziguinchor,BTQ-ZIG-02,Café Touba 250g,Alimentaire,1 200 FCFA,4.0,Wave
T100990,2025-01-31,Ziguinchor,BTQ-ZIG-05,Stylo (lot de 10),Fournitures,1 490 FCFA,3.0,Espèces
T103811,2025-09-16,Diourbel,BTQ-DIO-02,Savon (lot de 4),Hygiène,980 FCFA,3.0,
T101545,2025-08-10,Thiès,BTQ-THI-05,Crédit téléphone,Services,1030.0,1.0,Orange Money
T100085,2025-04-06,Thiès,BTQ-THI-05,Café Touba 250g,Alimentaire,1210.0,3.0,Wave
T103192,2025-09-02,Kaolack,BTQ-KAO-02,Lait en poudre 400g,Alimentaire,2280.0,4.0,Wave
T101686,2025-10-03,Dakar,BTQ-DAK-03,Café Touba 250g,Alimentaire,1180.0,1.0,Espèces
T104491,29/04/2025,Louga,BTQ-LOU-04,Riz brisé 25kg,Alimentaire,12700.0,1.0,Espèces
T101319,2025-11-22,Dakar,BTQ-DAK-03,Lait en poudre 400g,Alimentaire,2130.0,1.0,Espèces
T100871,2025-02-23,Dakar,BTQ-DAK-03,Lait en poudre 400g,Alimentaire,2370.0,1.0,Orange Money
T101940,2025-03-07,Thiès,BTQ-THI-04,Savon (lot de 4),Hygiène,1 050 FCFA,,Espèces
T101767,2025-10-12,Tambacounda,BTQ-TAM-01,Lait en poudre 400g,Alimentaire,2200.0,2.0,Espèces
T102863,18/11/2025,Saint-Louis,BTQ-SAI-03,Sucre 1kg,Alimentaire,690.0,2.0,Wave
T100686,2025-02-16,Louga,BTQ-LOU-04,Sucre 1kg,Alimentaire,710.0,4.0,Wave
T103912,28-12-2025,Diourbel,BTQ-DIO-05,Recharge Woyofal,Services,4940.0,2.0,Espèces
T103248,26-08-2025,Dakar,BTQ-DAK-02,Café Touba 250g,Alimentaire,1200.0,3.0,Orange Money
T100231,2025-01-12,Dakar,BTQ-DAK-03,Crédit téléphone,Services,1050.0,4.0,
T102349,2025-08-31,Thiès,BTQ-THI-01,Stylo (lot de 10),Fournitures,1 450 FCFA,2.0,Espèces
T102800,2025-12-12,St-Louis,BTQ-SAI-05,Pain,Alimentaire,150.0,5.0,Carte
T102715,2025-05-20,Dakar,BTQ-DAK-05,Sucre 1kg,Alimentaire,750.0,2.0,Espèces
T100450,2025-05-27,Louga,BTQ-LOU-02,Recharge Woyofal,Services,4760.0,2.0,Espèces
T101823,2025-03-30, Saint-Louis ,BTQ-SAI-03,Javel 1L,Hygiène,600.0,3.0,
T102649,2025-12-06,Dakar,BTQ-DAK-03,Lait en poudre 400g,Alimentaire,2320.0,3.0,Orange Money
T100185,2025-12-10,Kaolack,BTQ-KAO-02,Lait en poudre 400g,Alimentaire,2350.0,1.0,Espèces
T104845,2025-05-23,Dakar,BTQ-DAK-04,Cahier 200p,Fournitures,510.0,5.0,Espèces
T101682,2025-10-05,Dakar,BTQ-DAK-04,Pain,Alimentaire,150.0,2.0,Espèces
T102963,2025-01-02,Louga,BTQ-LOU-03,Crédit téléphone,Services,1030.0,4.0,Espèces
T104045,2025-09-29,Kaolack,BTQ-KAO-03,Pain,Alimentaire,150.0,5.0,Wave
T103412,2025-02-01,Thiès,BTQ-THI-02,Stylo (lot de 10),Fournitures,1440.0,3.0,Espèces
T102116,26/10/2025,St-Louis,BTQ-SAI-01,Pain,Alimentaire,150.0,3.0,Espèces
T103414,2025-09-07,Kaolack,BTQ-KAO-02,Lait en poudre 400g,Alimentaire,2320.0,2.0,Espèces
T104493,2025-08-03,Ziguinchor,BTQ-ZIG-05,Café Touba 250g,Alimentaire,1280.0,1.0,Orange Money
T103176,24-08-2025,Thiès,BTQ-THI-04,Lait en poudre 400g,Alimentaire,2300.0,2.0,Wave
T101946,2025-07-05,Ziguinchor,BTQ-ZIG-03,Lait en poudre 400g,Alimentaire,2360.0,6.0,Wave
T103254,2025-11-16,Dakar,BTQ-DAK-02,Café Touba 250g,Alimentaire,1260.0,5.0,Espèces
T102214,2025-04-04,tambacounda,BTQ-TAM-02,Pain,Alimentaire,160 FCFA,3.0,Wave
T100013,27/11/2025,Diourbel,BTQ-DIO-05,Recharge Woyofal,Services,4900.0,4.0,Orange Money
T102011,2025-02-26,Thiès,BTQ-THI-04,Javel 1L,Hygiène,580.0,2.0,Espèces
T102271,2025-01-11,diourbel,BTQ-DIO-01,Sucre 1kg,Alimentaire,650.0,4.0,Espèces
T104728,2025-06-09,Ziguinchor,BTQ-ZIG-04,Javel 1L,Hygiène,590.0,3.0,Wave
T101822,2025-09-03,Ziguinchor,BTQ-ZIG-04,Cahier 200p,Fournitures,490.0,1.0,Orange Money
T101262,2025-02-11,Louga,BTQ-LOU-03,Javel 1L,Hygiène,590 FCFA,2.0,Espèces
T100228,22/06/2025,Dakar,BTQ-DAK-02,Cahier 200p,Fournitures,500.0,2.0,Carte
T100744,2025-12-12,Saint-Louis,BTQ-SAI-03,Savon (lot de 4),Hygiène,1010.0,2.0,Espèces
T104363,2025-04-01,Louga,BTQ-LOU-02,Savon (lot de 4),Hygiène,1080.0,2.0,Wave
T102893,2025-12-24,Dakar,BTQ-DAK-01,Crédit téléphone,Services,1010.0,,Espèces
T103702,2025-02-01,Thiès,BTQ-THI-03,Huile 5L,Alimentaire,6680.0,4.0,
T101618,29-11-2025,Louga,BTQ-LOU-01,Huile 5L,Alimentaire,6 440 FCFA,2.0,
T102020,2025-08-29,Thiès,BTQ-THI-01,Huile 5L,Alimentaire,6390.0,8.0,Orange Money
T104787,12/04/2025,Kaolack,BTQ-KAO-03,Recharge Woyofal,Services,4 750 FCFA,3.0,Wave
T104021,2025-04-07, Tambacounda ,BTQ-TAM-04,Savon (lot de 4),Hygiène,980 FCFA,1.0,
T101421,2025-01-29,Kaolack,BTQ-KAO-05,Stylo (lot de 10),Fournitures,1460.0,1.0,Espèces
T100116,18-10-2025,Thiès,BTQ-THI-05,Recharge Woyofal,Services,4420.0,3.0,Espèces
T101486,2025-02-23,DAKAR,BTQ-DAK-01,Huile 5L,Alimentaire,6 850 FCFA,3.0,Orange Money
T102605,2025-12-03,Tambacounda,BTQ-TAM-03,Sucre 1kg,Alimentaire,700.0,2.0,Orange Money
T103281,2025-06-09,Dakar,BTQ-DAK-03,Crédit téléphone,Services,1010.0,2.0,
T100297,2025-02-06,Ziguinchor,BTQ-ZIG-05,Cahier 200p,Fournitures,500.0,3.0,Orange Money
T103313,2025-02-13,Tambacounda,BTQ-TAM-03,Stylo (lot de 10),Fournitures,1470.0,4.0,Orange Money
T100047,05-01-2025,Thiès,BTQ-THI-05,Riz brisé 25kg,Alimentaire,12090.0,5.0,Espèces
T104006,2025-03-15,Dakar,BTQ-DAK-01,Javel 1L,Hygiène,540.0,3.0,Orange Money
T101760,2025-02-20,Dakar,BTQ-DAK-01,Stylo (lot de 10),Fournitures,1450.0,2.0,Wave
T103548,2025-08-22,Louga,BTQ-LOU-04,Café Touba 250g,Alimentaire,1200.0,3.0,Espèces
T104360,2025-05-06,Kaolack,BTQ-KAO-02,Cahier 200p,Fournitures,500.0,3.0,Orange Money
T104970,2025-11-13,Ziguinchor,BTQ-ZIG-02,Lait en poudre 400g,Alimentaire,2 260 FCFA,3.0,Espèces
T103771,2025-09-08,Dakar,BTQ-DAK-03,Recharge Woyofal,Services,4740.0,1.0,Wave
T104550,2025-02-11,Dakar,BTQ-DAK-02,Javel 1L,Hygiène,550.0,2.0,Espèces
T104530,2025-04-17,Thiès,BTQ-THI-01,Cahier 200p,Fournitures,520.0,2.0,Orange Money
T104701,2025-04-03,tambacounda,BTQ-TAM-04,Savon (lot de 4),Hygiène,980 FCFA,3.0,Espèces
T102683,2025-02-02,Thiès,BTQ-THI-04,Savon (lot de 4),Hygiène,1050.0,4.0,Espèces
T104058,2025-01-28,Thiès,BTQ-THI-04,Cahier 200p,Fournitures,540.0,1.0,Orange Money
T103120,17/10/2025,Diourbel,BTQ-DIO-03,Café Touba 250g,Alimentaire,1290.0,1.0,Wave
T101928,20/08/2025,Ziguinchor,BTQ-ZIG-04,Recharge Woyofal,Services,4 980 FCFA,2.0,Espèces
T100743,2025-02-04,Dakar,BTQ-DAK-04,Javel 1L,Hygiène,610.0,4.0,Orange Money
T100416,2025-11-11,Louga,BTQ-LOU-03,Cahier 200p,Fournitures,520.0,7.0,Espèces
T103465,2025-03-23,Dakar,BTQ-DAK-05,Stylo (lot de 10),Fournitures,1 420 FCFA,3.0,Carte
T100202,2025-06-23,Dakar,BTQ-DAK-03,Riz brisé 25kg,Alimentaire,12070.0,2.0,Espèces
T103518,23/08/2025,Thiès,BTQ-THI-03,Stylo (lot de 10),Fournitures,1460.0,2.0,Wave
T100316,2025-02-16,Ziguinchor,BTQ-ZIG-01,Riz brisé 25kg,Alimentaire,11810.0,3.0,Espèces
T102367,2025-07-11,Thiès,BTQ-THI-05,Huile 5L,Alimentaire,6460.0,1.0,Orange Money
T100378,2025-05-29,Dakar,BTQ-DAK-05,Cahier 200p,Fournitures,490.0,1.0,Orange Money
T102517,2025-07-11,Dakar,BTQ-DAK-05,Pain,Alimentaire,150.0,4.0,Espèces
T104305,19-03-2025,Dakar,BTQ-DAK-05,Recharge Woyofal,Services,4960.0,1.0,
T103338,2025-05-29,Tambacounda,BTQ-TAM-01,Riz brisé 25kg,Alimentaire,12320.0,1.0,Orange Money
T100575,26-12-2025,Thiès,BTQ-THI-02,Sucre 1kg,Alimentaire,680.0,6.0,Espèces
T103908,02/01/2025,Saint-Louis,BTQ-SAI-04,Stylo (lot de 10),Fournitures,1540.0,6.0,
T102137,2025-02-04,Thiès,BTQ-THI-02,Cahier 200p,Fournitures,510.0,1.0,Espèces
T103542,2025-05-02,Dakar,BTQ-DAK-05,Cahier 200p,Fournitures,520.0,3.0,Orange Money
T101497,2025-07-10,Diourbel,BTQ-DIO-04,Huile 5L,Alimentaire,6290.0,3.0,Orange Money
T102320,2025-07-26,Diourbel,BTQ-DIO-04,Sucre 1kg,Alimentaire,730.0,5.0,Espèces
T101352,2025-06-18,Tambacounda,BTQ-TAM-01,Riz brisé 25kg,Alimentaire,12730.0,4.0,Espèces
T103967,2025-12-10,Louga,BTQ-LOU-05,Huile 5L,Alimentaire,6440.0,2.0,Orange Money
T102668,2025-09-22,Tambacounda,BTQ-TAM-02,Javel 1L,Hygiène,630 FCFA,2.0,Espèces
T103708,2025-02-18,Dakar,BTQ-DAK-03,Recharge Woyofal,Services,5220.0,4.0,Wave
T101526,2025-09-09,Louga,BTQ-LOU-05,Stylo (lot de 10),Fournitures,1 420 FCFA,4.0,Wave
T100182,2025-03-04,Dakar,BTQ-DAK-02,Cahier 200p,Fournitures,490.0,1.0,Orange Money
T100768,2025-03-10,Saint-Louis,BTQ-SAI-05,Javel 1L,Hygiène,610.0,,Carte
T101122,2025-08-07,Ziguinchor,BTQ-ZIG-05,Cahier 200p,Fournitures,550.0,4.0,Orange Money
T104604,2025-05-24,Dakar,BTQ-DAK-04,Café Touba 250g,Alimentaire,1180.0,6.0,Wave
T104118,2025-04-26,Diourbel,BTQ-DIO-05,Riz brisé 25kg,Alimentaire,13110.0,3.0,Espèces
T101119,2025-07-08,DAKAR,BTQ-DAK-04,Sucre 1kg,Alimentaire,660 FCFA,1.0,Espèces
T102600,24-04-2025,Dakar,BTQ-DAK-01,Lait en poudre 400g,Alimentaire,2440.0,4.0,Wave
T102401,2025-06-02,Dakar,,Sucre 1kg,Alimentaire,720.0,2.0,Orange Money
T104643,2025-01-29,Dakar,BTQ-DAK-01,Huile 5L,Alimentaire,6420.0,5.0,Espèces
T101288,2025-07-07,Thiès,BTQ-THI-04,Savon (lot de 4),Hygiène,970.0,8.0,Wave
T101363,2025-06-30,Dakar,BTQ-DAK-04,Riz brisé 25kg,Alimentaire,12 120 FCFA,3.0,Carte
T104515,2025-05-30,Dakar,BTQ-DAK-01,Riz brisé 25kg,Alimentaire,12700.0,3.0,Espèces
T104181,2025-12-11,Diourbel,BTQ-DIO-05,Sucre 1kg,Alimentaire,720.0,3.0,Espèces
T100369,2025-04-11,Thiès,BTQ-THI-05,Lait en poudre 400g,Alimentaire,2300.0,2.0,Espèces
T101293,2025-12-04,Dakar,BTQ-DAK-03,Savon (lot de 4),Hygiène,980.0,4.0,Wave
T102466,2025-04-03,Kaolack,BTQ-KAO-04,Lait en poudre 400g,Alimentaire,2380.0,3.0,Orange Money
T102449,2025-07-03,St-Louis,BTQ-SAI-05,Café Touba 250g,Alimentaire,1270.0,3.0,Orange Money
T104829,2025-11-21,Saint-Louis,BTQ-SAI-01,Cahier 200p,Fournitures,490 FCFA,2.0,Espèces
T103067,2025-03-20,Ziguinchor,BTQ-ZIG-01,Riz brisé 25kg,Alimentaire,13 570 FCFA,2.0,Wave
T104325,2025-07-19,Ziguinchor,BTQ-ZIG-05,Recharge Woyofal,Services,5060.0,4.0,Wave
T100789,2025-08-22,Dakar,BTQ-DAK-04,Savon (lot de 4),Hygiène,990.0,2.0,Orange Money
T100249,2025-04-25,Dakar,BTQ-DAK-03,Lait en poudre 400g,Alimentaire,2440.0,3.0,Wave
T100364,2025-03-24,louga,BTQ-LOU-02,Stylo (lot de 10),Fournitures,1410.0,4.0,Orange Money
T104005,2025-03-12,Kaolack,BTQ-KAO-04,Crédit téléphone,Services,990.0,5.0,Espèces
T103141,2025-10-02,Dakar,BTQ-DAK-03,Riz brisé 25kg,Alimentaire,11 220 FCFA,4.0,Orange Money
T102562,2025-01-10, Dakar ,BTQ-DAK-05,Javel 1L,Hygiène,570.0,3.0,Espèces
T101043,2025-11-29,Diourbel,BTQ-DIO-02,Javel 1L,Hygiène,610.0,1.0,Espèces
T104284,2025-07-30,DIOURBEL,BTQ-DIO-02,Javel 1L,Hygiène,600.0,2.0,Espèces
T101136,2025-01-19,Dakar,BTQ-DAK-05,Cahier 200p,Fournitures,540.0,4.0,Wave
T103379,2025-03-13,Louga,BTQ-LOU-03,Lait en poudre 400g,Alimentaire,2210.0,5.0,Espèces
T100478,2025-05-25,Ziguinchor,BTQ-ZIG-04,Cahier 200p,Fournitures,470.0,3.0,Espèces
T102300,2025-10-16,Thiès,BTQ-THI-02,Savon (lot de 4),Hygiène,1060.0,1.0,Espèces
T104430,2025-03-14,Diourbel,BTQ-DIO-05,Lait en poudre 400g,Alimentaire,2 190 FCFA,2.0,Wave
T103489,24/01/2025, Saint-Louis ,BTQ-SAI-04,Café Touba 250g,Alimentaire,1 210 FCFA,2.0,Wave
T103115,2025-04-02,Thiès,BTQ-THI-05,Recharge Woyofal,Services,4 940 FCFA,3.0,Espèces
T100910,2025-06-30,St-Louis,BTQ-SAI-01,Lait en poudre 400g,Alimentaire,2340.0,5.0,Espèces
T101487,02/02/2025,Ziguinchor,BTQ-ZIG-02,Pain,Alimentaire,150.0,4.0,Wave
T100724,2025-04-25,Kaolack,BTQ-KAO-03,Café Touba 250g,Alimentaire,1230.0,1.0,Carte
T102336,2025-08-04,Dakar,BTQ-DAK-03,Huile 5L,Alimentaire,6370.0,2.0,Carte
T103778,2025-05-04,Dakar,BTQ-DAK-05,Pain,Alimentaire,150.0,4.0,Wave
T103872,2025-01-20,Dakar,BTQ-DAK-05,Crédit téléphone,Services,1030.0,3.0,Wave
T103463,2025-04-09,Dakar,BTQ-DAK-04,Café Touba 250g,Alimentaire,1190.0,4.0,Wave
T101550,14/06/2025,Thiès,BTQ-THI-01,Recharge Woyofal,Services,5320.0,1.0,Espèces
T103980,2025-04-12,Dakar,BTQ-DAK-02,Javel 1L,Hygiène,580.0,2.0,Espèces
T100139,2025-04-25,Tambacounda,BTQ-TAM-02,Sucre 1kg,Alimentaire,690.0,2.0,Wave
T104171,27-07-2025,Thiès,BTQ-THI-04,Recharge Woyofal,Services,5020.0,2.0,Wave
T101103,2025-02-07,Diourbel,BTQ-DIO-03,Café Touba 250g,Alimentaire,1180.0,3.0,Orange Money
T100534,2025-03-16,Tambacounda,BTQ-TAM-01,Savon (lot de 4),Hygiène,1020.0,3.0,Wave
T101082,2025-05-01,Saint-Louis,BTQ-SAI-05,Javel 1L,Hygiène,590.0,1.0,Espèces
T100365,2025-11-07,Thiès,BTQ-THI-03,Lait en poudre 400g,Alimentaire,2170.0,5.0,Orange Money
T101312,2025-12-06,Dakar,BTQ-DAK-01,Javel 1L,Hygiène,620.0,2.0,Espèces
T103366,2025-05-15, Thiès ,BTQ-THI-01,Recharge Woyofal,Services,5200.0,4.0,Orange Money
T100073,2025-07-25,Dakar,BTQ-DAK-04,Riz brisé 25kg,Alimentaire,12210.0,3.0,Espèces
T100259,2025-07-23,Saint-Louis,BTQ-SAI-01,Sucre 1kg,Alimentaire,680.0,4.0,Wave
T101335,2025-12-05,Dakar,BTQ-DAK-05,Café Touba 250g,Alimentaire,1180.0,4.0,Espèces
T103288,09-02-2025,Diourbel,BTQ-DIO-02,Crédit téléphone,Services,1020.0,4.0,Espèces
T100291,21-03-2025,thiès,BTQ-THI-01,Café Touba 250g,Alimentaire,1190.0,1.0,Orange Money
T102274,2025-08-21,Ziguinchor,BTQ-ZIG-01,Crédit téléphone,Services,960.0,2.0,Orange Money
T101491,2025-07-10,Dakar,BTQ-DAK-01,Huile 5L,Alimentaire,6670.0,1.0,
T103721,2025-04-05,DAKAR,BTQ-DAK-04,Crédit téléphone,Services,990.0,3.0,Espèces
T101957,2025-04-20,Kaolack,BTQ-KAO-05,Stylo (lot de 10),Fournitures,1 390 FCFA,1.0,Espèces
T102529,10/02/2025,Kaolack,BTQ-KAO-01,Lait en poudre 400g,Alimentaire,2250.0,2.0,Espèces
T104388,2025-03-23,St-Louis,BTQ-SAI-04,Crédit téléphone,Services,990.0,,Wave
T100975,2025-07-01,Dakar,BTQ-DAK-04,Lait en poudre 400g,Alimentaire,2 410 FCFA,3.0,Espèces
T101984,2025-11-05,Thiès,BTQ-THI-05,Sucre 1kg,Alimentaire,660.0,1.0,Espèces
T101269,2025-12-21,Diourbel,BTQ-DIO-05,Javel 1L,Hygiène,590.0,2.0,Espèces
T104392,2025-12-26,Tambacounda,BTQ-TAM-04,Cahier 200p,Fournitures,530.0,2.0,Carte
T101273,2025-09-17,Tambacounda,BTQ-TAM-02,Riz brisé 25kg,Alimentaire,12 830 FCFA,5.0,Espèces
T104022,20-02-2025,Kaolack,BTQ-KAO-04,Savon (lot de 4),Hygiène,930.0,4.0,Orange Money
T103423,2025-06-03,Thiès,,Stylo (lot de 10),Fournitures,1450.0,2.0,Espèces
T102409,2025-03-23,Kaolack,BTQ-KAO-04,Recharge Woyofal,Services,5300.0,5.0,Orange Money
T104756,2025-10-20,Saint-Louis,BTQ-SAI-05,Recharge Woyofal,Services,5100.0,6.0,Espèces
T103119,2025-02-17,Dakar,BTQ-DAK-01,Riz brisé 25kg,Alimentaire,13200.0,5.0,Wave
T103188,2025-04-07,Dakar,BTQ-DAK-04,Lait en poudre 400g,Alimentaire,2540.0,1.0,Carte
T100201,2025-10-25,Dakar,BTQ-DAK-04,Javel 1L,Hygiène,580.0,2.0,Orange Money
T101786,13/06/2025,Diourbel,BTQ-DIO-04,Cahier 200p,Fournitures,500.0,2.0,Wave
T101852,2025-04-01,Diourbel,BTQ-DIO-05,Javel 1L,Hygiène,570.0,3.0,Orange Money
T103396,2025-11-15,Kaolack,BTQ-KAO-02,Sucre 1kg,Alimentaire,770.0,4.0,Espèces
T104513,2025-02-12,Dakar,BTQ-DAK-04,Savon (lot de 4),Hygiène,1050.0,1.0,Orange Money
T100916,05-08-2025,Dakar,BTQ-DAK-01,Huile 5L,Alimentaire,6500.0,3.0,Espèces
T104719,2025-08-01,Kaolack,BTQ-KAO-03,Savon (lot de 4),Hygiène,950.0,4.0,Orange Money
T101159,2025-09-16,Ziguinchor,BTQ-ZIG-05,Lait en poudre 400g,Alimentaire,2470.0,1.0,
T102656,2025-08-26, Tambacounda ,BTQ-TAM-02,Pain,Alimentaire,160.0,2.0,Espèces
T104857,2025-01-12,Dakar,BTQ-DAK-03,Stylo (lot de 10),Fournitures,1460.0,3.0,Espèces
T101051,04-09-2025,Diourbel,BTQ-DIO-05,Cahier 200p,Fournitures,550 FCFA,2.0,Orange Money
T104534,2025-12-23,Saint-Louis,BTQ-SAI-02,Lait en poudre 400g,Alimentaire,2250.0,3.0,Espèces
T102690,2025-10-16,St-Louis,BTQ-SAI-01,Huile 5L,Alimentaire,6570.0,3.0,Espèces
T100028,2025-02-13,Dakar,BTQ-DAK-01,Cahier 200p,Fournitures,490.0,3.0,Espèces
T101989,2025-02-21,Diourbel,BTQ-DIO-04,Huile 5L,Alimentaire,6810.0,3.0,Wave
T101459,2025-07-12,Thiès,BTQ-THI-02,Café Touba 250g,Alimentaire,1220.0,6.0,Espèces
T102125,2025-09-13,Dakar,BTQ-DAK-01,Riz brisé 25kg,Alimentaire,12770.0,3.0,Orange Money
T104400,2025-09-16,Saint-Louis,BTQ-SAI-04,Café Touba 250g,Alimentaire,1 090 FCFA,2.0,Orange Money
T100794,2025-05-22,St-Louis,BTQ-SAI-04,Recharge Woyofal,Services,4690.0,3.0,Espèces
T102305,13-09-2025,Diourbel,BTQ-DIO-05,Café Touba 250g,Alimentaire,1230.0,2.0,Orange Money
